"Program","Year","Schedule","Period","Salary-Range","Salary-N"
"ABS",2013,"FT",6,"0-10",43
"ABS",2013,"FT",6,"10-20",163
"ABS",2013,"FT",6,"20-30",211
"ABS",2013,"FT",6,"30-40",137
"ABS",2013,"FT",6,"40-50",78
"ABS",2013,"FT",6,"50-60",50
"ABS",2013,"FT",6,"60-70",24
"ABS",2013,"FT",6,"70-80",13
"ALA",2013,"FT",6,"10-20",10
"ALA",2013,"FT",6,"20-30",18
"ALA",2013,"FT",6,"30-40",20
"ALA",2013,"FT",6,"40-50",30
"BCO",2013,"FT",6,"0-10",29
"BCO",2013,"FT",6,"10-20",118
"BCO",2013,"FT",6,"20-30",342
"BCO",2013,"FT",6,"30-40",746
"BCO",2013,"FT",6,"40-50",842
"BCO",2013,"FT",6,"50-60",509
"BCO",2013,"FT",6,"60-70",233
"BCO",2013,"FT",6,"70-80",104
"BCO",2013,"FT",6,"80-90",42
"BCO",2013,"FT",6,"90-100",24
"BCO",2013,"FT",6,">100",67
"CSC",2013,"FT",6,"10-20",12
"CSC",2013,"FT",6,"20-30",15
"CSC",2013,"FT",6,"30-40",40
"CSC",2013,"FT",6,"40-50",70
"CSC",2013,"FT",6,"50-60",94
"CSC",2013,"FT",6,"60-70",69
"CSC",2013,"FT",6,"70-80",27
"CSC",2013,"FT",6,"80-90",10
"CSC",2013,"FT",6,">100",30
"DEN",2013,"FT",6,">100",21
"EDU",2013,"FT",6,"0-10",60
"EDU",2013,"FT",6,"10-20",205
"EDU",2013,"FT",6,"20-30",426
"EDU",2013,"FT",6,"30-40",433
"EDU",2013,"FT",6,"40-50",391
"EDU",2013,"FT",6,"50-60",246
"EDU",2013,"FT",6,"60-70",49
"EDU",2013,"FT",6,"70-80",35
"EDU",2013,"FT",6,"80-90",22
"EDU",2013,"FT",6,"90-100",10
"EDU",2013,"FT",6,">100",10
"ENG",2013,"FT",6,"0-10",17
"ENG",2013,"FT",6,"10-20",38
"ENG",2013,"FT",6,"20-30",73
"ENG",2013,"FT",6,"30-40",107
"ENG",2013,"FT",6,"40-50",237
"ENG",2013,"FT",6,"50-60",484
"ENG",2013,"FT",6,"60-70",290
"ENG",2013,"FT",6,"70-80",134
"ENG",2013,"FT",6,"80-90",59
"ENG",2013,"FT",6,"90-100",39
"ENG",2013,"FT",6,">100",92
"FAA",2013,"FT",6,"0-10",52
"FAA",2013,"FT",6,"10-20",136
"FAA",2013,"FT",6,"20-30",172
"FAA",2013,"FT",6,"30-40",149
"FAA",2013,"FT",6,"40-50",75
"FAA",2013,"FT",6,"50-60",26
"FSN",2013,"FT",6,"10-20",39
"FSN",2013,"FT",6,"20-30",42
"FSN",2013,"FT",6,"30-40",40
"FSN",2013,"FT",6,"40-50",19
"FSN",2013,"FT",6,"50-60",11
"HPR",2013,"FT",6,"0-10",12
"HPR",2013,"FT",6,"10-20",38
"HPR",2013,"FT",6,"20-30",67
"HPR",2013,"FT",6,"30-40",58
"HPR",2013,"FT",6,"40-50",43
"HPR",2013,"FT",6,"50-60",35
"HPR",2013,"FT",6,"60-70",38
"HPR",2013,"FT",6,"70-80",27
"HPR",2013,"FT",6,"80-90",12
"HUM",2013,"FT",6,"0-10",104
"HUM",2013,"FT",6,"10-20",305
"HUM",2013,"FT",6,"20-30",425
"HUM",2013,"FT",6,"30-40",385
"HUM",2013,"FT",6,"40-50",251
"HUM",2013,"FT",6,"50-60",133
"HUM",2013,"FT",6,"60-70",32
"HUM",2013,"FT",6,"70-80",10
"JOU",2013,"FT",6,"10-20",15
"JOU",2013,"FT",6,"20-30",22
"JOU",2013,"FT",6,"30-40",15
"JOU",2013,"FT",6,"40-50",12
"KRP",2013,"FT",6,"0-10",32
"KRP",2013,"FT",6,"10-20",104
"KRP",2013,"FT",6,"20-30",151
"KRP",2013,"FT",6,"30-40",123
"KRP",2013,"FT",6,"40-50",63
"KRP",2013,"FT",6,"50-60",47
"LAW",2013,"FT",6,"10-20",15
"LAW",2013,"FT",6,"20-30",30
"LAW",2013,"FT",6,"30-40",59
"LAW",2013,"FT",6,"40-50",108
"LAW",2013,"FT",6,"50-60",79
"LAW",2013,"FT",6,"60-70",106
"LAW",2013,"FT",6,"70-80",90
"LAW",2013,"FT",6,"80-90",28
"LAW",2013,"FT",6,"90-100",23
"LAW",2013,"FT",6,">100",25
"MAT",2013,"FT",6,"10-20",10
"MAT",2013,"FT",6,"20-30",30
"MAT",2013,"FT",6,"30-40",49
"MAT",2013,"FT",6,"40-50",57
"MAT",2013,"FT",6,"50-60",49
"MAT",2013,"FT",6,"60-70",39
"MAT",2013,"FT",6,"70-80",12
"MED",2013,"FT",6,"40-50",27
"MED",2013,"FT",6,"50-60",161
"MED",2013,"FT",6,"60-70",36
"NUR",2013,"FT",6,"10-20",23
"NUR",2013,"FT",6,"20-30",32
"NUR",2013,"FT",6,"30-40",118
"NUR",2013,"FT",6,"40-50",165
"NUR",2013,"FT",6,"50-60",317
"NUR",2013,"FT",6,"60-70",275
"NUR",2013,"FT",6,"70-80",100
"NUR",2013,"FT",6,"80-90",41
"NUR",2013,"FT",6,"90-100",22
"NUR",2013,"FT",6,">100",12
"OAS",2013,"FT",6,"0-10",27
"OAS",2013,"FT",6,"10-20",90
"OAS",2013,"FT",6,"20-30",128
"OAS",2013,"FT",6,"30-40",131
"OAS",2013,"FT",6,"40-50",95
"OAS",2013,"FT",6,"50-60",61
"OAS",2013,"FT",6,"60-70",34
"OAS",2013,"FT",6,"70-80",21
"OAS",2013,"FT",6,"80-90",10
"OAS",2013,"FT",6,">100",22
"PHA",2013,"FT",6,"30-40",11
"PHA",2013,"FT",6,"60-70",11
"PHA",2013,"FT",6,"70-80",26
"PHA",2013,"FT",6,"80-90",32
"PHA",2013,"FT",6,"90-100",22
"PHA",2013,"FT",6,">100",33
"PSC",2013,"FT",6,"10-20",23
"PSC",2013,"FT",6,"20-30",38
"PSC",2013,"FT",6,"30-40",33
"PSC",2013,"FT",6,"40-50",27
"PSC",2013,"FT",6,"50-60",14
"PSC",2013,"FT",6,"60-70",12
"SSC",2013,"FT",6,"0-10",135
"SSC",2013,"FT",6,"10-20",543
"SSC",2013,"FT",6,"20-30",1016
"SSC",2013,"FT",6,"30-40",921
"SSC",2013,"FT",6,"40-50",652
"SSC",2013,"FT",6,"50-60",376
"SSC",2013,"FT",6,"60-70",131
"SSC",2013,"FT",6,"70-80",51
"SSC",2013,"FT",6,"80-90",28
"SSC",2013,"FT",6,"90-100",26
"SSC",2013,"FT",6,">100",29
"VME",2013,"FT",6,"70-80",19
"ABS",2013,"FT",24,"0-10",21
"ABS",2013,"FT",24,"10-20",93
"ABS",2013,"FT",24,"20-30",164
"ABS",2013,"FT",24,"30-40",163
"ABS",2013,"FT",24,"40-50",171
"ABS",2013,"FT",24,"50-60",118
"ABS",2013,"FT",24,"60-70",50
"ABS",2013,"FT",24,"70-80",43
"ABS",2013,"FT",24,"80-90",15
"ABS",2013,"FT",24,">100",11
"ALA",2013,"FT",24,"30-40",21
"ALA",2013,"FT",24,"40-50",29
"ALA",2013,"FT",24,"50-60",11
"BCO",2013,"FT",24,"0-10",23
"BCO",2013,"FT",24,"10-20",54
"BCO",2013,"FT",24,"20-30",211
"BCO",2013,"FT",24,"30-40",524
"BCO",2013,"FT",24,"40-50",842
"BCO",2013,"FT",24,"50-60",777
"BCO",2013,"FT",24,"60-70",552
"BCO",2013,"FT",24,"70-80",259
"BCO",2013,"FT",24,"80-90",131
"BCO",2013,"FT",24,"90-100",49
"BCO",2013,"FT",24,">100",137
"CSC",2013,"FT",24,"10-20",10
"CSC",2013,"FT",24,"20-30",13
"CSC",2013,"FT",24,"30-40",23
"CSC",2013,"FT",24,"40-50",34
"CSC",2013,"FT",24,"50-60",88
"CSC",2013,"FT",24,"60-70",80
"CSC",2013,"FT",24,"70-80",69
"CSC",2013,"FT",24,"80-90",45
"CSC",2013,"FT",24,"90-100",13
"CSC",2013,"FT",24,">100",63
"DEN",2013,"FT",24,">100",33
"EDU",2013,"FT",24,"0-10",36
"EDU",2013,"FT",24,"10-20",129
"EDU",2013,"FT",24,"20-30",343
"EDU",2013,"FT",24,"30-40",446
"EDU",2013,"FT",24,"40-50",493
"EDU",2013,"FT",24,"50-60",564
"EDU",2013,"FT",24,"60-70",116
"EDU",2013,"FT",24,"70-80",49
"EDU",2013,"FT",24,"80-90",23
"EDU",2013,"FT",24,"90-100",21
"EDU",2013,"FT",24,">100",15
"ENG",2013,"FT",24,"0-10",14
"ENG",2013,"FT",24,"10-20",17
"ENG",2013,"FT",24,"20-30",56
"ENG",2013,"FT",24,"30-40",96
"ENG",2013,"FT",24,"40-50",195
"ENG",2013,"FT",24,"50-60",441
"ENG",2013,"FT",24,"60-70",464
"ENG",2013,"FT",24,"70-80",245
"ENG",2013,"FT",24,"80-90",123
"ENG",2013,"FT",24,"90-100",93
"ENG",2013,"FT",24,">100",165
"FAA",2013,"FT",24,"0-10",39
"FAA",2013,"FT",24,"10-20",112
"FAA",2013,"FT",24,"20-30",180
"FAA",2013,"FT",24,"30-40",197
"FAA",2013,"FT",24,"40-50",164
"FAA",2013,"FT",24,"50-60",89
"FAA",2013,"FT",24,"60-70",21
"FSN",2013,"FT",24,"0-10",10
"FSN",2013,"FT",24,"10-20",18
"FSN",2013,"FT",24,"20-30",39
"FSN",2013,"FT",24,"30-40",54
"FSN",2013,"FT",24,"40-50",50
"FSN",2013,"FT",24,"50-60",47
"FSN",2013,"FT",24,"60-70",33
"HPR",2013,"FT",24,"10-20",17
"HPR",2013,"FT",24,"20-30",42
"HPR",2013,"FT",24,"30-40",40
"HPR",2013,"FT",24,"40-50",67
"HPR",2013,"FT",24,"50-60",67
"HPR",2013,"FT",24,"60-70",74
"HPR",2013,"FT",24,"70-80",50
"HPR",2013,"FT",24,"80-90",25
"HPR",2013,"FT",24,"90-100",11
"HUM",2013,"FT",24,"0-10",64
"HUM",2013,"FT",24,"10-20",189
"HUM",2013,"FT",24,"20-30",419
"HUM",2013,"FT",24,"30-40",551
"HUM",2013,"FT",24,"40-50",479
"HUM",2013,"FT",24,"50-60",314
"HUM",2013,"FT",24,"60-70",105
"HUM",2013,"FT",24,"70-80",27
"HUM",2013,"FT",24,"80-90",17
"HUM",2013,"FT",24,">100",10
"JOU",2013,"FT",24,"20-30",15
"JOU",2013,"FT",24,"30-40",20
"JOU",2013,"FT",24,"40-50",21
"JOU",2013,"FT",24,"50-60",12
"KRP",2013,"FT",24,"0-10",20
"KRP",2013,"FT",24,"10-20",51
"KRP",2013,"FT",24,"20-30",124
"KRP",2013,"FT",24,"30-40",150
"KRP",2013,"FT",24,"40-50",114
"KRP",2013,"FT",24,"50-60",88
"KRP",2013,"FT",24,"60-70",49
"KRP",2013,"FT",24,"70-80",19
"LAW",2013,"FT",24,"20-30",12
"LAW",2013,"FT",24,"30-40",31
"LAW",2013,"FT",24,"40-50",41
"LAW",2013,"FT",24,"50-60",56
"LAW",2013,"FT",24,"60-70",82
"LAW",2013,"FT",24,"70-80",101
"LAW",2013,"FT",24,"80-90",81
"LAW",2013,"FT",24,"90-100",90
"LAW",2013,"FT",24,">100",70
"MAT",2013,"FT",24,"20-30",29
"MAT",2013,"FT",24,"30-40",55
"MAT",2013,"FT",24,"40-50",55
"MAT",2013,"FT",24,"50-60",75
"MAT",2013,"FT",24,"60-70",46
"MAT",2013,"FT",24,"70-80",31
"MAT",2013,"FT",24,"80-90",25
"MAT",2013,"FT",24,"90-100",15
"MAT",2013,"FT",24,">100",21
"MED",2013,"FT",24,"50-60",59
"MED",2013,"FT",24,"60-70",106
"MED",2013,"FT",24,"70-80",22
"MED",2013,"FT",24,">100",40
"NUR",2013,"FT",24,"0-10",10
"NUR",2013,"FT",24,"10-20",14
"NUR",2013,"FT",24,"20-30",20
"NUR",2013,"FT",24,"30-40",50
"NUR",2013,"FT",24,"40-50",131
"NUR",2013,"FT",24,"50-60",290
"NUR",2013,"FT",24,"60-70",417
"NUR",2013,"FT",24,"70-80",189
"NUR",2013,"FT",24,"80-90",93
"NUR",2013,"FT",24,"90-100",34
"NUR",2013,"FT",24,">100",12
"OPT",2013,"FT",24,">100",16
"OAS",2013,"FT",24,"0-10",13
"OAS",2013,"FT",24,"10-20",59
"OAS",2013,"FT",24,"20-30",118
"OAS",2013,"FT",24,"30-40",145
"OAS",2013,"FT",24,"40-50",149
"OAS",2013,"FT",24,"50-60",101
"OAS",2013,"FT",24,"60-70",59
"OAS",2013,"FT",24,"70-80",32
"OAS",2013,"FT",24,"90-100",16
"OAS",2013,"FT",24,">100",27
"PHA",2013,"FT",24,"70-80",24
"PHA",2013,"FT",24,"80-90",52
"PHA",2013,"FT",24,"90-100",33
"PHA",2013,"FT",24,">100",50
"PSC",2013,"FT",24,"10-20",10
"PSC",2013,"FT",24,"20-30",38
"PSC",2013,"FT",24,"30-40",42
"PSC",2013,"FT",24,"40-50",42
"PSC",2013,"FT",24,"50-60",30
"PSC",2013,"FT",24,"60-70",20
"SSC",2013,"FT",24,"0-10",104
"SSC",2013,"FT",24,"10-20",370
"SSC",2013,"FT",24,"20-30",786
"SSC",2013,"FT",24,"30-40",1098
"SSC",2013,"FT",24,"40-50",1096
"SSC",2013,"FT",24,"50-60",739
"SSC",2013,"FT",24,"60-70",372
"SSC",2013,"FT",24,"70-80",135
"SSC",2013,"FT",24,"80-90",56
"SSC",2013,"FT",24,"90-100",45
"SSC",2013,"FT",24,">100",61
"VME",2013,"FT",24,"70-80",19
"VME",2013,"FT",24,"80-90",10
"ABS",2013,"PT",6,"0-10",120
"ABS",2013,"PT",6,"10-20",124
"ABS",2013,"PT",6,"20-30",47
"ABS",2013,"PT",6,"30-40",12
"BCO",2013,"PT",6,"0-10",64
"BCO",2013,"PT",6,"10-20",124
"BCO",2013,"PT",6,"20-30",84
"BCO",2013,"PT",6,"30-40",21
"CSC",2013,"PT",6,"10-20",14
"EDU",2013,"PT",6,"0-10",174
"EDU",2013,"PT",6,"10-20",261
"EDU",2013,"PT",6,"20-30",171
"EDU",2013,"PT",6,"30-40",56
"EDU",2013,"PT",6,"40-50",13
"ENG",2013,"PT",6,"0-10",26
"ENG",2013,"PT",6,"10-20",38
"ENG",2013,"PT",6,"20-30",27
"FAA",2013,"PT",6,"0-10",141
"FAA",2013,"PT",6,"10-20",138
"FAA",2013,"PT",6,"20-30",42
"FSN",2013,"PT",6,"0-10",26
"FSN",2013,"PT",6,"10-20",39
"FSN",2013,"PT",6,"20-30",18
"FSN",2013,"PT",6,"30-40",11
"HPR",2013,"PT",6,"0-10",46
"HPR",2013,"PT",6,"10-20",42
"HPR",2013,"PT",6,"20-30",30
"HPR",2013,"PT",6,"30-40",10
"HUM",2013,"PT",6,"0-10",311
"HUM",2013,"PT",6,"10-20",307
"HUM",2013,"PT",6,"20-30",113
"HUM",2013,"PT",6,"30-40",21
"HUM",2013,"PT",6,"40-50",14
"JOU",2013,"PT",6,"10-20",10
"KRP",2013,"PT",6,"0-10",81
"KRP",2013,"PT",6,"10-20",89
"KRP",2013,"PT",6,"20-30",38
"KRP",2013,"PT",6,"30-40",15
"LAW",2013,"PT",6,"10-20",11
"MAT",2013,"PT",6,"0-10",21
"MAT",2013,"PT",6,"10-20",24
"MAT",2013,"PT",6,"20-30",11
"NUR",2013,"PT",6,"0-10",25
"NUR",2013,"PT",6,"10-20",18
"NUR",2013,"PT",6,"20-30",29
"NUR",2013,"PT",6,"30-40",35
"NUR",2013,"PT",6,"40-50",30
"NUR",2013,"PT",6,"50-60",25
"OAS",2013,"PT",6,"0-10",63
"OAS",2013,"PT",6,"10-20",66
"OAS",2013,"PT",6,"20-30",32
"PSC",2013,"PT",6,"0-10",16
"PSC",2013,"PT",6,"10-20",17
"PSC",2013,"PT",6,"20-30",12
"SSC",2013,"PT",6,"0-10",442
"SSC",2013,"PT",6,"10-20",658
"SSC",2013,"PT",6,"20-30",262
"SSC",2013,"PT",6,"30-40",85
"SSC",2013,"PT",6,"40-50",21
"ABS",2013,"PT",24,"0-10",142
"ABS",2013,"PT",24,"10-20",104
"ABS",2013,"PT",24,"20-30",42
"ABS",2013,"PT",24,"30-40",21
"BCO",2013,"PT",24,"0-10",43
"BCO",2013,"PT",24,"10-20",56
"BCO",2013,"PT",24,"20-30",32
"BCO",2013,"PT",24,"30-40",16
"EDU",2013,"PT",24,"0-10",136
"EDU",2013,"PT",24,"10-20",211
"EDU",2013,"PT",24,"20-30",205
"EDU",2013,"PT",24,"30-40",78
"EDU",2013,"PT",24,"40-50",23
"EDU",2013,"PT",24,"50-60",10
"ENG",2013,"PT",24,"0-10",22
"ENG",2013,"PT",24,"10-20",28
"ENG",2013,"PT",24,"20-30",18
"FAA",2013,"PT",24,"0-10",113
"FAA",2013,"PT",24,"10-20",110
"FAA",2013,"PT",24,"20-30",35
"FSN",2013,"PT",24,"0-10",28
"FSN",2013,"PT",24,"10-20",18
"FSN",2013,"PT",24,"20-30",16
"FSN",2013,"PT",24,"30-40",10
"HPR",2013,"PT",24,"0-10",42
"HPR",2013,"PT",24,"10-20",45
"HPR",2013,"PT",24,"20-30",19
"HPR",2013,"PT",24,"30-40",12
"HUM",2013,"PT",24,"0-10",243
"HUM",2013,"PT",24,"10-20",238
"HUM",2013,"PT",24,"20-30",121
"HUM",2013,"PT",24,"30-40",32
"HUM",2013,"PT",24,"40-50",12
"JOU",2013,"PT",24,"10-20",10
"KRP",2013,"PT",24,"0-10",94
"KRP",2013,"PT",24,"10-20",72
"KRP",2013,"PT",24,"20-30",34
"KRP",2013,"PT",24,"30-40",17
"LAW",2013,"PT",24,"10-20",12
"MAT",2013,"PT",24,"0-10",11
"MAT",2013,"PT",24,"10-20",20
"NUR",2013,"PT",24,"0-10",21
"NUR",2013,"PT",24,"10-20",25
"NUR",2013,"PT",24,"20-30",25
"NUR",2013,"PT",24,"30-40",38
"NUR",2013,"PT",24,"40-50",34
"NUR",2013,"PT",24,"50-60",30
"OAS",2013,"PT",24,"0-10",50
"OAS",2013,"PT",24,"10-20",50
"OAS",2013,"PT",24,"20-30",38
"PSC",2013,"PT",24,"0-10",16
"PSC",2013,"PT",24,"10-20",15
"PSC",2013,"PT",24,"20-30",10
"SSC",2013,"PT",24,"0-10",425
"SSC",2013,"PT",24,"10-20",517
"SSC",2013,"PT",24,"20-30",266
"SSC",2013,"PT",24,"30-40",82
"SSC",2013,"PT",24,"40-50",36
"SSC",2013,"PT",24,"50-60",19
"ABS",2012,"FT",6,"0-10",40
"ABS",2012,"FT",6,"10-20",117
"ABS",2012,"FT",6,"20-30",207
"ABS",2012,"FT",6,"30-40",109
"ABS",2012,"FT",6,"40-50",80
"ABS",2012,"FT",6,"50-60",49
"ABS",2012,"FT",6,"60-70",10
"ABS",2012,"FT",6,"70-80",11
"ALA",2012,"FT",6,"10-20",10
"ALA",2012,"FT",6,"30-40",20
"ALA",2012,"FT",6,"40-50",25
"BCO",2012,"FT",6,"0-10",27
"BCO",2012,"FT",6,"10-20",82
"BCO",2012,"FT",6,"20-30",277
"BCO",2012,"FT",6,"30-40",605
"BCO",2012,"FT",6,"40-50",706
"BCO",2012,"FT",6,"50-60",425
"BCO",2012,"FT",6,"60-70",170
"BCO",2012,"FT",6,"70-80",88
"BCO",2012,"FT",6,"80-90",34
"BCO",2012,"FT",6,"90-100",20
"BCO",2012,"FT",6,">100",60
"CSC",2012,"FT",6,"10-20",12
"CSC",2012,"FT",6,"20-30",10
"CSC",2012,"FT",6,"30-40",39
"CSC",2012,"FT",6,"40-50",46
"CSC",2012,"FT",6,"50-60",71
"CSC",2012,"FT",6,"60-70",58
"CSC",2012,"FT",6,"70-80",23
"CSC",2012,"FT",6,"80-90",14
"CSC",2012,"FT",6,">100",19
"DEN",2012,"FT",6,">100",24
"EDU",2012,"FT",6,"0-10",31
"EDU",2012,"FT",6,"10-20",188
"EDU",2012,"FT",6,"20-30",393
"EDU",2012,"FT",6,"30-40",364
"EDU",2012,"FT",6,"40-50",374
"EDU",2012,"FT",6,"50-60",261
"EDU",2012,"FT",6,"60-70",75
"EDU",2012,"FT",6,"70-80",18
"EDU",2012,"FT",6,"80-90",10
"EDU",2012,"FT",6,"90-100",12
"ENG",2012,"FT",6,"0-10",11
"ENG",2012,"FT",6,"10-20",33
"ENG",2012,"FT",6,"20-30",64
"ENG",2012,"FT",6,"30-40",77
"ENG",2012,"FT",6,"40-50",252
"ENG",2012,"FT",6,"50-60",405
"ENG",2012,"FT",6,"60-70",280
"ENG",2012,"FT",6,"70-80",127
"ENG",2012,"FT",6,"80-90",51
"ENG",2012,"FT",6,"90-100",43
"ENG",2012,"FT",6,">100",80
"FAA",2012,"FT",6,"0-10",40
"FAA",2012,"FT",6,"10-20",128
"FAA",2012,"FT",6,"20-30",142
"FAA",2012,"FT",6,"30-40",113
"FAA",2012,"FT",6,"40-50",51
"FAA",2012,"FT",6,"50-60",26
"FAA",2012,"FT",6,"60-70",10
"FSN",2012,"FT",6,"0-10",11
"FSN",2012,"FT",6,"10-20",19
"FSN",2012,"FT",6,"20-30",59
"FSN",2012,"FT",6,"30-40",30
"FSN",2012,"FT",6,"40-50",14
"FSN",2012,"FT",6,"50-60",19
"HPR",2012,"FT",6,"0-10",14
"HPR",2012,"FT",6,"10-20",29
"HPR",2012,"FT",6,"20-30",57
"HPR",2012,"FT",6,"30-40",48
"HPR",2012,"FT",6,"40-50",32
"HPR",2012,"FT",6,"50-60",39
"HPR",2012,"FT",6,"60-70",38
"HPR",2012,"FT",6,"70-80",18
"HPR",2012,"FT",6,"80-90",11
"HUM",2012,"FT",6,"0-10",76
"HUM",2012,"FT",6,"10-20",273
"HUM",2012,"FT",6,"20-30",394
"HUM",2012,"FT",6,"30-40",316
"HUM",2012,"FT",6,"40-50",205
"HUM",2012,"FT",6,"50-60",122
"HUM",2012,"FT",6,"60-70",36
"HUM",2012,"FT",6,"70-80",11
"JOU",2012,"FT",6,"10-20",10
"JOU",2012,"FT",6,"20-30",20
"JOU",2012,"FT",6,"30-40",19
"KRP",2012,"FT",6,"0-10",24
"KRP",2012,"FT",6,"10-20",95
"KRP",2012,"FT",6,"20-30",109
"KRP",2012,"FT",6,"30-40",102
"KRP",2012,"FT",6,"40-50",40
"KRP",2012,"FT",6,"50-60",33
"LAW",2012,"FT",6,"20-30",25
"LAW",2012,"FT",6,"30-40",46
"LAW",2012,"FT",6,"40-50",92
"LAW",2012,"FT",6,"50-60",66
"LAW",2012,"FT",6,"60-70",84
"LAW",2012,"FT",6,"70-80",81
"LAW",2012,"FT",6,"80-90",22
"LAW",2012,"FT",6,"90-100",23
"LAW",2012,"FT",6,">100",24
"MAT",2012,"FT",6,"10-20",13
"MAT",2012,"FT",6,"20-30",28
"MAT",2012,"FT",6,"30-40",29
"MAT",2012,"FT",6,"40-50",39
"MAT",2012,"FT",6,"50-60",42
"MAT",2012,"FT",6,"60-70",31
"MAT",2012,"FT",6,"70-80",14
"MED",2012,"FT",6,"40-50",24
"MED",2012,"FT",6,"50-60",110
"MED",2012,"FT",6,"60-70",33
"NUR",2012,"FT",6,"20-30",29
"NUR",2012,"FT",6,"30-40",81
"NUR",2012,"FT",6,"40-50",141
"NUR",2012,"FT",6,"50-60",330
"NUR",2012,"FT",6,"60-70",229
"NUR",2012,"FT",6,"70-80",47
"NUR",2012,"FT",6,"80-90",40
"NUR",2012,"FT",6,"90-100",26
"NUR",2012,"FT",6,">100",10
"OAS",2012,"FT",6,"0-10",27
"OAS",2012,"FT",6,"10-20",77
"OAS",2012,"FT",6,"20-30",125
"OAS",2012,"FT",6,"30-40",100
"OAS",2012,"FT",6,"40-50",74
"OAS",2012,"FT",6,"50-60",50
"OAS",2012,"FT",6,"60-70",26
"OAS",2012,"FT",6,"80-90",12
"OAS",2012,"FT",6,"90-100",10
"OAS",2012,"FT",6,">100",25
"PHA",2012,"FT",6,"70-80",22
"PHA",2012,"FT",6,"80-90",31
"PHA",2012,"FT",6,"90-100",29
"PHA",2012,"FT",6,">100",27
"PSC",2012,"FT",6,"10-20",13
"PSC",2012,"FT",6,"20-30",42
"PSC",2012,"FT",6,"30-40",27
"PSC",2012,"FT",6,"40-50",21
"PSC",2012,"FT",6,"50-60",19
"SSC",2012,"FT",6,"0-10",127
"SSC",2012,"FT",6,"10-20",447
"SSC",2012,"FT",6,"20-30",814
"SSC",2012,"FT",6,"30-40",775
"SSC",2012,"FT",6,"40-50",511
"SSC",2012,"FT",6,"50-60",322
"SSC",2012,"FT",6,"60-70",117
"SSC",2012,"FT",6,"70-80",58
"SSC",2012,"FT",6,"80-90",23
"SSC",2012,"FT",6,"90-100",21
"SSC",2012,"FT",6,">100",33
"THE",2012,"FT",6,"30-40",12
"VME",2012,"FT",6,"60-70",16
"VME",2012,"FT",6,"70-80",10
"ABS",2012,"FT",24,"0-10",25
"ABS",2012,"FT",24,"10-20",74
"ABS",2012,"FT",24,"20-30",149
"ABS",2012,"FT",24,"30-40",165
"ABS",2012,"FT",24,"40-50",130
"ABS",2012,"FT",24,"50-60",99
"ABS",2012,"FT",24,"60-70",54
"ABS",2012,"FT",24,"70-80",22
"ALA",2012,"FT",24,"30-40",22
"ALA",2012,"FT",24,"40-50",20
"ALA",2012,"FT",24,"50-60",16
"BCO",2012,"FT",24,"0-10",19
"BCO",2012,"FT",24,"10-20",55
"BCO",2012,"FT",24,"20-30",141
"BCO",2012,"FT",24,"30-40",499
"BCO",2012,"FT",24,"40-50",666
"BCO",2012,"FT",24,"50-60",601
"BCO",2012,"FT",24,"60-70",429
"BCO",2012,"FT",24,"70-80",203
"BCO",2012,"FT",24,"80-90",112
"BCO",2012,"FT",24,"90-100",48
"BCO",2012,"FT",24,">100",109
"CSC",2012,"FT",24,"30-40",22
"CSC",2012,"FT",24,"40-50",33
"CSC",2012,"FT",24,"50-60",67
"CSC",2012,"FT",24,"60-70",76
"CSC",2012,"FT",24,"70-80",40
"CSC",2012,"FT",24,"80-90",30
"CSC",2012,"FT",24,"90-100",14
"CSC",2012,"FT",24,">100",48
"DEN",2012,"FT",24,">100",25
"EDU",2012,"FT",24,"0-10",25
"EDU",2012,"FT",24,"10-20",107
"EDU",2012,"FT",24,"20-30",343
"EDU",2012,"FT",24,"30-40",425
"EDU",2012,"FT",24,"40-50",459
"EDU",2012,"FT",24,"50-60",553
"EDU",2012,"FT",24,"60-70",158
"EDU",2012,"FT",24,"70-80",57
"EDU",2012,"FT",24,"80-90",26
"EDU",2012,"FT",24,"90-100",14
"ENG",2012,"FT",24,"0-10",10
"ENG",2012,"FT",24,"10-20",30
"ENG",2012,"FT",24,"20-30",51
"ENG",2012,"FT",24,"30-40",50
"ENG",2012,"FT",24,"40-50",167
"ENG",2012,"FT",24,"50-60",358
"ENG",2012,"FT",24,"60-70",373
"ENG",2012,"FT",24,"70-80",252
"ENG",2012,"FT",24,"80-90",112
"ENG",2012,"FT",24,"90-100",73
"ENG",2012,"FT",24,">100",151
"FAA",2012,"FT",24,"0-10",23
"FAA",2012,"FT",24,"10-20",92
"FAA",2012,"FT",24,"20-30",158
"FAA",2012,"FT",24,"30-40",148
"FAA",2012,"FT",24,"40-50",143
"FAA",2012,"FT",24,"50-60",48
"FAA",2012,"FT",24,"60-70",28
"FSN",2012,"FT",24,"10-20",21
"FSN",2012,"FT",24,"20-30",43
"FSN",2012,"FT",24,"30-40",49
"FSN",2012,"FT",24,"40-50",35
"FSN",2012,"FT",24,"50-60",33
"FSN",2012,"FT",24,"60-70",25
"HPR",2012,"FT",24,"10-20",15
"HPR",2012,"FT",24,"20-30",47
"HPR",2012,"FT",24,"30-40",56
"HPR",2012,"FT",24,"40-50",42
"HPR",2012,"FT",24,"50-60",60
"HPR",2012,"FT",24,"60-70",62
"HPR",2012,"FT",24,"70-80",26
"HPR",2012,"FT",24,"80-90",17
"HUM",2012,"FT",24,"0-10",48
"HUM",2012,"FT",24,"10-20",189
"HUM",2012,"FT",24,"20-30",346
"HUM",2012,"FT",24,"30-40",458
"HUM",2012,"FT",24,"40-50",386
"HUM",2012,"FT",24,"50-60",268
"HUM",2012,"FT",24,"60-70",80
"HUM",2012,"FT",24,"70-80",36
"HUM",2012,"FT",24,"80-90",13
"HUM",2012,"FT",24,">100",15
"JOU",2012,"FT",24,"20-30",10
"JOU",2012,"FT",24,"30-40",24
"JOU",2012,"FT",24,"40-50",24
"KRP",2012,"FT",24,"10-20",46
"KRP",2012,"FT",24,"20-30",94
"KRP",2012,"FT",24,"30-40",117
"KRP",2012,"FT",24,"40-50",84
"KRP",2012,"FT",24,"50-60",57
"KRP",2012,"FT",24,"60-70",38
"KRP",2012,"FT",24,"70-80",13
"LAW",2012,"FT",24,"20-30",19
"LAW",2012,"FT",24,"30-40",29
"LAW",2012,"FT",24,"40-50",36
"LAW",2012,"FT",24,"50-60",39
"LAW",2012,"FT",24,"60-70",59
"LAW",2012,"FT",24,"70-80",77
"LAW",2012,"FT",24,"80-90",50
"LAW",2012,"FT",24,"90-100",90
"LAW",2012,"FT",24,">100",69
"MAT",2012,"FT",24,"10-20",14
"MAT",2012,"FT",24,"20-30",23
"MAT",2012,"FT",24,"30-40",32
"MAT",2012,"FT",24,"40-50",39
"MAT",2012,"FT",24,"50-60",46
"MAT",2012,"FT",24,"60-70",36
"MAT",2012,"FT",24,"70-80",37
"MAT",2012,"FT",24,"80-90",13
"MAT",2012,"FT",24,"90-100",12
"MAT",2012,"FT",24,">100",20
"MED",2012,"FT",24,"50-60",53
"MED",2012,"FT",24,"60-70",75
"MED",2012,"FT",24,">100",40
"NUR",2012,"FT",24,"20-30",11
"NUR",2012,"FT",24,"30-40",40
"NUR",2012,"FT",24,"40-50",102
"NUR",2012,"FT",24,"50-60",295
"NUR",2012,"FT",24,"60-70",352
"NUR",2012,"FT",24,"70-80",107
"NUR",2012,"FT",24,"80-90",51
"NUR",2012,"FT",24,"90-100",35
"NUR",2012,"FT",24,">100",19
"OPT",2012,"FT",24,">100",12
"OAS",2012,"FT",24,"0-10",19
"OAS",2012,"FT",24,"10-20",38
"OAS",2012,"FT",24,"20-30",98
"OAS",2012,"FT",24,"30-40",126
"OAS",2012,"FT",24,"40-50",123
"OAS",2012,"FT",24,"50-60",107
"OAS",2012,"FT",24,"60-70",46
"OAS",2012,"FT",24,"70-80",23
"OAS",2012,"FT",24,"80-90",17
"OAS",2012,"FT",24,"90-100",15
"OAS",2012,"FT",24,">100",31
"PHA",2012,"FT",24,"70-80",19
"PHA",2012,"FT",24,"80-90",37
"PHA",2012,"FT",24,"90-100",34
"PHA",2012,"FT",24,">100",40
"PSC",2012,"FT",24,"10-20",13
"PSC",2012,"FT",24,"20-30",37
"PSC",2012,"FT",24,"30-40",32
"PSC",2012,"FT",24,"40-50",32
"PSC",2012,"FT",24,"50-60",35
"PSC",2012,"FT",24,"60-70",14
"PSC",2012,"FT",24,"70-80",11
"SSC",2012,"FT",24,"0-10",99
"SSC",2012,"FT",24,"10-20",346
"SSC",2012,"FT",24,"20-30",631
"SSC",2012,"FT",24,"30-40",908
"SSC",2012,"FT",24,"40-50",879
"SSC",2012,"FT",24,"50-60",634
"SSC",2012,"FT",24,"60-70",319
"SSC",2012,"FT",24,"70-80",143
"SSC",2012,"FT",24,"80-90",58
"SSC",2012,"FT",24,"90-100",33
"SSC",2012,"FT",24,">100",53
"THE",2012,"FT",24,"30-40",11
"THE",2012,"FT",24,"40-50",11
"VME",2012,"FT",24,"60-70",10
"ABS",2012,"PT",6,"0-10",108
"ABS",2012,"PT",6,"10-20",111
"ABS",2012,"PT",6,"20-30",38
"BCO",2012,"PT",6,"0-10",48
"BCO",2012,"PT",6,"10-20",90
"BCO",2012,"PT",6,"20-30",39
"BCO",2012,"PT",6,"30-40",17
"EDU",2012,"PT",6,"0-10",177
"EDU",2012,"PT",6,"10-20",243
"EDU",2012,"PT",6,"20-30",144
"EDU",2012,"PT",6,"30-40",38
"EDU",2012,"PT",6,"40-50",15
"ENG",2012,"PT",6,"0-10",25
"ENG",2012,"PT",6,"10-20",30
"ENG",2012,"PT",6,"20-30",12
"FAA",2012,"PT",6,"0-10",97
"FAA",2012,"PT",6,"10-20",102
"FAA",2012,"PT",6,"20-30",28
"FSN",2012,"PT",6,"0-10",22
"FSN",2012,"PT",6,"10-20",34
"HPR",2012,"PT",6,"0-10",34
"HPR",2012,"PT",6,"10-20",35
"HUM",2012,"PT",6,"0-10",244
"HUM",2012,"PT",6,"10-20",258
"HUM",2012,"PT",6,"20-30",84
"HUM",2012,"PT",6,"30-40",20
"KRP",2012,"PT",6,"0-10",71
"KRP",2012,"PT",6,"10-20",69
"KRP",2012,"PT",6,"20-30",18
"LAW",2012,"PT",6,"10-20",10
"MAT",2012,"PT",6,"0-10",14
"MAT",2012,"PT",6,"10-20",27
"MAT",2012,"PT",6,"20-30",10
"NUR",2012,"PT",6,"0-10",14
"NUR",2012,"PT",6,"10-20",16
"NUR",2012,"PT",6,"20-30",21
"NUR",2012,"PT",6,"30-40",29
"NUR",2012,"PT",6,"40-50",22
"NUR",2012,"PT",6,"50-60",19
"OAS",2012,"PT",6,"0-10",51
"OAS",2012,"PT",6,"10-20",70
"OAS",2012,"PT",6,"20-30",34
"PSC",2012,"PT",6,"10-20",32
"SSC",2012,"PT",6,"0-10",384
"SSC",2012,"PT",6,"10-20",563
"SSC",2012,"PT",6,"20-30",209
"SSC",2012,"PT",6,"30-40",46
"SSC",2012,"PT",6,"40-50",20
"ABS",2012,"PT",24,"0-10",118
"ABS",2012,"PT",24,"10-20",85
"ABS",2012,"PT",24,"20-30",38
"BCO",2012,"PT",24,"0-10",34
"BCO",2012,"PT",24,"10-20",33
"BCO",2012,"PT",24,"20-30",25
"BCO",2012,"PT",24,"30-40",14
"EDU",2012,"PT",24,"0-10",107
"EDU",2012,"PT",24,"10-20",162
"EDU",2012,"PT",24,"20-30",136
"EDU",2012,"PT",24,"30-40",60
"EDU",2012,"PT",24,"40-50",14
"ENG",2012,"PT",24,"0-10",16
"ENG",2012,"PT",24,"10-20",18
"ENG",2012,"PT",24,"20-30",15
"FAA",2012,"PT",24,"0-10",101
"FAA",2012,"PT",24,"10-20",103
"FAA",2012,"PT",24,"20-30",32
"FSN",2012,"PT",24,"0-10",20
"FSN",2012,"PT",24,"10-20",25
"HPR",2012,"PT",24,"0-10",39
"HPR",2012,"PT",24,"10-20",29
"HUM",2012,"PT",24,"0-10",211
"HUM",2012,"PT",24,"10-20",216
"HUM",2012,"PT",24,"20-30",106
"HUM",2012,"PT",24,"30-40",26
"KRP",2012,"PT",24,"0-10",70
"KRP",2012,"PT",24,"10-20",50
"KRP",2012,"PT",24,"20-30",25
"LAW",2012,"PT",24,"0-10",12
"MAT",2012,"PT",24,"0-10",14
"MAT",2012,"PT",24,"10-20",18
"MAT",2012,"PT",24,"20-30",10
"NUR",2012,"PT",24,"10-20",18
"NUR",2012,"PT",24,"20-30",26
"NUR",2012,"PT",24,"30-40",29
"NUR",2012,"PT",24,"40-50",20
"NUR",2012,"PT",24,"50-60",24
"OAS",2012,"PT",24,"0-10",60
"OAS",2012,"PT",24,"10-20",52
"OAS",2012,"PT",24,"20-30",35
"PSC",2012,"PT",24,"0-10",16
"PSC",2012,"PT",24,"10-20",29
"SSC",2012,"PT",24,"0-10",322
"SSC",2012,"PT",24,"10-20",378
"SSC",2012,"PT",24,"20-30",188
"SSC",2012,"PT",24,"30-40",59
"SSC",2012,"PT",24,"40-50",16
"SSC",2012,"PT",24,"50-60",10
"ABS",2011,"FT",6,"0-10",26
"ABS",2011,"FT",6,"10-20",116
"ABS",2011,"FT",6,"20-30",155
"ABS",2011,"FT",6,"30-40",89
"ABS",2011,"FT",6,"40-50",78
"ABS",2011,"FT",6,"50-60",35
"ABS",2011,"FT",6,"60-70",17
"ABS",2011,"FT",6,"70-80",12
"ALA",2011,"FT",6,"30-40",19
"ALA",2011,"FT",6,"40-50",17
"BCO",2011,"FT",6,"0-10",24
"BCO",2011,"FT",6,"10-20",71
"BCO",2011,"FT",6,"20-30",252
"BCO",2011,"FT",6,"30-40",539
"BCO",2011,"FT",6,"40-50",673
"BCO",2011,"FT",6,"50-60",358
"BCO",2011,"FT",6,"60-70",155
"BCO",2011,"FT",6,"70-80",73
"BCO",2011,"FT",6,"80-90",43
"BCO",2011,"FT",6,"90-100",23
"BCO",2011,"FT",6,">100",60
"CSC",2011,"FT",6,"20-30",20
"CSC",2011,"FT",6,"30-40",24
"CSC",2011,"FT",6,"40-50",62
"CSC",2011,"FT",6,"50-60",62
"CSC",2011,"FT",6,"60-70",40
"CSC",2011,"FT",6,"70-80",18
"CSC",2011,"FT",6,"80-90",13
"CSC",2011,"FT",6,"90-100",12
"CSC",2011,"FT",6,">100",19
"DEN",2011,"FT",6,">100",16
"EDU",2011,"FT",6,"0-10",31
"EDU",2011,"FT",6,"10-20",178
"EDU",2011,"FT",6,"20-30",324
"EDU",2011,"FT",6,"30-40",333
"EDU",2011,"FT",6,"40-50",375
"EDU",2011,"FT",6,"50-60",255
"EDU",2011,"FT",6,"60-70",69
"EDU",2011,"FT",6,"70-80",17
"EDU",2011,"FT",6,"80-90",17
"EDU",2011,"FT",6,">100",15
"ENG",2011,"FT",6,"0-10",15
"ENG",2011,"FT",6,"10-20",37
"ENG",2011,"FT",6,"20-30",68
"ENG",2011,"FT",6,"30-40",90
"ENG",2011,"FT",6,"40-50",224
"ENG",2011,"FT",6,"50-60",399
"ENG",2011,"FT",6,"60-70",187
"ENG",2011,"FT",6,"70-80",106
"ENG",2011,"FT",6,"80-90",43
"ENG",2011,"FT",6,"90-100",24
"ENG",2011,"FT",6,">100",49
"FAA",2011,"FT",6,"0-10",17
"FAA",2011,"FT",6,"10-20",121
"FAA",2011,"FT",6,"20-30",129
"FAA",2011,"FT",6,"30-40",121
"FAA",2011,"FT",6,"40-50",64
"FAA",2011,"FT",6,"50-60",19
"FSN",2011,"FT",6,"10-20",16
"FSN",2011,"FT",6,"20-30",22
"FSN",2011,"FT",6,"30-40",30
"HPR",2011,"FT",6,"10-20",29
"HPR",2011,"FT",6,"20-30",49
"HPR",2011,"FT",6,"30-40",35
"HPR",2011,"FT",6,"40-50",39
"HPR",2011,"FT",6,"50-60",61
"HPR",2011,"FT",6,"60-70",36
"HPR",2011,"FT",6,"70-80",27
"HPR",2011,"FT",6,"80-90",11
"HUM",2011,"FT",6,"0-10",63
"HUM",2011,"FT",6,"10-20",209
"HUM",2011,"FT",6,"20-30",338
"HUM",2011,"FT",6,"30-40",280
"HUM",2011,"FT",6,"40-50",166
"HUM",2011,"FT",6,"50-60",87
"HUM",2011,"FT",6,"60-70",27
"HUM",2011,"FT",6,"70-80",13
"JOU",2011,"FT",6,"20-30",19
"JOU",2011,"FT",6,"30-40",24
"KRP",2011,"FT",6,"0-10",24
"KRP",2011,"FT",6,"10-20",73
"KRP",2011,"FT",6,"20-30",133
"KRP",2011,"FT",6,"30-40",80
"KRP",2011,"FT",6,"40-50",40
"KRP",2011,"FT",6,"50-60",29
"KRP",2011,"FT",6,"60-70",14
"LAW",2011,"FT",6,"20-30",25
"LAW",2011,"FT",6,"30-40",52
"LAW",2011,"FT",6,"40-50",70
"LAW",2011,"FT",6,"50-60",74
"LAW",2011,"FT",6,"60-70",43
"LAW",2011,"FT",6,"70-80",70
"LAW",2011,"FT",6,"80-90",15
"LAW",2011,"FT",6,"90-100",19
"LAW",2011,"FT",6,">100",18
"MAT",2011,"FT",6,"10-20",18
"MAT",2011,"FT",6,"20-30",32
"MAT",2011,"FT",6,"30-40",24
"MAT",2011,"FT",6,"40-50",42
"MAT",2011,"FT",6,"50-60",45
"MAT",2011,"FT",6,"60-70",31
"MAT",2011,"FT",6,"70-80",18
"MED",2011,"FT",6,"40-50",26
"MED",2011,"FT",6,"50-60",110
"MED",2011,"FT",6,"60-70",18
"NUR",2011,"FT",6,"20-30",35
"NUR",2011,"FT",6,"30-40",57
"NUR",2011,"FT",6,"40-50",126
"NUR",2011,"FT",6,"50-60",296
"NUR",2011,"FT",6,"60-70",169
"NUR",2011,"FT",6,"70-80",66
"NUR",2011,"FT",6,"80-90",52
"NUR",2011,"FT",6,"90-100",22
"NUR",2011,"FT",6,">100",17
"OAS",2011,"FT",6,"0-10",19
"OAS",2011,"FT",6,"10-20",46
"OAS",2011,"FT",6,"20-30",105
"OAS",2011,"FT",6,"30-40",104
"OAS",2011,"FT",6,"40-50",72
"OAS",2011,"FT",6,"50-60",54
"OAS",2011,"FT",6,"60-70",26
"OAS",2011,"FT",6,"70-80",20
"OAS",2011,"FT",6,"90-100",10
"OAS",2011,"FT",6,">100",14
"PHA",2011,"FT",6,"70-80",14
"PHA",2011,"FT",6,"80-90",27
"PHA",2011,"FT",6,"90-100",23
"PHA",2011,"FT",6,">100",34
"PSC",2011,"FT",6,"10-20",24
"PSC",2011,"FT",6,"20-30",36
"PSC",2011,"FT",6,"30-40",34
"PSC",2011,"FT",6,"40-50",23
"PSC",2011,"FT",6,"50-60",16
"PSC",2011,"FT",6,"60-70",15
"SSC",2011,"FT",6,"0-10",103
"SSC",2011,"FT",6,"10-20",379
"SSC",2011,"FT",6,"20-30",664
"SSC",2011,"FT",6,"30-40",663
"SSC",2011,"FT",6,"40-50",480
"SSC",2011,"FT",6,"50-60",282
"SSC",2011,"FT",6,"60-70",106
"SSC",2011,"FT",6,"70-80",52
"SSC",2011,"FT",6,"80-90",27
"SSC",2011,"FT",6,"90-100",14
"SSC",2011,"FT",6,">100",23
"VME",2011,"FT",6,"60-70",18
"VME",2011,"FT",6,"70-80",15
"ABS",2011,"FT",24,"0-10",18
"ABS",2011,"FT",24,"10-20",74
"ABS",2011,"FT",24,"20-30",104
"ABS",2011,"FT",24,"30-40",120
"ABS",2011,"FT",24,"40-50",118
"ABS",2011,"FT",24,"50-60",75
"ABS",2011,"FT",24,"60-70",36
"ABS",2011,"FT",24,"70-80",30
"ABS",2011,"FT",24,">100",10
"ALA",2011,"FT",24,"30-40",10
"ALA",2011,"FT",24,"40-50",15
"BCO",2011,"FT",24,"0-10",14
"BCO",2011,"FT",24,"10-20",39
"BCO",2011,"FT",24,"20-30",156
"BCO",2011,"FT",24,"30-40",399
"BCO",2011,"FT",24,"40-50",594
"BCO",2011,"FT",24,"50-60",572
"BCO",2011,"FT",24,"60-70",378
"BCO",2011,"FT",24,"70-80",190
"BCO",2011,"FT",24,"80-90",92
"BCO",2011,"FT",24,"90-100",60
"BCO",2011,"FT",24,">100",98
"CSC",2011,"FT",24,"20-30",15
"CSC",2011,"FT",24,"30-40",20
"CSC",2011,"FT",24,"40-50",41
"CSC",2011,"FT",24,"50-60",68
"CSC",2011,"FT",24,"60-70",63
"CSC",2011,"FT",24,"70-80",35
"CSC",2011,"FT",24,"80-90",20
"CSC",2011,"FT",24,"90-100",16
"CSC",2011,"FT",24,">100",30
"DEN",2011,"FT",24,">100",28
"EDU",2011,"FT",24,"0-10",17
"EDU",2011,"FT",24,"10-20",95
"EDU",2011,"FT",24,"20-30",282
"EDU",2011,"FT",24,"30-40",347
"EDU",2011,"FT",24,"40-50",451
"EDU",2011,"FT",24,"50-60",543
"EDU",2011,"FT",24,"60-70",131
"EDU",2011,"FT",24,"70-80",54
"EDU",2011,"FT",24,"80-90",28
"EDU",2011,"FT",24,"90-100",11
"EDU",2011,"FT",24,">100",23
"ENG",2011,"FT",24,"0-10",11
"ENG",2011,"FT",24,"10-20",19
"ENG",2011,"FT",24,"20-30",40
"ENG",2011,"FT",24,"30-40",59
"ENG",2011,"FT",24,"40-50",145
"ENG",2011,"FT",24,"50-60",358
"ENG",2011,"FT",24,"60-70",364
"ENG",2011,"FT",24,"70-80",187
"ENG",2011,"FT",24,"80-90",105
"ENG",2011,"FT",24,"90-100",45
"ENG",2011,"FT",24,">100",102
"FAA",2011,"FT",24,"0-10",28
"FAA",2011,"FT",24,"10-20",80
"FAA",2011,"FT",24,"20-30",131
"FAA",2011,"FT",24,"30-40",153
"FAA",2011,"FT",24,"40-50",103
"FAA",2011,"FT",24,"50-60",59
"FAA",2011,"FT",24,"60-70",23
"FAA",2011,"FT",24,"70-80",10
"FSN",2011,"FT",24,"10-20",11
"FSN",2011,"FT",24,"20-30",24
"FSN",2011,"FT",24,"30-40",40
"FSN",2011,"FT",24,"40-50",19
"FSN",2011,"FT",24,"50-60",24
"FSN",2011,"FT",24,"60-70",28
"HPR",2011,"FT",24,"10-20",13
"HPR",2011,"FT",24,"20-30",35
"HPR",2011,"FT",24,"30-40",36
"HPR",2011,"FT",24,"40-50",61
"HPR",2011,"FT",24,"50-60",68
"HPR",2011,"FT",24,"60-70",72
"HPR",2011,"FT",24,"70-80",35
"HPR",2011,"FT",24,"80-90",14
"HPR",2011,"FT",24,"90-100",12
"HUM",2011,"FT",24,"0-10",38
"HUM",2011,"FT",24,"10-20",183
"HUM",2011,"FT",24,"20-30",302
"HUM",2011,"FT",24,"30-40",384
"HUM",2011,"FT",24,"40-50",323
"HUM",2011,"FT",24,"50-60",212
"HUM",2011,"FT",24,"60-70",71
"HUM",2011,"FT",24,"70-80",29
"HUM",2011,"FT",24,"90-100",10
"HUM",2011,"FT",24,">100",15
"JOU",2011,"FT",24,"30-40",29
"JOU",2011,"FT",24,"40-50",18
"JOU",2011,"FT",24,"50-60",11
"KRP",2011,"FT",24,"0-10",16
"KRP",2011,"FT",24,"10-20",38
"KRP",2011,"FT",24,"20-30",88
"KRP",2011,"FT",24,"30-40",121
"KRP",2011,"FT",24,"40-50",92
"KRP",2011,"FT",24,"50-60",54
"KRP",2011,"FT",24,"60-70",25
"KRP",2011,"FT",24,"70-80",11
"LAW",2011,"FT",24,"20-30",11
"LAW",2011,"FT",24,"30-40",24
"LAW",2011,"FT",24,"40-50",33
"LAW",2011,"FT",24,"50-60",46
"LAW",2011,"FT",24,"60-70",59
"LAW",2011,"FT",24,"70-80",62
"LAW",2011,"FT",24,"80-90",49
"LAW",2011,"FT",24,"90-100",72
"LAW",2011,"FT",24,">100",64
"MAT",2011,"FT",24,"10-20",14
"MAT",2011,"FT",24,"20-30",25
"MAT",2011,"FT",24,"30-40",23
"MAT",2011,"FT",24,"40-50",30
"MAT",2011,"FT",24,"50-60",58
"MAT",2011,"FT",24,"60-70",49
"MAT",2011,"FT",24,"70-80",32
"MAT",2011,"FT",24,"80-90",11
"MAT",2011,"FT",24,"90-100",12
"MED",2011,"FT",24,"30-40",14
"MED",2011,"FT",24,"50-60",54
"MED",2011,"FT",24,"60-70",61
"MED",2011,"FT",24,">100",26
"NUR",2011,"FT",24,"20-30",18
"NUR",2011,"FT",24,"30-40",39
"NUR",2011,"FT",24,"40-50",89
"NUR",2011,"FT",24,"50-60",268
"NUR",2011,"FT",24,"60-70",268
"NUR",2011,"FT",24,"70-80",126
"NUR",2011,"FT",24,"80-90",61
"NUR",2011,"FT",24,"90-100",35
"NUR",2011,"FT",24,">100",20
"OPT",2011,"FT",24,">100",15
"OAS",2011,"FT",24,"10-20",36
"OAS",2011,"FT",24,"20-30",87
"OAS",2011,"FT",24,"30-40",106
"OAS",2011,"FT",24,"40-50",102
"OAS",2011,"FT",24,"50-60",78
"OAS",2011,"FT",24,"60-70",55
"OAS",2011,"FT",24,"70-80",18
"OAS",2011,"FT",24,"80-90",14
"OAS",2011,"FT",24,"90-100",13
"OAS",2011,"FT",24,">100",25
"PHA",2011,"FT",24,"70-80",13
"PHA",2011,"FT",24,"80-90",37
"PHA",2011,"FT",24,"90-100",26
"PHA",2011,"FT",24,">100",47
"PSC",2011,"FT",24,"10-20",11
"PSC",2011,"FT",24,"20-30",40
"PSC",2011,"FT",24,"30-40",29
"PSC",2011,"FT",24,"40-50",32
"PSC",2011,"FT",24,"50-60",30
"PSC",2011,"FT",24,"60-70",13
"PSC",2011,"FT",24,"70-80",13
"SSC",2011,"FT",24,"0-10",78
"SSC",2011,"FT",24,"10-20",270
"SSC",2011,"FT",24,"20-30",526
"SSC",2011,"FT",24,"30-40",788
"SSC",2011,"FT",24,"40-50",715
"SSC",2011,"FT",24,"50-60",491
"SSC",2011,"FT",24,"60-70",276
"SSC",2011,"FT",24,"70-80",113
"SSC",2011,"FT",24,"80-90",47
"SSC",2011,"FT",24,"90-100",34
"SSC",2011,"FT",24,">100",43
"VME",2011,"FT",24,"70-80",20
"ABS",2011,"PT",6,"0-10",84
"ABS",2011,"PT",6,"10-20",75
"ABS",2011,"PT",6,"20-30",24
"BCO",2011,"PT",6,"0-10",47
"BCO",2011,"PT",6,"10-20",84
"BCO",2011,"PT",6,"20-30",46
"BCO",2011,"PT",6,"30-40",20
"EDU",2011,"PT",6,"0-10",136
"EDU",2011,"PT",6,"10-20",230
"EDU",2011,"PT",6,"20-30",141
"EDU",2011,"PT",6,"30-40",41
"EDU",2011,"PT",6,"40-50",12
"ENG",2011,"PT",6,"0-10",18
"ENG",2011,"PT",6,"10-20",27
"ENG",2011,"PT",6,"20-30",14
"FAA",2011,"PT",6,"0-10",84
"FAA",2011,"PT",6,"10-20",99
"FAA",2011,"PT",6,"20-30",30
"FSN",2011,"PT",6,"0-10",14
"FSN",2011,"PT",6,"10-20",21
"FSN",2011,"PT",6,"20-30",11
"HPR",2011,"PT",6,"0-10",27
"HPR",2011,"PT",6,"10-20",31
"HPR",2011,"PT",6,"20-30",13
"HUM",2011,"PT",6,"0-10",200
"HUM",2011,"PT",6,"10-20",245
"HUM",2011,"PT",6,"20-30",69
"HUM",2011,"PT",6,"30-40",15
"KRP",2011,"PT",6,"0-10",53
"KRP",2011,"PT",6,"10-20",59
"KRP",2011,"PT",6,"20-30",32
"LAW",2011,"PT",6,"10-20",12
"MAT",2011,"PT",6,"10-20",11
"NUR",2011,"PT",6,"0-10",13
"NUR",2011,"PT",6,"10-20",11
"NUR",2011,"PT",6,"20-30",24
"NUR",2011,"PT",6,"30-40",22
"NUR",2011,"PT",6,"40-50",29
"NUR",2011,"PT",6,"50-60",15
"OAS",2011,"PT",6,"0-10",49
"OAS",2011,"PT",6,"10-20",57
"OAS",2011,"PT",6,"20-30",21
"PSC",2011,"PT",6,"0-10",17
"PSC",2011,"PT",6,"10-20",19
"SSC",2011,"PT",6,"0-10",309
"SSC",2011,"PT",6,"10-20",406
"SSC",2011,"PT",6,"20-30",174
"SSC",2011,"PT",6,"30-40",38
"SSC",2011,"PT",6,"40-50",14
"ABS",2011,"PT",24,"0-10",77
"ABS",2011,"PT",24,"10-20",62
"ABS",2011,"PT",24,"20-30",32
"ABS",2011,"PT",24,"30-40",11
"BCO",2011,"PT",24,"0-10",31
"BCO",2011,"PT",24,"10-20",44
"BCO",2011,"PT",24,"20-30",22
"EDU",2011,"PT",24,"0-10",110
"EDU",2011,"PT",24,"10-20",169
"EDU",2011,"PT",24,"20-30",117
"EDU",2011,"PT",24,"30-40",54
"EDU",2011,"PT",24,"40-50",18
"EDU",2011,"PT",24,"50-60",10
"ENG",2011,"PT",24,"0-10",17
"ENG",2011,"PT",24,"10-20",20
"ENG",2011,"PT",24,"20-30",12
"FAA",2011,"PT",24,"0-10",81
"FAA",2011,"PT",24,"10-20",81
"FAA",2011,"PT",24,"20-30",36
"FSN",2011,"PT",24,"0-10",14
"FSN",2011,"PT",24,"10-20",16
"HPR",2011,"PT",24,"0-10",27
"HPR",2011,"PT",24,"10-20",19
"HPR",2011,"PT",24,"20-30",12
"HUM",2011,"PT",24,"0-10",180
"HUM",2011,"PT",24,"10-20",209
"HUM",2011,"PT",24,"20-30",64
"HUM",2011,"PT",24,"30-40",17
"KRP",2011,"PT",24,"0-10",61
"KRP",2011,"PT",24,"10-20",44
"KRP",2011,"PT",24,"20-30",35
"MAT",2011,"PT",24,"10-20",11
"MAT",2011,"PT",24,"20-30",10
"NUR",2011,"PT",24,"0-10",12
"NUR",2011,"PT",24,"10-20",12
"NUR",2011,"PT",24,"20-30",12
"NUR",2011,"PT",24,"30-40",32
"NUR",2011,"PT",24,"40-50",27
"NUR",2011,"PT",24,"50-60",20
"OAS",2011,"PT",24,"0-10",56
"OAS",2011,"PT",24,"10-20",52
"OAS",2011,"PT",24,"20-30",13
"PSC",2011,"PT",24,"0-10",16
"PSC",2011,"PT",24,"10-20",13
"SSC",2011,"PT",24,"0-10",309
"SSC",2011,"PT",24,"10-20",295
"SSC",2011,"PT",24,"20-30",182
"SSC",2011,"PT",24,"30-40",48
"SSC",2011,"PT",24,"40-50",14
"ABS",2010,"FT",6,"0-10",38
"ABS",2010,"FT",6,"10-20",89
"ABS",2010,"FT",6,"20-30",146
"ABS",2010,"FT",6,"30-40",136
"ABS",2010,"FT",6,"40-50",89
"ABS",2010,"FT",6,"50-60",58
"ABS",2010,"FT",6,"60-70",22
"ABS",2010,"FT",6,"70-80",13
"ALA",2010,"FT",6,"20-30",13
"ALA",2010,"FT",6,"30-40",33
"ALA",2010,"FT",6,"40-50",24
"BCO",2010,"FT",6,"0-10",15
"BCO",2010,"FT",6,"10-20",69
"BCO",2010,"FT",6,"20-30",251
"BCO",2010,"FT",6,"30-40",537
"BCO",2010,"FT",6,"40-50",616
"BCO",2010,"FT",6,"50-60",349
"BCO",2010,"FT",6,"60-70",132
"BCO",2010,"FT",6,"70-80",51
"BCO",2010,"FT",6,"80-90",23
"BCO",2010,"FT",6,"90-100",19
"BCO",2010,"FT",6,">100",51
"CSC",2010,"FT",6,"20-30",21
"CSC",2010,"FT",6,"30-40",33
"CSC",2010,"FT",6,"40-50",55
"CSC",2010,"FT",6,"50-60",56
"CSC",2010,"FT",6,"60-70",51
"CSC",2010,"FT",6,"70-80",15
"CSC",2010,"FT",6,"80-90",16
"CSC",2010,"FT",6,">100",12
"DEN",2010,"FT",6,">100",14
"EDU",2010,"FT",6,"0-10",20
"EDU",2010,"FT",6,"10-20",111
"EDU",2010,"FT",6,"20-30",252
"EDU",2010,"FT",6,"30-40",294
"EDU",2010,"FT",6,"40-50",407
"EDU",2010,"FT",6,"50-60",238
"EDU",2010,"FT",6,"60-70",50
"EDU",2010,"FT",6,"70-80",36
"EDU",2010,"FT",6,"80-90",20
"ENG",2010,"FT",6,"0-10",11
"ENG",2010,"FT",6,"10-20",29
"ENG",2010,"FT",6,"20-30",78
"ENG",2010,"FT",6,"30-40",83
"ENG",2010,"FT",6,"40-50",256
"ENG",2010,"FT",6,"50-60",387
"ENG",2010,"FT",6,"60-70",209
"ENG",2010,"FT",6,"70-80",81
"ENG",2010,"FT",6,"80-90",32
"ENG",2010,"FT",6,"90-100",16
"ENG",2010,"FT",6,">100",25
"FAA",2010,"FT",6,"0-10",34
"FAA",2010,"FT",6,"10-20",87
"FAA",2010,"FT",6,"20-30",125
"FAA",2010,"FT",6,"30-40",99
"FAA",2010,"FT",6,"40-50",34
"FAA",2010,"FT",6,"50-60",23
"FSN",2010,"FT",6,"10-20",17
"FSN",2010,"FT",6,"20-30",23
"FSN",2010,"FT",6,"30-40",14
"FSN",2010,"FT",6,"40-50",13
"FSN",2010,"FT",6,"50-60",10
"HPR",2010,"FT",6,"10-20",22
"HPR",2010,"FT",6,"20-30",44
"HPR",2010,"FT",6,"30-40",37
"HPR",2010,"FT",6,"40-50",28
"HPR",2010,"FT",6,"50-60",38
"HPR",2010,"FT",6,"60-70",29
"HPR",2010,"FT",6,"70-80",21
"HUM",2010,"FT",6,"0-10",71
"HUM",2010,"FT",6,"10-20",171
"HUM",2010,"FT",6,"20-30",323
"HUM",2010,"FT",6,"30-40",324
"HUM",2010,"FT",6,"40-50",185
"HUM",2010,"FT",6,"50-60",108
"HUM",2010,"FT",6,"60-70",22
"HUM",2010,"FT",6,"70-80",11
"HUM",2010,"FT",6,"80-90",11
"JOU",2010,"FT",6,"20-30",23
"JOU",2010,"FT",6,"30-40",22
"JOU",2010,"FT",6,"50-60",10
"KRP",2010,"FT",6,"0-10",16
"KRP",2010,"FT",6,"10-20",53
"KRP",2010,"FT",6,"20-30",121
"KRP",2010,"FT",6,"30-40",106
"KRP",2010,"FT",6,"40-50",50
"KRP",2010,"FT",6,"50-60",25
"KRP",2010,"FT",6,"60-70",12
"LAW",2010,"FT",6,"10-20",11
"LAW",2010,"FT",6,"20-30",30
"LAW",2010,"FT",6,"30-40",47
"LAW",2010,"FT",6,"40-50",71
"LAW",2010,"FT",6,"50-60",65
"LAW",2010,"FT",6,"60-70",56
"LAW",2010,"FT",6,"70-80",75
"LAW",2010,"FT",6,"80-90",18
"LAW",2010,"FT",6,"90-100",22
"LAW",2010,"FT",6,">100",26
"MAT",2010,"FT",6,"10-20",14
"MAT",2010,"FT",6,"20-30",27
"MAT",2010,"FT",6,"30-40",24
"MAT",2010,"FT",6,"40-50",45
"MAT",2010,"FT",6,"50-60",58
"MAT",2010,"FT",6,"60-70",29
"MED",2010,"FT",6,"40-50",29
"MED",2010,"FT",6,"50-60",96
"MED",2010,"FT",6,"60-70",23
"MED",2010,"FT",6,">100",11
"NUR",2010,"FT",6,"10-20",11
"NUR",2010,"FT",6,"20-30",19
"NUR",2010,"FT",6,"30-40",42
"NUR",2010,"FT",6,"40-50",128
"NUR",2010,"FT",6,"50-60",221
"NUR",2010,"FT",6,"60-70",168
"NUR",2010,"FT",6,"70-80",85
"NUR",2010,"FT",6,"80-90",45
"NUR",2010,"FT",6,"90-100",11
"OPT",2010,"FT",6,">100",15
"OAS",2010,"FT",6,"0-10",15
"OAS",2010,"FT",6,"10-20",35
"OAS",2010,"FT",6,"20-30",95
"OAS",2010,"FT",6,"30-40",92
"OAS",2010,"FT",6,"40-50",64
"OAS",2010,"FT",6,"50-60",51
"OAS",2010,"FT",6,"60-70",19
"OAS",2010,"FT",6,"70-80",19
"OAS",2010,"FT",6,">100",20
"PHA",2010,"FT",6,"70-80",15
"PHA",2010,"FT",6,"80-90",13
"PHA",2010,"FT",6,"90-100",11
"PHA",2010,"FT",6,">100",15
"PSC",2010,"FT",6,"10-20",15
"PSC",2010,"FT",6,"20-30",39
"PSC",2010,"FT",6,"30-40",24
"PSC",2010,"FT",6,"40-50",24
"PSC",2010,"FT",6,"50-60",20
"SSC",2010,"FT",6,"0-10",106
"SSC",2010,"FT",6,"10-20",337
"SSC",2010,"FT",6,"20-30",594
"SSC",2010,"FT",6,"30-40",643
"SSC",2010,"FT",6,"40-50",463
"SSC",2010,"FT",6,"50-60",271
"SSC",2010,"FT",6,"60-70",95
"SSC",2010,"FT",6,"70-80",42
"SSC",2010,"FT",6,"80-90",27
"SSC",2010,"FT",6,"90-100",12
"SSC",2010,"FT",6,">100",32
"VME",2010,"FT",6,"60-70",22
"VME",2010,"FT",6,"70-80",14
"ABS",2010,"FT",24,"0-10",14
"ABS",2010,"FT",24,"10-20",69
"ABS",2010,"FT",24,"20-30",116
"ABS",2010,"FT",24,"30-40",137
"ABS",2010,"FT",24,"40-50",140
"ABS",2010,"FT",24,"50-60",109
"ABS",2010,"FT",24,"60-70",53
"ABS",2010,"FT",24,"70-80",42
"ABS",2010,"FT",24,"80-90",17
"ABS",2010,"FT",24,">100",13
"ALA",2010,"FT",24,"30-40",15
"ALA",2010,"FT",24,"40-50",30
"ALA",2010,"FT",24,"50-60",10
"BCO",2010,"FT",24,"0-10",14
"BCO",2010,"FT",24,"10-20",55
"BCO",2010,"FT",24,"20-30",115
"BCO",2010,"FT",24,"30-40",414
"BCO",2010,"FT",24,"40-50",575
"BCO",2010,"FT",24,"50-60",562
"BCO",2010,"FT",24,"60-70",371
"BCO",2010,"FT",24,"70-80",156
"BCO",2010,"FT",24,"80-90",46
"BCO",2010,"FT",24,"90-100",40
"BCO",2010,"FT",24,">100",93
"CSC",2010,"FT",24,"20-30",13
"CSC",2010,"FT",24,"30-40",24
"CSC",2010,"FT",24,"40-50",39
"CSC",2010,"FT",24,"50-60",72
"CSC",2010,"FT",24,"60-70",54
"CSC",2010,"FT",24,"70-80",44
"CSC",2010,"FT",24,"80-90",20
"CSC",2010,"FT",24,"90-100",12
"CSC",2010,"FT",24,">100",32
"DEN",2010,"FT",24,">100",18
"EDU",2010,"FT",24,"0-10",23
"EDU",2010,"FT",24,"10-20",72
"EDU",2010,"FT",24,"20-30",208
"EDU",2010,"FT",24,"30-40",298
"EDU",2010,"FT",24,"40-50",425
"EDU",2010,"FT",24,"50-60",616
"EDU",2010,"FT",24,"60-70",122
"EDU",2010,"FT",24,"70-80",51
"EDU",2010,"FT",24,"80-90",25
"EDU",2010,"FT",24,"90-100",11
"ENG",2010,"FT",24,"10-20",24
"ENG",2010,"FT",24,"20-30",52
"ENG",2010,"FT",24,"30-40",65
"ENG",2010,"FT",24,"40-50",157
"ENG",2010,"FT",24,"50-60",406
"ENG",2010,"FT",24,"60-70",367
"ENG",2010,"FT",24,"70-80",184
"ENG",2010,"FT",24,"80-90",98
"ENG",2010,"FT",24,"90-100",55
"ENG",2010,"FT",24,">100",72
"FAA",2010,"FT",24,"0-10",22
"FAA",2010,"FT",24,"10-20",68
"FAA",2010,"FT",24,"20-30",123
"FAA",2010,"FT",24,"30-40",151
"FAA",2010,"FT",24,"40-50",87
"FAA",2010,"FT",24,"50-60",49
"FAA",2010,"FT",24,"60-70",19
"FSN",2010,"FT",24,"10-20",11
"FSN",2010,"FT",24,"20-30",14
"FSN",2010,"FT",24,"30-40",26
"FSN",2010,"FT",24,"40-50",21
"FSN",2010,"FT",24,"50-60",27
"FSN",2010,"FT",24,"60-70",19
"HPR",2010,"FT",24,"10-20",15
"HPR",2010,"FT",24,"20-30",24
"HPR",2010,"FT",24,"30-40",22
"HPR",2010,"FT",24,"40-50",50
"HPR",2010,"FT",24,"50-60",62
"HPR",2010,"FT",24,"60-70",53
"HPR",2010,"FT",24,"70-80",30
"HPR",2010,"FT",24,"80-90",10
"HUM",2010,"FT",24,"0-10",51
"HUM",2010,"FT",24,"10-20",123
"HUM",2010,"FT",24,"20-30",294
"HUM",2010,"FT",24,"30-40",428
"HUM",2010,"FT",24,"40-50",343
"HUM",2010,"FT",24,"50-60",215
"HUM",2010,"FT",24,"60-70",69
"HUM",2010,"FT",24,"70-80",29
"HUM",2010,"FT",24,"80-90",13
"JOU",2010,"FT",24,"20-30",10
"JOU",2010,"FT",24,"30-40",25
"JOU",2010,"FT",24,"40-50",23
"JOU",2010,"FT",24,"50-60",14
"KRP",2010,"FT",24,"0-10",15
"KRP",2010,"FT",24,"10-20",27
"KRP",2010,"FT",24,"20-30",95
"KRP",2010,"FT",24,"30-40",108
"KRP",2010,"FT",24,"40-50",108
"KRP",2010,"FT",24,"50-60",80
"KRP",2010,"FT",24,"60-70",25
"KRP",2010,"FT",24,"70-80",11
"LAW",2010,"FT",24,"10-20",11
"LAW",2010,"FT",24,"20-30",21
"LAW",2010,"FT",24,"30-40",23
"LAW",2010,"FT",24,"40-50",37
"LAW",2010,"FT",24,"50-60",49
"LAW",2010,"FT",24,"60-70",70
"LAW",2010,"FT",24,"70-80",65
"LAW",2010,"FT",24,"80-90",50
"LAW",2010,"FT",24,"90-100",68
"LAW",2010,"FT",24,">100",58
"MAT",2010,"FT",24,"10-20",11
"MAT",2010,"FT",24,"20-30",22
"MAT",2010,"FT",24,"30-40",32
"MAT",2010,"FT",24,"40-50",38
"MAT",2010,"FT",24,"50-60",65
"MAT",2010,"FT",24,"60-70",51
"MAT",2010,"FT",24,"70-80",29
"MAT",2010,"FT",24,"80-90",17
"MED",2010,"FT",24,"40-50",11
"MED",2010,"FT",24,"50-60",52
"MED",2010,"FT",24,"60-70",59
"MED",2010,"FT",24,">100",32
"NUR",2010,"FT",24,"20-30",14
"NUR",2010,"FT",24,"30-40",29
"NUR",2010,"FT",24,"40-50",95
"NUR",2010,"FT",24,"50-60",244
"NUR",2010,"FT",24,"60-70",255
"NUR",2010,"FT",24,"70-80",102
"NUR",2010,"FT",24,"80-90",69
"NUR",2010,"FT",24,"90-100",20
"NUR",2010,"FT",24,">100",15
"OPT",2010,"FT",24,">100",18
"OAS",2010,"FT",24,"0-10",13
"OAS",2010,"FT",24,"10-20",25
"OAS",2010,"FT",24,"20-30",66
"OAS",2010,"FT",24,"30-40",106
"OAS",2010,"FT",24,"40-50",103
"OAS",2010,"FT",24,"50-60",70
"OAS",2010,"FT",24,"60-70",33
"OAS",2010,"FT",24,"70-80",31
"OAS",2010,"FT",24,"80-90",19
"OAS",2010,"FT",24,">100",22
"PHA",2010,"FT",24,"70-80",14
"PHA",2010,"FT",24,"80-90",20
"PHA",2010,"FT",24,"90-100",18
"PHA",2010,"FT",24,">100",19
"PSC",2010,"FT",24,"10-20",11
"PSC",2010,"FT",24,"20-30",32
"PSC",2010,"FT",24,"30-40",27
"PSC",2010,"FT",24,"40-50",38
"PSC",2010,"FT",24,"50-60",31
"PSC",2010,"FT",24,"60-70",27
"SSC",2010,"FT",24,"0-10",66
"SSC",2010,"FT",24,"10-20",172
"SSC",2010,"FT",24,"20-30",498
"SSC",2010,"FT",24,"30-40",777
"SSC",2010,"FT",24,"40-50",725
"SSC",2010,"FT",24,"50-60",514
"SSC",2010,"FT",24,"60-70",227
"SSC",2010,"FT",24,"70-80",84
"SSC",2010,"FT",24,"80-90",46
"SSC",2010,"FT",24,"90-100",20
"SSC",2010,"FT",24,">100",47
"THE",2010,"FT",24,"30-40",10
"TRE",2010,"FT",24,"0-10",0
"TRE",2010,"FT",24,"10-20",0
"TRE",2010,"FT",24,"20-30",0
"TRE",2010,"FT",24,"30-40",0
"TRE",2010,"FT",24,"40-50",0
"TRE",2010,"FT",24,"50-60",0
"TRE",2010,"FT",24,"60-70",0
"TRE",2010,"FT",24,"70-80",0
"TRE",2010,"FT",24,"80-90",0
"TRE",2010,"FT",24,"90-100",0
"TRE",2010,"FT",24,">100",0
"VME",2010,"FT",24,"70-80",20
"ABS",2010,"PT",6,"0-10",86
"ABS",2010,"PT",6,"10-20",91
"ABS",2010,"PT",6,"20-30",25
"BCO",2010,"PT",6,"0-10",47
"BCO",2010,"PT",6,"10-20",102
"BCO",2010,"PT",6,"20-30",55
"BCO",2010,"PT",6,"30-40",20
"EDU",2010,"PT",6,"0-10",141
"EDU",2010,"PT",6,"10-20",246
"EDU",2010,"PT",6,"20-30",187
"EDU",2010,"PT",6,"30-40",90
"EDU",2010,"PT",6,"40-50",38
"EDU",2010,"PT",6,"50-60",10
"ENG",2010,"PT",6,"0-10",20
"ENG",2010,"PT",6,"10-20",15
"ENG",2010,"PT",6,"20-30",11
"FAA",2010,"PT",6,"0-10",112
"FAA",2010,"PT",6,"10-20",108
"FAA",2010,"PT",6,"20-30",37
"FAA",2010,"PT",6,"30-40",10
"FSN",2010,"PT",6,"0-10",19
"FSN",2010,"PT",6,"10-20",21
"FSN",2010,"PT",6,"20-30",11
"HPR",2010,"PT",6,"0-10",24
"HPR",2010,"PT",6,"10-20",26
"HPR",2010,"PT",6,"20-30",13
"HUM",2010,"PT",6,"0-10",229
"HUM",2010,"PT",6,"10-20",249
"HUM",2010,"PT",6,"20-30",104
"HUM",2010,"PT",6,"30-40",17
"KRP",2010,"PT",6,"0-10",72
"KRP",2010,"PT",6,"10-20",58
"KRP",2010,"PT",6,"20-30",38
"KRP",2010,"PT",6,"30-40",10
"LAW",2010,"PT",6,"10-20",10
"MAT",2010,"PT",6,"0-10",14
"MAT",2010,"PT",6,"10-20",13
"NUR",2010,"PT",6,"10-20",17
"NUR",2010,"PT",6,"20-30",22
"NUR",2010,"PT",6,"30-40",33
"NUR",2010,"PT",6,"40-50",30
"NUR",2010,"PT",6,"50-60",30
"NUR",2010,"PT",6,"60-70",14
"OAS",2010,"PT",6,"0-10",40
"OAS",2010,"PT",6,"10-20",48
"OAS",2010,"PT",6,"20-30",22
"PSC",2010,"PT",6,"10-20",15
"PSC",2010,"PT",6,"20-30",12
"SSC",2010,"PT",6,"0-10",310
"SSC",2010,"PT",6,"10-20",424
"SSC",2010,"PT",6,"20-30",208
"SSC",2010,"PT",6,"30-40",62
"SSC",2010,"PT",6,"40-50",20
"ABS",2010,"PT",24,"0-10",63
"ABS",2010,"PT",24,"10-20",71
"ABS",2010,"PT",24,"20-30",32
"ABS",2010,"PT",24,"30-40",12
"BCO",2010,"PT",24,"0-10",36
"BCO",2010,"PT",24,"10-20",41
"BCO",2010,"PT",24,"20-30",31
"BCO",2010,"PT",24,"30-40",10
"EDU",2010,"PT",24,"0-10",123
"EDU",2010,"PT",24,"10-20",194
"EDU",2010,"PT",24,"20-30",185
"EDU",2010,"PT",24,"30-40",93
"EDU",2010,"PT",24,"40-50",33
"ENG",2010,"PT",24,"0-10",15
"ENG",2010,"PT",24,"10-20",13
"FAA",2010,"PT",24,"0-10",82
"FAA",2010,"PT",24,"10-20",83
"FAA",2010,"PT",24,"20-30",42
"FAA",2010,"PT",24,"30-40",12
"FSN",2010,"PT",24,"0-10",13
"FSN",2010,"PT",24,"10-20",15
"FSN",2010,"PT",24,"20-30",12
"HPR",2010,"PT",24,"0-10",15
"HPR",2010,"PT",24,"10-20",21
"HPR",2010,"PT",24,"20-30",11
"HUM",2010,"PT",24,"0-10",180
"HUM",2010,"PT",24,"10-20",204
"HUM",2010,"PT",24,"20-30",103
"HUM",2010,"PT",24,"30-40",30
"HUM",2010,"PT",24,"40-50",10
"KRP",2010,"PT",24,"0-10",51
"KRP",2010,"PT",24,"10-20",42
"KRP",2010,"PT",24,"20-30",33
"KRP",2010,"PT",24,"30-40",13
"MAT",2010,"PT",24,"0-10",10
"MAT",2010,"PT",24,"10-20",10
"MAT",2010,"PT",24,"20-30",10
"NUR",2010,"PT",24,"10-20",11
"NUR",2010,"PT",24,"20-30",22
"NUR",2010,"PT",24,"30-40",36
"NUR",2010,"PT",24,"40-50",34
"NUR",2010,"PT",24,"50-60",26
"NUR",2010,"PT",24,"60-70",14
"OAS",2010,"PT",24,"0-10",42
"OAS",2010,"PT",24,"10-20",37
"OAS",2010,"PT",24,"20-30",21
"PSC",2010,"PT",24,"10-20",14
"SSC",2010,"PT",24,"0-10",277
"SSC",2010,"PT",24,"10-20",341
"SSC",2010,"PT",24,"20-30",199
"SSC",2010,"PT",24,"30-40",79
"SSC",2010,"PT",24,"40-50",17
"ABS",2009,"FT",6,"0-10",29
"ABS",2009,"FT",6,"10-20",114
"ABS",2009,"FT",6,"20-30",159
"ABS",2009,"FT",6,"30-40",137
"ABS",2009,"FT",6,"40-50",84
"ABS",2009,"FT",6,"50-60",62
"ABS",2009,"FT",6,"60-70",28
"ABS",2009,"FT",6,"70-80",15
"ALA",2009,"FT",6,"20-30",11
"ALA",2009,"FT",6,"30-40",24
"ALA",2009,"FT",6,"40-50",15
"BCO",2009,"FT",6,"0-10",16
"BCO",2009,"FT",6,"10-20",60
"BCO",2009,"FT",6,"20-30",249
"BCO",2009,"FT",6,"30-40",426
"BCO",2009,"FT",6,"40-50",558
"BCO",2009,"FT",6,"50-60",304
"BCO",2009,"FT",6,"60-70",139
"BCO",2009,"FT",6,"70-80",59
"BCO",2009,"FT",6,"80-90",24
"BCO",2009,"FT",6,"90-100",24
"BCO",2009,"FT",6,">100",33
"CSC",2009,"FT",6,"20-30",25
"CSC",2009,"FT",6,"30-40",33
"CSC",2009,"FT",6,"40-50",65
"CSC",2009,"FT",6,"50-60",58
"CSC",2009,"FT",6,"60-70",48
"CSC",2009,"FT",6,"70-80",11
"CSC",2009,"FT",6,">100",14
"DEN",2009,"FT",6,">100",18
"EDU",2009,"FT",6,"0-10",31
"EDU",2009,"FT",6,"10-20",120
"EDU",2009,"FT",6,"20-30",230
"EDU",2009,"FT",6,"30-40",259
"EDU",2009,"FT",6,"40-50",422
"EDU",2009,"FT",6,"50-60",189
"EDU",2009,"FT",6,"60-70",43
"EDU",2009,"FT",6,"70-80",19
"ENG",2009,"FT",6,"0-10",11
"ENG",2009,"FT",6,"10-20",30
"ENG",2009,"FT",6,"20-30",71
"ENG",2009,"FT",6,"30-40",73
"ENG",2009,"FT",6,"40-50",210
"ENG",2009,"FT",6,"50-60",278
"ENG",2009,"FT",6,"60-70",179
"ENG",2009,"FT",6,"70-80",68
"ENG",2009,"FT",6,"80-90",27
"ENG",2009,"FT",6,"90-100",11
"ENG",2009,"FT",6,">100",17
"FAA",2009,"FT",6,"0-10",38
"FAA",2009,"FT",6,"10-20",88
"FAA",2009,"FT",6,"20-30",116
"FAA",2009,"FT",6,"30-40",97
"FAA",2009,"FT",6,"40-50",31
"FAA",2009,"FT",6,"50-60",17
"FSN",2009,"FT",6,"20-30",27
"FSN",2009,"FT",6,"30-40",25
"HPR",2009,"FT",6,"10-20",27
"HPR",2009,"FT",6,"20-30",26
"HPR",2009,"FT",6,"30-40",30
"HPR",2009,"FT",6,"40-50",38
"HPR",2009,"FT",6,"50-60",49
"HPR",2009,"FT",6,"60-70",40
"HPR",2009,"FT",6,"70-80",13
"HUM",2009,"FT",6,"0-10",58
"HUM",2009,"FT",6,"10-20",193
"HUM",2009,"FT",6,"20-30",309
"HUM",2009,"FT",6,"30-40",283
"HUM",2009,"FT",6,"40-50",170
"HUM",2009,"FT",6,"50-60",86
"HUM",2009,"FT",6,"60-70",27
"JOU",2009,"FT",6,"20-30",17
"JOU",2009,"FT",6,"30-40",11
"KRP",2009,"FT",6,"0-10",24
"KRP",2009,"FT",6,"10-20",62
"KRP",2009,"FT",6,"20-30",116
"KRP",2009,"FT",6,"30-40",83
"KRP",2009,"FT",6,"40-50",36
"KRP",2009,"FT",6,"50-60",29
"LAW",2009,"FT",6,"20-30",17
"LAW",2009,"FT",6,"30-40",46
"LAW",2009,"FT",6,"40-50",67
"LAW",2009,"FT",6,"50-60",61
"LAW",2009,"FT",6,"60-70",50
"LAW",2009,"FT",6,"70-80",59
"LAW",2009,"FT",6,"80-90",17
"LAW",2009,"FT",6,"90-100",24
"LAW",2009,"FT",6,">100",34
"MAT",2009,"FT",6,"20-30",26
"MAT",2009,"FT",6,"30-40",23
"MAT",2009,"FT",6,"40-50",35
"MAT",2009,"FT",6,"50-60",34
"MAT",2009,"FT",6,"60-70",22
"MED",2009,"FT",6,"40-50",65
"MED",2009,"FT",6,"50-60",85
"MED",2009,"FT",6,"60-70",24
"MED",2009,"FT",6,">100",10
"NUR",2009,"FT",6,"10-20",10
"NUR",2009,"FT",6,"20-30",21
"NUR",2009,"FT",6,"30-40",41
"NUR",2009,"FT",6,"40-50",129
"NUR",2009,"FT",6,"50-60",311
"NUR",2009,"FT",6,"60-70",169
"NUR",2009,"FT",6,"70-80",69
"NUR",2009,"FT",6,"80-90",43
"NUR",2009,"FT",6,"90-100",10
"OPT",2009,"FT",6,">100",12
"OAS",2009,"FT",6,"0-10",15
"OAS",2009,"FT",6,"10-20",36
"OAS",2009,"FT",6,"20-30",64
"OAS",2009,"FT",6,"30-40",87
"OAS",2009,"FT",6,"40-50",60
"OAS",2009,"FT",6,"50-60",52
"OAS",2009,"FT",6,"60-70",18
"OAS",2009,"FT",6,"70-80",23
"OAS",2009,"FT",6,"90-100",11
"OAS",2009,"FT",6,">100",33
"PHA",2009,"FT",6,"70-80",11
"PHA",2009,"FT",6,"80-90",19
"PHA",2009,"FT",6,">100",26
"PSC",2009,"FT",6,"10-20",17
"PSC",2009,"FT",6,"20-30",29
"PSC",2009,"FT",6,"30-40",20
"PSC",2009,"FT",6,"40-50",18
"PSC",2009,"FT",6,"50-60",14
"SSC",2009,"FT",6,"0-10",112
"SSC",2009,"FT",6,"10-20",308
"SSC",2009,"FT",6,"20-30",586
"SSC",2009,"FT",6,"30-40",641
"SSC",2009,"FT",6,"40-50",450
"SSC",2009,"FT",6,"50-60",289
"SSC",2009,"FT",6,"60-70",97
"SSC",2009,"FT",6,"70-80",47
"SSC",2009,"FT",6,"80-90",30
"SSC",2009,"FT",6,"90-100",15
"SSC",2009,"FT",6,">100",18
"TRE",2009,"FT",6,"30-40",10
"VME",2009,"FT",6,"60-70",26
"ABS",2009,"FT",24,"0-10",16
"ABS",2009,"FT",24,"10-20",65
"ABS",2009,"FT",24,"20-30",105
"ABS",2009,"FT",24,"30-40",166
"ABS",2009,"FT",24,"40-50",136
"ABS",2009,"FT",24,"50-60",135
"ABS",2009,"FT",24,"60-70",54
"ABS",2009,"FT",24,"70-80",29
"ABS",2009,"FT",24,"80-90",10
"ABS",2009,"FT",24,">100",10
"ALA",2009,"FT",24,"30-40",15
"ALA",2009,"FT",24,"40-50",21
"ALA",2009,"FT",24,"50-60",11
"BCO",2009,"FT",24,"0-10",10
"BCO",2009,"FT",24,"10-20",41
"BCO",2009,"FT",24,"20-30",131
"BCO",2009,"FT",24,"30-40",356
"BCO",2009,"FT",24,"40-50",526
"BCO",2009,"FT",24,"50-60",506
"BCO",2009,"FT",24,"60-70",302
"BCO",2009,"FT",24,"70-80",153
"BCO",2009,"FT",24,"80-90",64
"BCO",2009,"FT",24,"90-100",41
"BCO",2009,"FT",24,">100",69
"CSC",2009,"FT",24,"30-40",25
"CSC",2009,"FT",24,"40-50",64
"CSC",2009,"FT",24,"50-60",62
"CSC",2009,"FT",24,"60-70",65
"CSC",2009,"FT",24,"70-80",38
"CSC",2009,"FT",24,"80-90",17
"CSC",2009,"FT",24,">100",24
"DEN",2009,"FT",24,">100",30
"EDU",2009,"FT",24,"0-10",23
"EDU",2009,"FT",24,"10-20",69
"EDU",2009,"FT",24,"20-30",179
"EDU",2009,"FT",24,"30-40",284
"EDU",2009,"FT",24,"40-50",392
"EDU",2009,"FT",24,"50-60",495
"EDU",2009,"FT",24,"60-70",157
"EDU",2009,"FT",24,"70-80",38
"EDU",2009,"FT",24,"80-90",23
"EDU",2009,"FT",24,"90-100",10
"ENG",2009,"FT",24,"10-20",14
"ENG",2009,"FT",24,"20-30",55
"ENG",2009,"FT",24,"30-40",49
"ENG",2009,"FT",24,"40-50",172
"ENG",2009,"FT",24,"50-60",373
"ENG",2009,"FT",24,"60-70",270
"ENG",2009,"FT",24,"70-80",154
"ENG",2009,"FT",24,"80-90",59
"ENG",2009,"FT",24,"90-100",39
"ENG",2009,"FT",24,">100",60
"FAA",2009,"FT",24,"0-10",19
"FAA",2009,"FT",24,"10-20",66
"FAA",2009,"FT",24,"20-30",110
"FAA",2009,"FT",24,"30-40",121
"FAA",2009,"FT",24,"40-50",94
"FAA",2009,"FT",24,"50-60",41
"FAA",2009,"FT",24,"60-70",15
"FSN",2009,"FT",24,"20-30",22
"FSN",2009,"FT",24,"30-40",29
"FSN",2009,"FT",24,"40-50",23
"FSN",2009,"FT",24,"50-60",30
"FSN",2009,"FT",24,"60-70",10
"HPR",2009,"FT",24,"20-30",18
"HPR",2009,"FT",24,"30-40",38
"HPR",2009,"FT",24,"40-50",49
"HPR",2009,"FT",24,"50-60",73
"HPR",2009,"FT",24,"60-70",57
"HPR",2009,"FT",24,"70-80",25
"HPR",2009,"FT",24,"80-90",12
"HUM",2009,"FT",24,"0-10",31
"HUM",2009,"FT",24,"10-20",147
"HUM",2009,"FT",24,"20-30",265
"HUM",2009,"FT",24,"30-40",397
"HUM",2009,"FT",24,"40-50",322
"HUM",2009,"FT",24,"50-60",217
"HUM",2009,"FT",24,"60-70",82
"HUM",2009,"FT",24,"70-80",27
"JOU",2009,"FT",24,"20-30",12
"JOU",2009,"FT",24,"30-40",26
"JOU",2009,"FT",24,"40-50",14
"JOU",2009,"FT",24,"50-60",12
"KRP",2009,"FT",24,"10-20",30
"KRP",2009,"FT",24,"20-30",63
"KRP",2009,"FT",24,"30-40",109
"KRP",2009,"FT",24,"40-50",89
"KRP",2009,"FT",24,"50-60",75
"KRP",2009,"FT",24,"60-70",27
"LAW",2009,"FT",24,"30-40",16
"LAW",2009,"FT",24,"40-50",36
"LAW",2009,"FT",24,"50-60",48
"LAW",2009,"FT",24,"60-70",63
"LAW",2009,"FT",24,"70-80",58
"LAW",2009,"FT",24,"80-90",35
"LAW",2009,"FT",24,"90-100",58
"LAW",2009,"FT",24,">100",73
"MAT",2009,"FT",24,"20-30",23
"MAT",2009,"FT",24,"30-40",31
"MAT",2009,"FT",24,"40-50",41
"MAT",2009,"FT",24,"50-60",51
"MAT",2009,"FT",24,"60-70",39
"MAT",2009,"FT",24,"70-80",18
"MAT",2009,"FT",24,">100",10
"MED",2009,"FT",24,"40-50",11
"MED",2009,"FT",24,"50-60",71
"MED",2009,"FT",24,"60-70",61
"MED",2009,"FT",24,">100",40
"NUR",2009,"FT",24,"20-30",13
"NUR",2009,"FT",24,"30-40",22
"NUR",2009,"FT",24,"40-50",98
"NUR",2009,"FT",24,"50-60",272
"NUR",2009,"FT",24,"60-70",264
"NUR",2009,"FT",24,"70-80",92
"NUR",2009,"FT",24,"80-90",54
"NUR",2009,"FT",24,"90-100",20
"NUR",2009,"FT",24,">100",11
"OPT",2009,"FT",24,">100",17
"OAS",2009,"FT",24,"10-20",22
"OAS",2009,"FT",24,"20-30",46
"OAS",2009,"FT",24,"30-40",98
"OAS",2009,"FT",24,"40-50",80
"OAS",2009,"FT",24,"50-60",75
"OAS",2009,"FT",24,"60-70",36
"OAS",2009,"FT",24,"70-80",25
"OAS",2009,"FT",24,"80-90",19
"OAS",2009,"FT",24,"90-100",19
"OAS",2009,"FT",24,">100",33
"PHA",2009,"FT",24,"80-90",20
"PHA",2009,"FT",24,"90-100",21
"PHA",2009,"FT",24,">100",24
"PSC",2009,"FT",24,"10-20",16
"PSC",2009,"FT",24,"20-30",18
"PSC",2009,"FT",24,"30-40",28
"PSC",2009,"FT",24,"40-50",33
"PSC",2009,"FT",24,"50-60",20
"PSC",2009,"FT",24,"60-70",14
"SSC",2009,"FT",24,"0-10",69
"SSC",2009,"FT",24,"10-20",209
"SSC",2009,"FT",24,"20-30",498
"SSC",2009,"FT",24,"30-40",793
"SSC",2009,"FT",24,"40-50",710
"SSC",2009,"FT",24,"50-60",547
"SSC",2009,"FT",24,"60-70",257
"SSC",2009,"FT",24,"70-80",93
"SSC",2009,"FT",24,"80-90",54
"SSC",2009,"FT",24,"90-100",22
"SSC",2009,"FT",24,">100",39
"TRE",2009,"FT",24,"40-50",11
"VME",2009,"FT",24,"60-70",12
"VME",2009,"FT",24,"70-80",13
"ABS",2009,"PT",6,"0-10",79
"ABS",2009,"PT",6,"10-20",100
"ABS",2009,"PT",6,"20-30",34
"BCO",2009,"PT",6,"0-10",41
"BCO",2009,"PT",6,"10-20",74
"BCO",2009,"PT",6,"20-30",47
"BCO",2009,"PT",6,"30-40",12
"EDU",2009,"PT",6,"0-10",145
"EDU",2009,"PT",6,"10-20",225
"EDU",2009,"PT",6,"20-30",197
"EDU",2009,"PT",6,"30-40",86
"EDU",2009,"PT",6,"40-50",23
"ENG",2009,"PT",6,"0-10",27
"ENG",2009,"PT",6,"10-20",27
"ENG",2009,"PT",6,"20-30",17
"FAA",2009,"PT",6,"0-10",94
"FAA",2009,"PT",6,"10-20",73
"FAA",2009,"PT",6,"20-30",33
"FSN",2009,"PT",6,"10-20",18
"HPR",2009,"PT",6,"0-10",34
"HPR",2009,"PT",6,"10-20",29
"HPR",2009,"PT",6,"20-30",19
"HUM",2009,"PT",6,"0-10",215
"HUM",2009,"PT",6,"10-20",251
"HUM",2009,"PT",6,"20-30",96
"HUM",2009,"PT",6,"30-40",11
"JOU",2009,"PT",6,"10-20",11
"KRP",2009,"PT",6,"0-10",40
"KRP",2009,"PT",6,"10-20",61
"KRP",2009,"PT",6,"20-30",27
"MAT",2009,"PT",6,"10-20",14
"NUR",2009,"PT",6,"10-20",11
"NUR",2009,"PT",6,"20-30",14
"NUR",2009,"PT",6,"30-40",19
"NUR",2009,"PT",6,"40-50",26
"NUR",2009,"PT",6,"50-60",13
"OAS",2009,"PT",6,"0-10",32
"OAS",2009,"PT",6,"10-20",48
"OAS",2009,"PT",6,"20-30",22
"PSC",2009,"PT",6,"0-10",14
"PSC",2009,"PT",6,"10-20",25
"SSC",2009,"PT",6,"0-10",314
"SSC",2009,"PT",6,"10-20",416
"SSC",2009,"PT",6,"20-30",243
"SSC",2009,"PT",6,"30-40",74
"SSC",2009,"PT",6,"40-50",12
"ABS",2009,"PT",24,"0-10",70
"ABS",2009,"PT",24,"10-20",76
"ABS",2009,"PT",24,"20-30",30
"ABS",2009,"PT",24,"30-40",12
"BCO",2009,"PT",24,"0-10",29
"BCO",2009,"PT",24,"10-20",40
"BCO",2009,"PT",24,"20-30",29
"BCO",2009,"PT",24,"30-40",11
"EDU",2009,"PT",24,"0-10",107
"EDU",2009,"PT",24,"10-20",174
"EDU",2009,"PT",24,"20-30",172
"EDU",2009,"PT",24,"30-40",79
"EDU",2009,"PT",24,"40-50",24
"ENG",2009,"PT",24,"0-10",13
"ENG",2009,"PT",24,"10-20",19
"ENG",2009,"PT",24,"20-30",16
"FAA",2009,"PT",24,"0-10",83
"FAA",2009,"PT",24,"10-20",73
"FAA",2009,"PT",24,"20-30",39
"FAA",2009,"PT",24,"30-40",11
"FSN",2009,"PT",24,"10-20",15
"FSN",2009,"PT",24,"20-30",10
"HPR",2009,"PT",24,"0-10",24
"HPR",2009,"PT",24,"10-20",10
"HPR",2009,"PT",24,"20-30",19
"HUM",2009,"PT",24,"0-10",171
"HUM",2009,"PT",24,"10-20",193
"HUM",2009,"PT",24,"20-30",103
"HUM",2009,"PT",24,"30-40",34
"KRP",2009,"PT",24,"0-10",45
"KRP",2009,"PT",24,"10-20",48
"KRP",2009,"PT",24,"20-30",29
"MAT",2009,"PT",24,"10-20",14
"NUR",2009,"PT",24,"10-20",15
"NUR",2009,"PT",24,"20-30",12
"NUR",2009,"PT",24,"30-40",18
"NUR",2009,"PT",24,"40-50",31
"NUR",2009,"PT",24,"50-60",18
"OAS",2009,"PT",24,"0-10",26
"OAS",2009,"PT",24,"10-20",28
"OAS",2009,"PT",24,"20-30",19
"PSC",2009,"PT",24,"10-20",13
"SSC",2009,"PT",24,"0-10",266
"SSC",2009,"PT",24,"10-20",306
"SSC",2009,"PT",24,"20-30",202
"SSC",2009,"PT",24,"30-40",58
"SSC",2009,"PT",24,"40-50",18
"SSC",2009,"PT",24,"50-60",15
"ABS",2008,"FT",6,"0-10",14
"ABS",2008,"FT",6,"10-20",75
"ABS",2008,"FT",6,"20-30",121
"ABS",2008,"FT",6,"30-40",98
"ABS",2008,"FT",6,"40-50",80
"ABS",2008,"FT",6,"50-60",26
"ABS",2008,"FT",6,"60-70",20
"ALA",2008,"FT",6,"30-40",18
"ALA",2008,"FT",6,"40-50",20
"BCO",2008,"FT",6,"0-10",19
"BCO",2008,"FT",6,"10-20",47
"BCO",2008,"FT",6,"20-30",197
"BCO",2008,"FT",6,"30-40",493
"BCO",2008,"FT",6,"40-50",532
"BCO",2008,"FT",6,"50-60",280
"BCO",2008,"FT",6,"60-70",115
"BCO",2008,"FT",6,"70-80",40
"BCO",2008,"FT",6,"80-90",15
"BCO",2008,"FT",6,"90-100",17
"BCO",2008,"FT",6,">100",29
"CSC",2008,"FT",6,"20-30",16
"CSC",2008,"FT",6,"30-40",34
"CSC",2008,"FT",6,"40-50",69
"CSC",2008,"FT",6,"50-60",84
"CSC",2008,"FT",6,"60-70",39
"CSC",2008,"FT",6,"70-80",18
"CSC",2008,"FT",6,"80-90",12
"DEN",2008,"FT",6,">100",16
"EDU",2008,"FT",6,"0-10",18
"EDU",2008,"FT",6,"10-20",66
"EDU",2008,"FT",6,"20-30",163
"EDU",2008,"FT",6,"30-40",260
"EDU",2008,"FT",6,"40-50",438
"EDU",2008,"FT",6,"50-60",140
"EDU",2008,"FT",6,"60-70",38
"EDU",2008,"FT",6,"70-80",15
"ENG",2008,"FT",6,"10-20",13
"ENG",2008,"FT",6,"20-30",32
"ENG",2008,"FT",6,"30-40",61
"ENG",2008,"FT",6,"40-50",222
"ENG",2008,"FT",6,"50-60",373
"ENG",2008,"FT",6,"60-70",170
"ENG",2008,"FT",6,"70-80",49
"ENG",2008,"FT",6,"80-90",25
"ENG",2008,"FT",6,"90-100",13
"FAA",2008,"FT",6,"0-10",28
"FAA",2008,"FT",6,"10-20",69
"FAA",2008,"FT",6,"20-30",107
"FAA",2008,"FT",6,"30-40",90
"FAA",2008,"FT",6,"40-50",51
"FAA",2008,"FT",6,"50-60",12
"FSN",2008,"FT",6,"20-30",14
"FSN",2008,"FT",6,"30-40",20
"HPR",2008,"FT",6,"10-20",15
"HPR",2008,"FT",6,"20-30",20
"HPR",2008,"FT",6,"30-40",21
"HPR",2008,"FT",6,"40-50",30
"HPR",2008,"FT",6,"50-60",44
"HPR",2008,"FT",6,"60-70",32
"HPR",2008,"FT",6,"70-80",11
"HUM",2008,"FT",6,"0-10",52
"HUM",2008,"FT",6,"10-20",153
"HUM",2008,"FT",6,"20-30",285
"HUM",2008,"FT",6,"30-40",263
"HUM",2008,"FT",6,"40-50",151
"HUM",2008,"FT",6,"50-60",62
"HUM",2008,"FT",6,"60-70",20
"HUM",2008,"FT",6,"70-80",12
"JOU",2008,"FT",6,"20-30",11
"JOU",2008,"FT",6,"40-50",11
"KRP",2008,"FT",6,"0-10",21
"KRP",2008,"FT",6,"10-20",43
"KRP",2008,"FT",6,"20-30",93
"KRP",2008,"FT",6,"30-40",83
"KRP",2008,"FT",6,"40-50",51
"KRP",2008,"FT",6,"50-60",17
"KRP",2008,"FT",6,"60-70",10
"LAW",2008,"FT",6,"20-30",12
"LAW",2008,"FT",6,"30-40",25
"LAW",2008,"FT",6,"40-50",70
"LAW",2008,"FT",6,"50-60",47
"LAW",2008,"FT",6,"60-70",42
"LAW",2008,"FT",6,"70-80",52
"LAW",2008,"FT",6,"80-90",18
"LAW",2008,"FT",6,">100",23
"MAT",2008,"FT",6,"10-20",10
"MAT",2008,"FT",6,"20-30",17
"MAT",2008,"FT",6,"30-40",22
"MAT",2008,"FT",6,"40-50",24
"MAT",2008,"FT",6,"50-60",38
"MAT",2008,"FT",6,"60-70",27
"MED",2008,"FT",6,"40-50",46
"MED",2008,"FT",6,"50-60",57
"MED",2008,"FT",6,"60-70",23
"NUR",2008,"FT",6,"30-40",23
"NUR",2008,"FT",6,"40-50",95
"NUR",2008,"FT",6,"50-60",302
"NUR",2008,"FT",6,"60-70",154
"NUR",2008,"FT",6,"70-80",55
"NUR",2008,"FT",6,"80-90",40
"NUR",2008,"FT",6,"90-100",11
"OAS",2008,"FT",6,"10-20",23
"OAS",2008,"FT",6,"20-30",59
"OAS",2008,"FT",6,"30-40",90
"OAS",2008,"FT",6,"40-50",58
"OAS",2008,"FT",6,"50-60",47
"OAS",2008,"FT",6,"60-70",23
"OAS",2008,"FT",6,"70-80",14
"OAS",2008,"FT",6,"80-90",14
"OAS",2008,"FT",6,">100",16
"PHA",2008,"FT",6,"70-80",10
"PHA",2008,"FT",6,"80-90",15
"PHA",2008,"FT",6,"90-100",13
"PHA",2008,"FT",6,">100",13
"PSC",2008,"FT",6,"10-20",16
"PSC",2008,"FT",6,"20-30",22
"PSC",2008,"FT",6,"30-40",21
"PSC",2008,"FT",6,"40-50",26
"PSC",2008,"FT",6,"50-60",14
"SSC",2008,"FT",6,"0-10",68
"SSC",2008,"FT",6,"10-20",219
"SSC",2008,"FT",6,"20-30",493
"SSC",2008,"FT",6,"30-40",578
"SSC",2008,"FT",6,"40-50",435
"SSC",2008,"FT",6,"50-60",231
"SSC",2008,"FT",6,"60-70",88
"SSC",2008,"FT",6,"70-80",32
"SSC",2008,"FT",6,"80-90",24
"SSC",2008,"FT",6,"90-100",13
"SSC",2008,"FT",6,">100",13
"VME",2008,"FT",6,"60-70",27
"ABS",2008,"FT",24,"0-10",15
"ABS",2008,"FT",24,"10-20",31
"ABS",2008,"FT",24,"20-30",74
"ABS",2008,"FT",24,"30-40",103
"ABS",2008,"FT",24,"40-50",118
"ABS",2008,"FT",24,"50-60",84
"ABS",2008,"FT",24,"60-70",44
"ABS",2008,"FT",24,"70-80",11
"ALA",2008,"FT",24,"30-40",14
"ALA",2008,"FT",24,"40-50",22
"BCO",2008,"FT",24,"10-20",28
"BCO",2008,"FT",24,"20-30",104
"BCO",2008,"FT",24,"30-40",332
"BCO",2008,"FT",24,"40-50",464
"BCO",2008,"FT",24,"50-60",434
"BCO",2008,"FT",24,"60-70",291
"BCO",2008,"FT",24,"70-80",112
"BCO",2008,"FT",24,"80-90",59
"BCO",2008,"FT",24,"90-100",25
"BCO",2008,"FT",24,">100",54
"CSC",2008,"FT",24,"20-30",11
"CSC",2008,"FT",24,"30-40",23
"CSC",2008,"FT",24,"40-50",57
"CSC",2008,"FT",24,"50-60",81
"CSC",2008,"FT",24,"60-70",72
"CSC",2008,"FT",24,"70-80",36
"CSC",2008,"FT",24,"80-90",13
"CSC",2008,"FT",24,">100",11
"DEN",2008,"FT",24,">100",16
"EDU",2008,"FT",24,"10-20",40
"EDU",2008,"FT",24,"20-30",118
"EDU",2008,"FT",24,"30-40",229
"EDU",2008,"FT",24,"40-50",396
"EDU",2008,"FT",24,"50-60",435
"EDU",2008,"FT",24,"60-70",91
"EDU",2008,"FT",24,"70-80",33
"EDU",2008,"FT",24,"80-90",19
"EDU",2008,"FT",24,"90-100",10
"ENG",2008,"FT",24,"10-20",12
"ENG",2008,"FT",24,"20-30",27
"ENG",2008,"FT",24,"30-40",46
"ENG",2008,"FT",24,"40-50",139
"ENG",2008,"FT",24,"50-60",333
"ENG",2008,"FT",24,"60-70",274
"ENG",2008,"FT",24,"70-80",141
"ENG",2008,"FT",24,"80-90",58
"ENG",2008,"FT",24,"90-100",23
"ENG",2008,"FT",24,">100",35
"FAA",2008,"FT",24,"0-10",18
"FAA",2008,"FT",24,"10-20",47
"FAA",2008,"FT",24,"20-30",87
"FAA",2008,"FT",24,"30-40",107
"FAA",2008,"FT",24,"40-50",96
"FAA",2008,"FT",24,"50-60",31
"FAA",2008,"FT",24,"60-70",13
"FSN",2008,"FT",24,"20-30",16
"FSN",2008,"FT",24,"30-40",16
"FSN",2008,"FT",24,"40-50",21
"FSN",2008,"FT",24,"50-60",25
"FSN",2008,"FT",24,"60-70",11
"HPR",2008,"FT",24,"20-30",12
"HPR",2008,"FT",24,"30-40",19
"HPR",2008,"FT",24,"40-50",37
"HPR",2008,"FT",24,"50-60",56
"HPR",2008,"FT",24,"60-70",58
"HPR",2008,"FT",24,"70-80",16
"HUM",2008,"FT",24,"0-10",33
"HUM",2008,"FT",24,"10-20",104
"HUM",2008,"FT",24,"20-30",226
"HUM",2008,"FT",24,"30-40",357
"HUM",2008,"FT",24,"40-50",277
"HUM",2008,"FT",24,"50-60",180
"HUM",2008,"FT",24,"60-70",47
"HUM",2008,"FT",24,"70-80",21
"JOU",2008,"FT",24,"40-50",17
"KRP",2008,"FT",24,"10-20",20
"KRP",2008,"FT",24,"20-30",51
"KRP",2008,"FT",24,"30-40",92
"KRP",2008,"FT",24,"40-50",91
"KRP",2008,"FT",24,"50-60",82
"KRP",2008,"FT",24,"60-70",28
"KRP",2008,"FT",24,"70-80",17
"LAW",2008,"FT",24,"30-40",15
"LAW",2008,"FT",24,"40-50",28
"LAW",2008,"FT",24,"50-60",39
"LAW",2008,"FT",24,"60-70",58
"LAW",2008,"FT",24,"70-80",37
"LAW",2008,"FT",24,"80-90",36
"LAW",2008,"FT",24,"90-100",35
"LAW",2008,"FT",24,">100",54
"MAT",2008,"FT",24,"20-30",17
"MAT",2008,"FT",24,"30-40",17
"MAT",2008,"FT",24,"40-50",32
"MAT",2008,"FT",24,"50-60",36
"MAT",2008,"FT",24,"60-70",26
"MAT",2008,"FT",24,"70-80",19
"MAT",2008,"FT",24,"80-90",12
"MED",2008,"FT",24,"50-60",54
"MED",2008,"FT",24,"60-70",48
"MED",2008,"FT",24,">100",20
"NUR",2008,"FT",24,"30-40",12
"NUR",2008,"FT",24,"40-50",45
"NUR",2008,"FT",24,"50-60",247
"NUR",2008,"FT",24,"60-70",234
"NUR",2008,"FT",24,"70-80",67
"NUR",2008,"FT",24,"80-90",47
"NUR",2008,"FT",24,"90-100",15
"OAS",2008,"FT",24,"10-20",10
"OAS",2008,"FT",24,"20-30",44
"OAS",2008,"FT",24,"30-40",74
"OAS",2008,"FT",24,"40-50",79
"OAS",2008,"FT",24,"50-60",61
"OAS",2008,"FT",24,"60-70",32
"OAS",2008,"FT",24,"70-80",18
"OAS",2008,"FT",24,"80-90",16
"OAS",2008,"FT",24,"90-100",11
"OAS",2008,"FT",24,">100",23
"PHA",2008,"FT",24,"80-90",15
"PHA",2008,"FT",24,"90-100",16
"PHA",2008,"FT",24,">100",21
"PSC",2008,"FT",24,"10-20",10
"PSC",2008,"FT",24,"20-30",13
"PSC",2008,"FT",24,"30-40",20
"PSC",2008,"FT",24,"40-50",29
"PSC",2008,"FT",24,"50-60",26
"PSC",2008,"FT",24,"60-70",11
"SSC",2008,"FT",24,"0-10",38
"SSC",2008,"FT",24,"10-20",145
"SSC",2008,"FT",24,"20-30",370
"SSC",2008,"FT",24,"30-40",594
"SSC",2008,"FT",24,"40-50",625
"SSC",2008,"FT",24,"50-60",424
"SSC",2008,"FT",24,"60-70",220
"SSC",2008,"FT",24,"70-80",85
"SSC",2008,"FT",24,"80-90",37
"SSC",2008,"FT",24,"90-100",24
"SSC",2008,"FT",24,">100",23
"TRE",2008,"FT",24,"40-50",10
"VME",2008,"FT",24,"60-70",12
"VME",2008,"FT",24,"70-80",18
"ABS",2008,"PT",6,"0-10",72
"ABS",2008,"PT",6,"10-20",55
"ABS",2008,"PT",6,"20-30",22
"BCO",2008,"PT",6,"0-10",20
"BCO",2008,"PT",6,"10-20",51
"BCO",2008,"PT",6,"20-30",26
"CSC",2008,"PT",6,"0-10",11
"EDU",2008,"PT",6,"0-10",99
"EDU",2008,"PT",6,"10-20",188
"EDU",2008,"PT",6,"20-30",145
"EDU",2008,"PT",6,"30-40",69
"EDU",2008,"PT",6,"40-50",35
"ENG",2008,"PT",6,"10-20",21
"FAA",2008,"PT",6,"0-10",85
"FAA",2008,"PT",6,"10-20",57
"FAA",2008,"PT",6,"20-30",25
"FSN",2008,"PT",6,"0-10",11
"FSN",2008,"PT",6,"10-20",21
"HPR",2008,"PT",6,"0-10",21
"HPR",2008,"PT",6,"10-20",17
"HUM",2008,"PT",6,"0-10",176
"HUM",2008,"PT",6,"10-20",214
"HUM",2008,"PT",6,"20-30",67
"HUM",2008,"PT",6,"30-40",19
"KRP",2008,"PT",6,"0-10",32
"KRP",2008,"PT",6,"10-20",51
"KRP",2008,"PT",6,"20-30",18
"NUR",2008,"PT",6,"20-30",10
"NUR",2008,"PT",6,"30-40",13
"NUR",2008,"PT",6,"40-50",22
"NUR",2008,"PT",6,"50-60",11
"OAS",2008,"PT",6,"0-10",29
"OAS",2008,"PT",6,"10-20",31
"OAS",2008,"PT",6,"20-30",10
"OAS",2008,"PT",6,"30-40",10
"PSC",2008,"PT",6,"0-10",13
"PSC",2008,"PT",6,"10-20",10
"SSC",2008,"PT",6,"0-10",227
"SSC",2008,"PT",6,"10-20",320
"SSC",2008,"PT",6,"20-30",173
"SSC",2008,"PT",6,"30-40",56
"SSC",2008,"PT",6,"40-50",18
"ABS",2008,"PT",24,"0-10",46
"ABS",2008,"PT",24,"10-20",43
"ABS",2008,"PT",24,"20-30",32
"BCO",2008,"PT",24,"0-10",27
"BCO",2008,"PT",24,"10-20",22
"BCO",2008,"PT",24,"20-30",24
"EDU",2008,"PT",24,"0-10",66
"EDU",2008,"PT",24,"10-20",130
"EDU",2008,"PT",24,"20-30",139
"EDU",2008,"PT",24,"30-40",66
"EDU",2008,"PT",24,"40-50",35
"ENG",2008,"PT",24,"10-20",11
"FAA",2008,"PT",24,"0-10",76
"FAA",2008,"PT",24,"10-20",62
"FAA",2008,"PT",24,"20-30",23
"FSN",2008,"PT",24,"10-20",11
"HPR",2008,"PT",24,"0-10",17
"HUM",2008,"PT",24,"0-10",138
"HUM",2008,"PT",24,"10-20",156
"HUM",2008,"PT",24,"20-30",73
"HUM",2008,"PT",24,"30-40",23
"KRP",2008,"PT",24,"0-10",30
"KRP",2008,"PT",24,"10-20",32
"KRP",2008,"PT",24,"20-30",23
"NUR",2008,"PT",24,"20-30",11
"NUR",2008,"PT",24,"30-40",22
"NUR",2008,"PT",24,"40-50",18
"NUR",2008,"PT",24,"50-60",28
"NUR",2008,"PT",24,"60-70",10
"OAS",2008,"PT",24,"0-10",21
"OAS",2008,"PT",24,"10-20",24
"OAS",2008,"PT",24,"20-30",28
"PSC",2008,"PT",24,"0-10",10
"PSC",2008,"PT",24,"10-20",12
"SSC",2008,"PT",24,"0-10",186
"SSC",2008,"PT",24,"10-20",277
"SSC",2008,"PT",24,"20-30",146
"SSC",2008,"PT",24,"30-40",44
"SSC",2008,"PT",24,"40-50",22
"ABS",2007,"FT",6,"0-10",19
"ABS",2007,"FT",6,"10-20",80
"ABS",2007,"FT",6,"20-30",144
"ABS",2007,"FT",6,"30-40",120
"ABS",2007,"FT",6,"40-50",78
"ABS",2007,"FT",6,"50-60",34
"ABS",2007,"FT",6,"60-70",18
"ALA",2007,"FT",6,"30-40",20
"ALA",2007,"FT",6,"40-50",26
"BCO",2007,"FT",6,"0-10",14
"BCO",2007,"FT",6,"10-20",54
"BCO",2007,"FT",6,"20-30",225
"BCO",2007,"FT",6,"30-40",580
"BCO",2007,"FT",6,"40-50",644
"BCO",2007,"FT",6,"50-60",214
"BCO",2007,"FT",6,"60-70",89
"BCO",2007,"FT",6,"70-80",41
"BCO",2007,"FT",6,"80-90",24
"BCO",2007,"FT",6,"90-100",16
"BCO",2007,"FT",6,">100",26
"CSC",2007,"FT",6,"20-30",13
"CSC",2007,"FT",6,"30-40",51
"CSC",2007,"FT",6,"40-50",94
"CSC",2007,"FT",6,"50-60",84
"CSC",2007,"FT",6,"60-70",32
"CSC",2007,"FT",6,"70-80",10
"EDU",2007,"FT",6,"0-10",12
"EDU",2007,"FT",6,"10-20",63
"EDU",2007,"FT",6,"20-30",156
"EDU",2007,"FT",6,"30-40",279
"EDU",2007,"FT",6,"40-50",588
"EDU",2007,"FT",6,"50-60",155
"EDU",2007,"FT",6,"60-70",46
"EDU",2007,"FT",6,"70-80",16
"EDU",2007,"FT",6,"80-90",13
"ENG",2007,"FT",6,"10-20",15
"ENG",2007,"FT",6,"20-30",52
"ENG",2007,"FT",6,"30-40",78
"ENG",2007,"FT",6,"40-50",291
"ENG",2007,"FT",6,"50-60",332
"ENG",2007,"FT",6,"60-70",134
"ENG",2007,"FT",6,"70-80",46
"ENG",2007,"FT",6,"80-90",24
"ENG",2007,"FT",6,">100",13
"FAA",2007,"FT",6,"0-10",16
"FAA",2007,"FT",6,"10-20",66
"FAA",2007,"FT",6,"20-30",113
"FAA",2007,"FT",6,"30-40",86
"FAA",2007,"FT",6,"40-50",44
"FAA",2007,"FT",6,"50-60",18
"FSN",2007,"FT",6,"20-30",20
"FSN",2007,"FT",6,"30-40",26
"FSN",2007,"FT",6,"40-50",17
"HPR",2007,"FT",6,"10-20",13
"HPR",2007,"FT",6,"20-30",25
"HPR",2007,"FT",6,"30-40",33
"HPR",2007,"FT",6,"40-50",29
"HPR",2007,"FT",6,"50-60",47
"HPR",2007,"FT",6,"60-70",21
"HUM",2007,"FT",6,"0-10",41
"HUM",2007,"FT",6,"10-20",133
"HUM",2007,"FT",6,"20-30",302
"HUM",2007,"FT",6,"30-40",336
"HUM",2007,"FT",6,"40-50",196
"HUM",2007,"FT",6,"50-60",64
"HUM",2007,"FT",6,"60-70",25
"HUM",2007,"FT",6,"70-80",13
"JOU",2007,"FT",6,"20-30",11
"JOU",2007,"FT",6,"30-40",16
"KRP",2007,"FT",6,"0-10",11
"KRP",2007,"FT",6,"10-20",49
"KRP",2007,"FT",6,"20-30",110
"KRP",2007,"FT",6,"30-40",102
"KRP",2007,"FT",6,"40-50",64
"KRP",2007,"FT",6,"50-60",27
"KRP",2007,"FT",6,"60-70",15
"LAW",2007,"FT",6,"20-30",12
"LAW",2007,"FT",6,"30-40",36
"LAW",2007,"FT",6,"40-50",63
"LAW",2007,"FT",6,"50-60",40
"LAW",2007,"FT",6,"60-70",40
"LAW",2007,"FT",6,"70-80",44
"LAW",2007,"FT",6,"80-90",10
"LAW",2007,"FT",6,"90-100",19
"LAW",2007,"FT",6,">100",16
"MAT",2007,"FT",6,"10-20",12
"MAT",2007,"FT",6,"20-30",18
"MAT",2007,"FT",6,"30-40",40
"MAT",2007,"FT",6,"40-50",43
"MAT",2007,"FT",6,"50-60",39
"MAT",2007,"FT",6,"60-70",23
"MED",2007,"FT",6,"40-50",52
"MED",2007,"FT",6,"50-60",43
"MED",2007,"FT",6,"60-70",10
"NUR",2007,"FT",6,"20-30",10
"NUR",2007,"FT",6,"30-40",38
"NUR",2007,"FT",6,"40-50",126
"NUR",2007,"FT",6,"50-60",314
"NUR",2007,"FT",6,"60-70",117
"NUR",2007,"FT",6,"70-80",64
"NUR",2007,"FT",6,"80-90",38
"OAS",2007,"FT",6,"10-20",32
"OAS",2007,"FT",6,"20-30",83
"OAS",2007,"FT",6,"30-40",95
"OAS",2007,"FT",6,"40-50",73
"OAS",2007,"FT",6,"50-60",49
"OAS",2007,"FT",6,"60-70",19
"OAS",2007,"FT",6,"70-80",20
"PHA",2007,"FT",6,"80-90",13
"PSC",2007,"FT",6,"20-30",21
"PSC",2007,"FT",6,"30-40",21
"PSC",2007,"FT",6,"40-50",13
"SSC",2007,"FT",6,"0-10",69
"SSC",2007,"FT",6,"10-20",221
"SSC",2007,"FT",6,"20-30",535
"SSC",2007,"FT",6,"30-40",733
"SSC",2007,"FT",6,"40-50",465
"SSC",2007,"FT",6,"50-60",224
"SSC",2007,"FT",6,"60-70",65
"SSC",2007,"FT",6,"70-80",38
"SSC",2007,"FT",6,"80-90",18
"SSC",2007,"FT",6,">100",21
"TRE",2007,"FT",6,"30-40",10
"TRE",2007,"FT",6,"40-50",12
"TRE",2007,"FT",6,"50-60",10
"VME",2007,"FT",6,"60-70",17
"ABS",2007,"FT",24,"0-10",11
"ABS",2007,"FT",24,"10-20",41
"ABS",2007,"FT",24,"20-30",84
"ABS",2007,"FT",24,"30-40",117
"ABS",2007,"FT",24,"40-50",160
"ABS",2007,"FT",24,"50-60",81
"ABS",2007,"FT",24,"60-70",39
"ABS",2007,"FT",24,"70-80",17
"ALA",2007,"FT",24,"40-50",20
"BCO",2007,"FT",24,"10-20",34
"BCO",2007,"FT",24,"20-30",88
"BCO",2007,"FT",24,"30-40",386
"BCO",2007,"FT",24,"40-50",540
"BCO",2007,"FT",24,"50-60",470
"BCO",2007,"FT",24,"60-70",296
"BCO",2007,"FT",24,"70-80",125
"BCO",2007,"FT",24,"80-90",37
"BCO",2007,"FT",24,"90-100",26
"BCO",2007,"FT",24,">100",43
"CSC",2007,"FT",24,"20-30",12
"CSC",2007,"FT",24,"30-40",20
"CSC",2007,"FT",24,"40-50",60
"CSC",2007,"FT",24,"50-60",103
"CSC",2007,"FT",24,"60-70",60
"CSC",2007,"FT",24,"70-80",32
"CSC",2007,"FT",24,"80-90",15
"DEN",2007,"FT",24,">100",14
"EDU",2007,"FT",24,"10-20",27
"EDU",2007,"FT",24,"20-30",113
"EDU",2007,"FT",24,"30-40",213
"EDU",2007,"FT",24,"40-50",479
"EDU",2007,"FT",24,"50-60",547
"EDU",2007,"FT",24,"60-70",114
"EDU",2007,"FT",24,"70-80",43
"EDU",2007,"FT",24,"80-90",22
"EDU",2007,"FT",24,"90-100",11
"ENG",2007,"FT",24,"10-20",11
"ENG",2007,"FT",24,"20-30",28
"ENG",2007,"FT",24,"30-40",47
"ENG",2007,"FT",24,"40-50",158
"ENG",2007,"FT",24,"50-60",377
"ENG",2007,"FT",24,"60-70",254
"ENG",2007,"FT",24,"70-80",107
"ENG",2007,"FT",24,"80-90",66
"ENG",2007,"FT",24,"90-100",30
"ENG",2007,"FT",24,">100",32
"FAA",2007,"FT",24,"10-20",47
"FAA",2007,"FT",24,"20-30",105
"FAA",2007,"FT",24,"30-40",120
"FAA",2007,"FT",24,"40-50",70
"FAA",2007,"FT",24,"50-60",42
"FAA",2007,"FT",24,"60-70",12
"FSN",2007,"FT",24,"20-30",20
"FSN",2007,"FT",24,"30-40",24
"FSN",2007,"FT",24,"40-50",24
"FSN",2007,"FT",24,"50-60",18
"FSN",2007,"FT",24,"60-70",18
"HPR",2007,"FT",24,"20-30",12
"HPR",2007,"FT",24,"30-40",26
"HPR",2007,"FT",24,"40-50",29
"HPR",2007,"FT",24,"50-60",51
"HPR",2007,"FT",24,"60-70",46
"HPR",2007,"FT",24,"70-80",22
"HUM",2007,"FT",24,"0-10",29
"HUM",2007,"FT",24,"10-20",77
"HUM",2007,"FT",24,"20-30",227
"HUM",2007,"FT",24,"30-40",382
"HUM",2007,"FT",24,"40-50",397
"HUM",2007,"FT",24,"50-60",193
"HUM",2007,"FT",24,"60-70",68
"HUM",2007,"FT",24,"70-80",25
"HUM",2007,"FT",24,"80-90",12
"JOU",2007,"FT",24,"30-40",18
"JOU",2007,"FT",24,"50-60",12
"KRP",2007,"FT",24,"10-20",32
"KRP",2007,"FT",24,"20-30",78
"KRP",2007,"FT",24,"30-40",100
"KRP",2007,"FT",24,"40-50",127
"KRP",2007,"FT",24,"50-60",75
"KRP",2007,"FT",24,"60-70",35
"KRP",2007,"FT",24,"70-80",10
"LAW",2007,"FT",24,"40-50",18
"LAW",2007,"FT",24,"50-60",27
"LAW",2007,"FT",24,"60-70",54
"LAW",2007,"FT",24,"70-80",40
"LAW",2007,"FT",24,"80-90",35
"LAW",2007,"FT",24,"90-100",46
"LAW",2007,"FT",24,">100",50
"MAT",2007,"FT",24,"20-30",10
"MAT",2007,"FT",24,"30-40",31
"MAT",2007,"FT",24,"40-50",40
"MAT",2007,"FT",24,"50-60",57
"MAT",2007,"FT",24,"60-70",45
"MAT",2007,"FT",24,"70-80",17
"MAT",2007,"FT",24,"80-90",10
"MED",2007,"FT",24,"40-50",11
"MED",2007,"FT",24,"50-60",48
"MED",2007,"FT",24,"60-70",31
"MED",2007,"FT",24,">100",23
"NUR",2007,"FT",24,"30-40",11
"NUR",2007,"FT",24,"40-50",64
"NUR",2007,"FT",24,"50-60",265
"NUR",2007,"FT",24,"60-70",215
"NUR",2007,"FT",24,"70-80",74
"NUR",2007,"FT",24,"80-90",49
"NUR",2007,"FT",24,"90-100",13
"NUR",2007,"FT",24,">100",11
"OPT",2007,"FT",24,">100",15
"OAS",2007,"FT",24,"10-20",15
"OAS",2007,"FT",24,"20-30",54
"OAS",2007,"FT",24,"30-40",96
"OAS",2007,"FT",24,"40-50",111
"OAS",2007,"FT",24,"50-60",71
"OAS",2007,"FT",24,"60-70",38
"OAS",2007,"FT",24,"70-80",23
"OAS",2007,"FT",24,"80-90",16
"OAS",2007,"FT",24,"90-100",14
"OAS",2007,"FT",24,">100",10
"PHA",2007,"FT",24,"80-90",16
"PHA",2007,"FT",24,">100",16
"PSC",2007,"FT",24,"20-30",15
"PSC",2007,"FT",24,"30-40",20
"PSC",2007,"FT",24,"40-50",21
"PSC",2007,"FT",24,"50-60",19
"SSC",2007,"FT",24,"0-10",30
"SSC",2007,"FT",24,"10-20",125
"SSC",2007,"FT",24,"20-30",375
"SSC",2007,"FT",24,"30-40",721
"SSC",2007,"FT",24,"40-50",790
"SSC",2007,"FT",24,"50-60",507
"SSC",2007,"FT",24,"60-70",191
"SSC",2007,"FT",24,"70-80",85
"SSC",2007,"FT",24,"80-90",31
"SSC",2007,"FT",24,"90-100",10
"SSC",2007,"FT",24,">100",30
"TRE",2007,"FT",24,"40-50",10
"TRE",2007,"FT",24,"50-60",11
"VME",2007,"FT",24,"60-70",13
"VME",2007,"FT",24,"70-80",12
"ABS",2007,"PT",6,"0-10",55
"ABS",2007,"PT",6,"10-20",60
"ABS",2007,"PT",6,"20-30",23
"BCO",2007,"PT",6,"0-10",18
"BCO",2007,"PT",6,"10-20",41
"BCO",2007,"PT",6,"20-30",30
"CSC",2007,"PT",6,"0-10",10
"EDU",2007,"PT",6,"0-10",86
"EDU",2007,"PT",6,"10-20",135
"EDU",2007,"PT",6,"20-30",187
"EDU",2007,"PT",6,"30-40",74
"EDU",2007,"PT",6,"40-50",30
"ENG",2007,"PT",6,"10-20",16
"ENG",2007,"PT",6,"20-30",15
"FAA",2007,"PT",6,"0-10",67
"FAA",2007,"PT",6,"10-20",68
"FAA",2007,"PT",6,"20-30",30
"FAA",2007,"PT",6,"30-40",11
"FSN",2007,"PT",6,"10-20",12
"HPR",2007,"PT",6,"0-10",21
"HPR",2007,"PT",6,"10-20",21
"HUM",2007,"PT",6,"0-10",152
"HUM",2007,"PT",6,"10-20",193
"HUM",2007,"PT",6,"20-30",94
"HUM",2007,"PT",6,"30-40",14
"KRP",2007,"PT",6,"0-10",43
"KRP",2007,"PT",6,"10-20",58
"KRP",2007,"PT",6,"20-30",27
"MAT",2007,"PT",6,"10-20",12
"NUR",2007,"PT",6,"30-40",12
"NUR",2007,"PT",6,"40-50",21
"NUR",2007,"PT",6,"50-60",19
"OAS",2007,"PT",6,"0-10",30
"OAS",2007,"PT",6,"10-20",38
"OAS",2007,"PT",6,"20-30",20
"PSC",2007,"PT",6,"0-10",10
"SSC",2007,"PT",6,"0-10",206
"SSC",2007,"PT",6,"10-20",343
"SSC",2007,"PT",6,"20-30",187
"SSC",2007,"PT",6,"30-40",52
"SSC",2007,"PT",6,"40-50",14
"ABS",2007,"PT",24,"0-10",40
"ABS",2007,"PT",24,"10-20",59
"ABS",2007,"PT",24,"20-30",23
"ABS",2007,"PT",24,"30-40",10
"BCO",2007,"PT",24,"0-10",12
"BCO",2007,"PT",24,"10-20",28
"BCO",2007,"PT",24,"20-30",13
"BCO",2007,"PT",24,"30-40",10
"EDU",2007,"PT",24,"0-10",50
"EDU",2007,"PT",24,"10-20",106
"EDU",2007,"PT",24,"20-30",143
"EDU",2007,"PT",24,"30-40",73
"EDU",2007,"PT",24,"40-50",21
"ENG",2007,"PT",24,"0-10",11
"ENG",2007,"PT",24,"10-20",18
"FAA",2007,"PT",24,"0-10",52
"FAA",2007,"PT",24,"10-20",60
"FAA",2007,"PT",24,"20-30",38
"FAA",2007,"PT",24,"30-40",12
"FSN",2007,"PT",24,"10-20",14
"HPR",2007,"PT",24,"0-10",13
"HPR",2007,"PT",24,"10-20",18
"HUM",2007,"PT",24,"0-10",114
"HUM",2007,"PT",24,"10-20",165
"HUM",2007,"PT",24,"20-30",85
"HUM",2007,"PT",24,"30-40",29
"HUM",2007,"PT",24,"40-50",13
"KRP",2007,"PT",24,"0-10",23
"KRP",2007,"PT",24,"10-20",38
"KRP",2007,"PT",24,"20-30",34
"NUR",2007,"PT",24,"20-30",14
"NUR",2007,"PT",24,"30-40",13
"NUR",2007,"PT",24,"40-50",22
"NUR",2007,"PT",24,"50-60",27
"NUR",2007,"PT",24,"60-70",13
"OAS",2007,"PT",24,"0-10",22
"OAS",2007,"PT",24,"10-20",36
"OAS",2007,"PT",24,"20-30",16
"PSC",2007,"PT",24,"10-20",12
"SSC",2007,"PT",24,"0-10",153
"SSC",2007,"PT",24,"10-20",245
"SSC",2007,"PT",24,"20-30",158
"SSC",2007,"PT",24,"30-40",65
"SSC",2007,"PT",24,"40-50",27
