"Program","Year","Confirmed","Choice","Count"
"AGR","07-08","N",1,176
"AGR","07-08","N",2,97
"AGR","07-08","N",3,54
"AGR","07-08","N",4,49
"AGR","08-09","N",1,186
"AGR","08-09","N",2,104
"AGR","08-09","N",3,78
"AGR","08-09","N",4,80
"AGR","09-10","N",1,195
"AGR","09-10","N",2,93
"AGR","09-10","N",3,75
"AGR","09-10","N",4,65
"AGR","10-11","N",1,188
"AGR","10-11","N",2,119
"AGR","10-11","N",3,82
"AGR","10-11","N",4,71
"AGR","11-12","N",1,219
"AGR","11-12","N",2,93
"AGR","11-12","N",3,72
"AGR","11-12","N",4,63
"AGR","12-13","N",1,229
"AGR","12-13","N",2,124
"AGR","12-13","N",3,100
"AGR","12-13","N",4,87
"AGR","13-14","N",1,231
"AGR","13-14","N",2,138
"AGR","13-14","N",3,107
"AGR","13-14","N",4,102
"AGR","14-15","N",1,254
"AGR","14-15","N",2,153
"AGR","14-15","N",3,120
"AGR","14-15","N",4,107
"AGR","15-16","N",1,262
"AGR","15-16","N",2,175
"AGR","15-16","N",3,140
"AGR","15-16","N",4,128
"AGR","16-17","N",1,260
"AGR","16-17","N",2,183
"AGR","16-17","N",3,174
"AGR","16-17","N",4,127
"ARC","07-08","N",1,1340
"ARC","07-08","N",2,905
"ARC","07-08","N",3,618
"ARC","07-08","N",4,474
"ARC","08-09","N",1,1412
"ARC","08-09","N",2,969
"ARC","08-09","N",3,664
"ARC","08-09","N",4,582
"ARC","09-10","N",1,1458
"ARC","09-10","N",2,1006
"ARC","09-10","N",3,679
"ARC","09-10","N",4,589
"ARC","10-11","N",1,1447
"ARC","10-11","N",2,944
"ARC","10-11","N",3,656
"ARC","10-11","N",4,542
"ARC","11-12","N",1,1418
"ARC","11-12","N",2,963
"ARC","11-12","N",3,655
"ARC","11-12","N",4,594
"ARC","12-13","N",1,1398
"ARC","12-13","N",2,952
"ARC","12-13","N",3,681
"ARC","12-13","N",4,643
"ARC","13-14","N",1,1425
"ARC","13-14","N",2,1007
"ARC","13-14","N",3,772
"ARC","13-14","N",4,751
"ARC","14-15","N",1,1373
"ARC","14-15","N",2,966
"ARC","14-15","N",3,740
"ARC","14-15","N",4,870
"ARC","15-16","N",1,1312
"ARC","15-16","N",2,967
"ARC","15-16","N",3,707
"ARC","15-16","N",4,870
"ARC","16-17","N",1,1303
"ARC","16-17","N",2,961
"ARC","16-17","N",3,716
"ARC","16-17","N",4,864
"ART","07-08","N",1,43669
"ART","07-08","N",2,41016
"ART","07-08","N",3,38042
"ART","07-08","N",4,46452
"ART","08-09","N",1,45163
"ART","08-09","N",2,42537
"ART","08-09","N",3,39564
"ART","08-09","N",4,48226
"ART","09-10","N",1,46502
"ART","09-10","N",2,44027
"ART","09-10","N",3,40464
"ART","09-10","N",4,47307
"ART","10-11","N",1,47039
"ART","10-11","N",2,44538
"ART","10-11","N",3,41256
"ART","10-11","N",4,46466
"ART","11-12","N",1,46780
"ART","11-12","N",2,44725
"ART","11-12","N",3,41621
"ART","11-12","N",4,45713
"ART","12-13","N",1,46386
"ART","12-13","N",2,44408
"ART","12-13","N",3,41656
"ART","12-13","N",4,46327
"ART","13-14","N",1,44167
"ART","13-14","N",2,43121
"ART","13-14","N",3,40625
"ART","13-14","N",4,47047
"ART","14-15","N",1,41911
"ART","14-15","N",2,40484
"ART","14-15","N",3,37405
"ART","14-15","N",4,46418
"ART","15-16","N",1,39307
"ART","15-16","N",2,38240
"ART","15-16","N",3,35394
"ART","15-16","N",4,43241
"ART","16-17","N",1,39764
"ART","16-17","N",2,38375
"ART","16-17","N",3,35775
"ART","16-17","N",4,45298
"BAD","07-08","N",1,21415
"BAD","07-08","N",2,19032
"BAD","07-08","N",3,17302
"BAD","07-08","N",4,29833
"BAD","08-09","N",1,22917
"BAD","08-09","N",2,19923
"BAD","08-09","N",3,17934
"BAD","08-09","N",4,31082
"BAD","09-10","N",1,21318
"BAD","09-10","N",2,18086
"BAD","09-10","N",3,16229
"BAD","09-10","N",4,27028
"BAD","10-11","N",1,21189
"BAD","10-11","N",2,17921
"BAD","10-11","N",3,15863
"BAD","10-11","N",4,26618
"BAD","11-12","N",1,21622
"BAD","11-12","N",2,18340
"BAD","11-12","N",3,16120
"BAD","11-12","N",4,27094
"BAD","12-13","N",1,22532
"BAD","12-13","N",2,19305
"BAD","12-13","N",3,17052
"BAD","12-13","N",4,29094
"BAD","13-14","N",1,23727
"BAD","13-14","N",2,20618
"BAD","13-14","N",3,18154
"BAD","13-14","N",4,32934
"BAD","14-15","N",1,23298
"BAD","14-15","N",2,20489
"BAD","14-15","N",3,18171
"BAD","14-15","N",4,34187
"BAD","15-16","N",1,23710
"BAD","15-16","N",2,20686
"BAD","15-16","N",3,18639
"BAD","15-16","N",4,36226
"BAD","16-17","N",1,23818
"BAD","16-17","N",2,21202
"BAD","16-17","N",3,18981
"BAD","16-17","N",4,37324
"DPR","07-08","N",1,188
"DPR","07-08","N",2,61
"DPR","07-08","N",3,39
"DPR","07-08","N",4,36
"DPR","08-09","N",1,148
"DPR","08-09","N",2,60
"DPR","08-09","N",3,37
"DPR","08-09","N",4,27
"DPR","09-10","N",1,175
"DPR","09-10","N",2,53
"DPR","09-10","N",3,32
"DPR","09-10","N",4,28
"DPR","10-11","N",1,182
"DPR","10-11","N",2,24
"DPR","10-11","N",3,28
"DPR","10-11","N",4,20
"DPR","11-12","N",1,156
"DPR","11-12","N",2,38
"DPR","11-12","N",3,20
"DPR","11-12","N",4,14
"DPR","12-13","N",1,161
"DPR","12-13","N",2,39
"DPR","12-13","N",3,20
"DPR","12-13","N",4,11
"DPR","13-14","N",1,188
"DPR","13-14","N",2,39
"DPR","13-14","N",3,27
"DPR","13-14","N",4,14
"DPR","14-15","N",1,144
"DPR","14-15","N",2,31
"DPR","14-15","N",3,23
"DPR","14-15","N",4,12
"DPR","15-16","N",1,139
"DPR","15-16","N",2,41
"DPR","15-16","N",3,22
"DPR","15-16","N",4,14
"DPR","16-17","N",1,114
"DPR","16-17","N",2,40
"DPR","16-17","N",3,21
"DPR","16-17","N",4,16
"EDU","07-08","N",1,3091
"EDU","07-08","N",2,2538
"EDU","07-08","N",3,2256
"EDU","07-08","N",4,2657
"EDU","08-09","N",1,2499
"EDU","08-09","N",2,2066
"EDU","08-09","N",3,1757
"EDU","08-09","N",4,2219
"EDU","09-10","N",1,2535
"EDU","09-10","N",2,2030
"EDU","09-10","N",3,1741
"EDU","09-10","N",4,2091
"EDU","10-11","N",1,2731
"EDU","10-11","N",2,2232
"EDU","10-11","N",3,1993
"EDU","10-11","N",4,2220
"EDU","11-12","N",1,2886
"EDU","11-12","N",2,2279
"EDU","11-12","N",3,2020
"EDU","11-12","N",4,2223
"EDU","12-13","N",1,2670
"EDU","12-13","N",2,2192
"EDU","12-13","N",3,1903
"EDU","12-13","N",4,2178
"EDU","13-14","N",1,2511
"EDU","13-14","N",2,2006
"EDU","13-14","N",3,1717
"EDU","13-14","N",4,1900
"EDU","14-15","N",1,2057
"EDU","14-15","N",2,1578
"EDU","14-15","N",3,1445
"EDU","14-15","N",4,1760
"EDU","15-16","N",1,1727
"EDU","15-16","N",2,1412
"EDU","15-16","N",3,1219
"EDU","15-16","N",4,1505
"EDU","16-17","N",1,1730
"EDU","16-17","N",2,1393
"EDU","16-17","N",3,1235
"EDU","16-17","N",4,1499
"ENG","07-08","N",1,11926
"ENG","07-08","N",2,9740
"ENG","07-08","N",3,8230
"ENG","07-08","N",4,11278
"ENG","08-09","N",1,12870
"ENG","08-09","N",2,10604
"ENG","08-09","N",3,8961
"ENG","08-09","N",4,12396
"ENG","09-10","N",1,13590
"ENG","09-10","N",2,11076
"ENG","09-10","N",3,9434
"ENG","09-10","N",4,12617
"ENG","10-11","N",1,13966
"ENG","10-11","N",2,11131
"ENG","10-11","N",3,9434
"ENG","10-11","N",4,12713
"ENG","11-12","N",1,15050
"ENG","11-12","N",2,12361
"ENG","11-12","N",3,10305
"ENG","11-12","N",4,13600
"ENG","12-13","N",1,16260
"ENG","12-13","N",2,13034
"ENG","12-13","N",3,11129
"ENG","12-13","N",4,15073
"ENG","13-14","N",1,17397
"ENG","13-14","N",2,14122
"ENG","13-14","N",3,11987
"ENG","13-14","N",4,17715
"ENG","14-15","N",1,19822
"ENG","14-15","N",2,15983
"ENG","14-15","N",3,13512
"ENG","14-15","N",4,22118
"ENG","15-16","N",1,20172
"ENG","15-16","N",2,16241
"ENG","15-16","N",3,13794
"ENG","15-16","N",4,24025
"ENG","16-17","N",1,21090
"ENG","16-17","N",2,17119
"ENG","16-17","N",3,14436
"ENG","16-17","N",4,26275
"EST","07-08","N",1,1204
"EST","07-08","N",2,986
"EST","07-08","N",3,832
"EST","07-08","N",4,1080
"EST","08-09","N",1,1510
"EST","08-09","N",2,1266
"EST","08-09","N",3,958
"EST","08-09","N",4,1312
"EST","09-10","N",1,1483
"EST","09-10","N",2,1286
"EST","09-10","N",3,1111
"EST","09-10","N",4,1348
"EST","10-11","N",1,1491
"EST","10-11","N",2,1319
"EST","10-11","N",3,1012
"EST","10-11","N",4,1285
"EST","11-12","N",1,1533
"EST","11-12","N",2,1275
"EST","11-12","N",3,1075
"EST","11-12","N",4,1385
"EST","12-13","N",1,1404
"EST","12-13","N",2,1194
"EST","12-13","N",3,933
"EST","12-13","N",4,1267
"EST","13-14","N",1,1289
"EST","13-14","N",2,1088
"EST","13-14","N",3,887
"EST","13-14","N",4,1210
"EST","14-15","N",1,1333
"EST","14-15","N",2,1131
"EST","14-15","N",3,912
"EST","14-15","N",4,1250
"EST","15-16","N",1,1001
"EST","15-16","N",2,792
"EST","15-16","N",3,708
"EST","15-16","N",4,1097
"EST","16-17","N",1,1017
"EST","16-17","N",2,911
"EST","16-17","N",3,855
"EST","16-17","N",4,1282
"FCS","07-08","N",1,1630
"FCS","07-08","N",2,1114
"FCS","07-08","N",3,916
"FCS","07-08","N",4,1036
"FCS","08-09","N",1,1904
"FCS","08-09","N",2,1240
"FCS","08-09","N",3,1034
"FCS","08-09","N",4,1004
"FCS","09-10","N",1,1897
"FCS","09-10","N",2,1311
"FCS","09-10","N",3,1071
"FCS","09-10","N",4,1115
"FCS","10-11","N",1,1985
"FCS","10-11","N",2,1370
"FCS","10-11","N",3,1129
"FCS","10-11","N",4,1179
"FCS","11-12","N",1,1921
"FCS","11-12","N",2,1347
"FCS","11-12","N",3,1164
"FCS","11-12","N",4,1150
"FCS","12-13","N",1,2034
"FCS","12-13","N",2,1496
"FCS","12-13","N",3,1285
"FCS","12-13","N",4,1271
"FCS","13-14","N",1,1993
"FCS","13-14","N",2,1532
"FCS","13-14","N",3,1287
"FCS","13-14","N",4,1304
"FCS","14-15","N",1,1984
"FCS","14-15","N",2,1477
"FCS","14-15","N",3,1182
"FCS","14-15","N",4,1330
"FCS","15-16","N",1,1847
"FCS","15-16","N",2,1459
"FCS","15-16","N",3,1254
"FCS","15-16","N",4,1378
"FCS","16-17","N",1,1799
"FCS","16-17","N",2,1263
"FCS","16-17","N",3,1067
"FCS","16-17","N",4,1252
"FAA","07-08","N",1,6962
"FAA","07-08","N",2,4827
"FAA","07-08","N",3,3691
"FAA","07-08","N",4,3298
"FAA","08-09","N",1,7040
"FAA","08-09","N",2,4833
"FAA","08-09","N",3,3620
"FAA","08-09","N",4,3262
"FAA","09-10","N",1,7154
"FAA","09-10","N",2,4960
"FAA","09-10","N",3,3608
"FAA","09-10","N",4,3243
"FAA","10-11","N",1,7139
"FAA","10-11","N",2,4819
"FAA","10-11","N",3,3573
"FAA","10-11","N",4,3116
"FAA","11-12","N",1,6716
"FAA","11-12","N",2,4662
"FAA","11-12","N",3,3382
"FAA","11-12","N",4,2957
"FAA","12-13","N",1,6575
"FAA","12-13","N",2,4355
"FAA","12-13","N",3,3166
"FAA","12-13","N",4,2552
"FAA","13-14","N",1,6980
"FAA","13-14","N",2,4556
"FAA","13-14","N",3,3352
"FAA","13-14","N",4,3057
"FAA","14-15","N",1,6770
"FAA","14-15","N",2,4419
"FAA","14-15","N",3,3219
"FAA","14-15","N",4,2962
"FAA","15-16","N",1,7516
"FAA","15-16","N",2,4900
"FAA","15-16","N",3,3530
"FAA","15-16","N",4,3526
"FAA","16-17","N",1,7231
"FAA","16-17","N",2,4878
"FAA","16-17","N",3,3658
"FAA","16-17","N",4,3467
"FOR","07-08","N",1,48
"FOR","07-08","N",2,17
"FOR","07-08","N",3,26
"FOR","07-08","N",4,14
"FOR","08-09","N",1,29
"FOR","08-09","N",2,15
"FOR","08-09","N",3,13
"FOR","08-09","N",4,11
"FOR","09-10","N",1,23
"FOR","09-10","N",2,21
"FOR","09-10","N",3,16
"FOR","09-10","N",4,8
"FOR","10-11","N",1,36
"FOR","10-11","N",2,14
"FOR","10-11","N",3,14
"FOR","10-11","N",4,11
"FOR","11-12","N",1,64
"FOR","11-12","N",2,43
"FOR","11-12","N",3,25
"FOR","11-12","N",4,19
"FOR","12-13","N",1,78
"FOR","12-13","N",2,40
"FOR","12-13","N",3,33
"FOR","12-13","N",4,21
"FOR","13-14","N",1,67
"FOR","13-14","N",2,50
"FOR","13-14","N",3,26
"FOR","13-14","N",4,23
"FOR","14-15","N",1,61
"FOR","14-15","N",2,42
"FOR","14-15","N",3,44
"FOR","14-15","N",4,29
"FOR","15-16","N",1,82
"FOR","15-16","N",2,47
"FOR","15-16","N",3,38
"FOR","15-16","N",4,31
"FOR","16-17","N",1,43
"FOR","16-17","N",2,17
"FOR","16-17","N",3,16
"FOR","16-17","N",4,14
"IPR","09-10","N",1,0
"IPR","09-10","N",2,0
"IPR","09-10","N",3,0
"IPR","09-10","N",4,0
"IPR","10-11","N",1,2
"IPR","10-11","N",2,1
"IPR","10-11","N",3,3
"IPR","10-11","N",4,3
"IPR","11-12","N",1,12
"IPR","11-12","N",2,6
"IPR","11-12","N",3,5
"IPR","11-12","N",4,5
"IPR","12-13","N",1,2
"IPR","12-13","N",2,12
"IPR","12-13","N",3,10
"IPR","12-13","N",4,12
"IPR","13-14","N",1,5
"IPR","13-14","N",2,2
"IPR","13-14","N",3,4
"IPR","13-14","N",4,4
"IPR","14-15","N",1,1
"IPR","14-15","N",2,6
"IPR","14-15","N",3,5
"IPR","14-15","N",4,8
"IPR","15-16","N",1,1
"IPR","15-16","N",2,3
"IPR","15-16","N",3,1
"IPR","15-16","N",4,10
"IPR","16-17","N",1,1
"IPR","16-17","N",2,0
"IPR","16-17","N",3,0
"IPR","16-17","N",4,3
"JOU","07-08","N",1,1951
"JOU","07-08","N",2,1359
"JOU","07-08","N",3,1133
"JOU","07-08","N",4,1212
"JOU","08-09","N",1,1935
"JOU","08-09","N",2,1375
"JOU","08-09","N",3,1069
"JOU","08-09","N",4,1257
"JOU","09-10","N",1,2061
"JOU","09-10","N",2,1407
"JOU","09-10","N",3,1089
"JOU","09-10","N",4,1066
"JOU","10-11","N",1,1760
"JOU","10-11","N",2,1260
"JOU","10-11","N",3,921
"JOU","10-11","N",4,900
"JOU","11-12","N",1,1752
"JOU","11-12","N",2,1145
"JOU","11-12","N",3,886
"JOU","11-12","N",4,859
"JOU","12-13","N",1,1574
"JOU","12-13","N",2,1108
"JOU","12-13","N",3,830
"JOU","12-13","N",4,853
"JOU","13-14","N",1,1392
"JOU","13-14","N",2,899
"JOU","13-14","N",3,671
"JOU","13-14","N",4,718
"JOU","14-15","N",1,1284
"JOU","14-15","N",2,884
"JOU","14-15","N",3,685
"JOU","14-15","N",4,629
"JOU","15-16","N",1,717
"JOU","15-16","N",2,586
"JOU","15-16","N",3,511
"JOU","15-16","N",4,539
"JOU","16-17","N",1,707
"JOU","16-17","N",2,596
"JOU","16-17","N",3,484
"JOU","16-17","N",4,506
"LAR","07-08","N",1,84
"LAR","07-08","N",2,23
"LAR","07-08","N",3,20
"LAR","07-08","N",4,21
"LAR","08-09","N",1,199
"LAR","08-09","N",2,94
"LAR","08-09","N",3,47
"LAR","08-09","N",4,103
"LAR","09-10","N",1,246
"LAR","09-10","N",2,74
"LAR","09-10","N",3,76
"LAR","09-10","N",4,100
"LAR","10-11","N",1,247
"LAR","10-11","N",2,111
"LAR","10-11","N",3,63
"LAR","10-11","N",4,105
"LAR","11-12","N",1,215
"LAR","11-12","N",2,113
"LAR","11-12","N",3,65
"LAR","11-12","N",4,106
"LAR","12-13","N",1,218
"LAR","12-13","N",2,108
"LAR","12-13","N",3,53
"LAR","12-13","N",4,106
"LAR","13-14","N",1,229
"LAR","13-14","N",2,86
"LAR","13-14","N",3,52
"LAR","13-14","N",4,86
"LAR","14-15","N",1,198
"LAR","14-15","N",2,84
"LAR","14-15","N",3,53
"LAR","14-15","N",4,97
"LAR","15-16","N",1,180
"LAR","15-16","N",2,83
"LAR","15-16","N",3,101
"LAR","15-16","N",4,167
"LAR","16-17","N",1,179
"LAR","16-17","N",2,95
"LAR","16-17","N",3,105
"LAR","16-17","N",4,132
"MAT","07-08","N",1,1916
"MAT","07-08","N",2,1301
"MAT","07-08","N",3,945
"MAT","07-08","N",4,1193
"MAT","08-09","N",1,2296
"MAT","08-09","N",2,1891
"MAT","08-09","N",3,1398
"MAT","08-09","N",4,1806
"MAT","09-10","N",1,2258
"MAT","09-10","N",2,1757
"MAT","09-10","N",3,1325
"MAT","09-10","N",4,1779
"MAT","10-11","N",1,2273
"MAT","10-11","N",2,1833
"MAT","10-11","N",3,1351
"MAT","10-11","N",4,1711
"MAT","11-12","N",1,2568
"MAT","11-12","N",2,1963
"MAT","11-12","N",3,1484
"MAT","11-12","N",4,2054
"MAT","12-13","N",1,2595
"MAT","12-13","N",2,2078
"MAT","12-13","N",3,1516
"MAT","12-13","N",4,2072
"MAT","13-14","N",1,2919
"MAT","13-14","N",2,2437
"MAT","13-14","N",3,1708
"MAT","13-14","N",4,2339
"MAT","14-15","N",1,3163
"MAT","14-15","N",2,2791
"MAT","14-15","N",3,1931
"MAT","14-15","N",4,2616
"MAT","15-16","N",1,3443
"MAT","15-16","N",2,2946
"MAT","15-16","N",3,1963
"MAT","15-16","N",4,2820
"MAT","16-17","N",1,3841
"MAT","16-17","N",2,3638
"MAT","16-17","N",3,2462
"MAT","16-17","N",4,3260
"MUS","07-08","N",1,1158
"MUS","07-08","N",2,762
"MUS","07-08","N",3,601
"MUS","07-08","N",4,534
"MUS","08-09","N",1,1116
"MUS","08-09","N",2,768
"MUS","08-09","N",3,625
"MUS","08-09","N",4,448
"MUS","09-10","N",1,1148
"MUS","09-10","N",2,825
"MUS","09-10","N",3,619
"MUS","09-10","N",4,420
"MUS","10-11","N",1,1166
"MUS","10-11","N",2,792
"MUS","10-11","N",3,608
"MUS","10-11","N",4,411
"MUS","11-12","N",1,1130
"MUS","11-12","N",2,767
"MUS","11-12","N",3,605
"MUS","11-12","N",4,418
"MUS","12-13","N",1,1097
"MUS","12-13","N",2,728
"MUS","12-13","N",3,569
"MUS","12-13","N",4,358
"MUS","13-14","N",1,1061
"MUS","13-14","N",2,694
"MUS","13-14","N",3,510
"MUS","13-14","N",4,353
"MUS","14-15","N",1,973
"MUS","14-15","N",2,647
"MUS","14-15","N",3,488
"MUS","14-15","N",4,360
"MUS","15-16","N",1,899
"MUS","15-16","N",2,550
"MUS","15-16","N",3,428
"MUS","15-16","N",4,312
"MUS","16-17","N",1,875
"MUS","16-17","N",2,494
"MUS","16-17","N",3,410
"MUS","16-17","N",4,290
"NUR","07-08","N",1,5626
"NUR","07-08","N",2,3851
"NUR","07-08","N",3,2928
"NUR","07-08","N",4,3122
"NUR","08-09","N",1,6143
"NUR","08-09","N",2,4435
"NUR","08-09","N",3,3366
"NUR","08-09","N",4,3557
"NUR","09-10","N",1,6391
"NUR","09-10","N",2,4766
"NUR","09-10","N",3,3748
"NUR","09-10","N",4,3760
"NUR","10-11","N",1,6937
"NUR","10-11","N",2,5394
"NUR","10-11","N",3,4124
"NUR","10-11","N",4,4382
"NUR","11-12","N",1,7074
"NUR","11-12","N",2,5520
"NUR","11-12","N",3,4267
"NUR","11-12","N",4,4296
"NUR","12-13","N",1,7339
"NUR","12-13","N",2,5758
"NUR","12-13","N",3,4546
"NUR","12-13","N",4,4689
"NUR","13-14","N",1,7647
"NUR","13-14","N",2,6152
"NUR","13-14","N",3,4886
"NUR","13-14","N",4,5486
"NUR","14-15","N",1,8125
"NUR","14-15","N",2,6555
"NUR","14-15","N",3,5105
"NUR","14-15","N",4,6346
"NUR","15-16","N",1,8114
"NUR","15-16","N",2,6565
"NUR","15-16","N",3,5119
"NUR","15-16","N",4,6406
"NUR","16-17","N",1,8124
"NUR","16-17","N",2,6516
"NUR","16-17","N",3,5175
"NUR","16-17","N",4,6732
"OPT","07-08","N",1,173
"OPT","07-08","N",2,0
"OPT","07-08","N",3,0
"OPT","07-08","N",4,2
"OPT","08-09","N",1,251
"OPT","08-09","N",2,1
"OPT","08-09","N",3,0
"OPT","08-09","N",4,1
"OPT","09-10","N",1,0
"OPT","09-10","N",2,0
"OPT","09-10","N",3,0
"OPT","09-10","N",4,0
"OPT","10-11","N",1,0
"OPT","10-11","N",2,0
"OPT","10-11","N",3,0
"OPT","10-11","N",4,0
"OPT","11-12","N",1,0
"OPT","11-12","N",2,0
"OPT","11-12","N",3,0
"OPT","11-12","N",4,0
"OAD","07-08","N",1,1378
"OAD","07-08","N",2,1199
"OAD","07-08","N",3,944
"OAD","07-08","N",4,1344
"OAD","08-09","N",1,1166
"OAD","08-09","N",2,1088
"OAD","08-09","N",3,887
"OAD","08-09","N",4,1479
"OAD","09-10","N",1,1219
"OAD","09-10","N",2,1154
"OAD","09-10","N",3,964
"OAD","09-10","N",4,1455
"OAD","10-11","N",1,1263
"OAD","10-11","N",2,1311
"OAD","10-11","N",3,1155
"OAD","10-11","N",4,1542
"OAD","11-12","N",1,1335
"OAD","11-12","N",2,1430
"OAD","11-12","N",3,1255
"OAD","11-12","N",4,1690
"OAD","12-13","N",1,1570
"OAD","12-13","N",2,1662
"OAD","12-13","N",3,1261
"OAD","12-13","N",4,1872
"OAD","13-14","N",1,1587
"OAD","13-14","N",2,1612
"OAD","13-14","N",3,1423
"OAD","13-14","N",4,1998
"OAD","14-15","N",1,1479
"OAD","14-15","N",2,1423
"OAD","14-15","N",3,1238
"OAD","14-15","N",4,1879
"OAD","15-16","N",1,1334
"OAD","15-16","N",2,1406
"OAD","15-16","N",3,1171
"OAD","15-16","N",4,1924
"OAD","16-17","N",1,1333
"OAD","16-17","N",2,1441
"OAD","16-17","N",3,1159
"OAD","16-17","N",4,1965
"ODE","07-08","N",1,3748
"ODE","07-08","N",2,2562
"ODE","07-08","N",3,2138
"ODE","07-08","N",4,2941
"ODE","08-09","N",1,3934
"ODE","08-09","N",2,2374
"ODE","08-09","N",3,1926
"ODE","08-09","N",4,2617
"ODE","09-10","N",1,4165
"ODE","09-10","N",2,2408
"ODE","09-10","N",3,1853
"ODE","09-10","N",4,2505
"ODE","10-11","N",1,4622
"ODE","10-11","N",2,2533
"ODE","10-11","N",3,1871
"ODE","10-11","N",4,2519
"ODE","11-12","N",1,4861
"ODE","11-12","N",2,2670
"ODE","11-12","N",3,1941
"ODE","11-12","N",4,2596
"ODE","12-13","N",1,4991
"ODE","12-13","N",2,2639
"ODE","12-13","N",3,1947
"ODE","12-13","N",4,2643
"ODE","13-14","N",1,5052
"ODE","13-14","N",2,2669
"ODE","13-14","N",3,1995
"ODE","13-14","N",4,2883
"ODE","14-15","N",1,5605
"ODE","14-15","N",2,2813
"ODE","14-15","N",3,2093
"ODE","14-15","N",4,3104
"ODE","15-16","N",1,5463
"ODE","15-16","N",2,2838
"ODE","15-16","N",3,1896
"ODE","15-16","N",4,2930
"ODE","16-17","N",1,5562
"ODE","16-17","N",2,2916
"ODE","16-17","N",3,2134
"ODE","16-17","N",4,3640
"PHE","07-08","N",1,5154
"PHE","07-08","N",2,4656
"PHE","07-08","N",3,4286
"PHE","07-08","N",4,6124
"PHE","08-09","N",1,4652
"PHE","08-09","N",2,4098
"PHE","08-09","N",3,3823
"PHE","08-09","N",4,5372
"PHE","09-10","N",1,4894
"PHE","09-10","N",2,4239
"PHE","09-10","N",3,3940
"PHE","09-10","N",4,5252
"PHE","10-11","N",1,5144
"PHE","10-11","N",2,4522
"PHE","10-11","N",3,4178
"PHE","10-11","N",4,5456
"PHE","11-12","N",1,5383
"PHE","11-12","N",2,4758
"PHE","11-12","N",3,4412
"PHE","11-12","N",4,5781
"PHE","12-13","N",1,5337
"PHE","12-13","N",2,4736
"PHE","12-13","N",3,4285
"PHE","12-13","N",4,5663
"PHE","13-14","N",1,5287
"PHE","13-14","N",2,4743
"PHE","13-14","N",3,4203
"PHE","13-14","N",4,5703
"PHE","14-15","N",1,5374
"PHE","14-15","N",2,4699
"PHE","14-15","N",3,4303
"PHE","14-15","N",4,6082
"PHE","15-16","N",1,5725
"PHE","15-16","N",2,4856
"PHE","15-16","N",3,4403
"PHE","15-16","N",4,6359
"PHE","16-17","N",1,5673
"PHE","16-17","N",2,5059
"PHE","16-17","N",3,4534
"PHE","16-17","N",4,6827
"PYP","07-08","N",1,17
"PYP","07-08","N",2,5
"PYP","07-08","N",3,4
"PYP","07-08","N",4,7
"PYP","08-09","N",1,14
"PYP","08-09","N",2,5
"PYP","08-09","N",3,5
"PYP","08-09","N",4,8
"PYP","09-10","N",1,8
"PYP","09-10","N",2,10
"PYP","09-10","N",3,7
"PYP","09-10","N",4,9
"PYP","10-11","N",1,9
"PYP","10-11","N",2,2
"PYP","10-11","N",3,3
"PYP","10-11","N",4,2
"PYP","11-12","N",1,8
"PYP","11-12","N",2,6
"PYP","11-12","N",3,5
"PYP","11-12","N",4,14
"PYP","12-13","N",1,11
"PYP","12-13","N",2,2
"PYP","12-13","N",3,5
"PYP","12-13","N",4,6
"PYP","13-14","N",1,14
"PYP","13-14","N",2,3
"PYP","13-14","N",3,5
"PYP","13-14","N",4,8
"PYP","14-15","N",1,18
"PYP","14-15","N",2,6
"PYP","14-15","N",3,5
"PYP","14-15","N",4,13
"PYP","15-16","N",1,18
"PYP","15-16","N",2,3
"PYP","15-16","N",3,6
"PYP","15-16","N",4,11
"PYP","16-17","N",1,8
"PYP","16-17","N",2,3
"PYP","16-17","N",3,5
"PYP","16-17","N",4,1
"RME","07-08","N",1,1
"RME","07-08","N",2,8
"RME","07-08","N",3,6
"RME","07-08","N",4,3
"RME","08-09","N",1,1
"RME","08-09","N",2,2
"RME","08-09","N",3,3
"RME","08-09","N",4,4
"RME","09-10","N",1,3
"RME","09-10","N",2,7
"RME","09-10","N",3,5
"RME","09-10","N",4,6
"RME","10-11","N",1,1
"RME","10-11","N",2,3
"RME","10-11","N",3,3
"RME","10-11","N",4,3
"RME","11-12","N",1,4
"RME","11-12","N",2,3
"RME","11-12","N",3,2
"RME","11-12","N",4,2
"RME","12-13","N",1,2
"RME","12-13","N",2,2
"RME","12-13","N",3,4
"RME","12-13","N",4,4
"RME","13-14","N",1,2
"RME","13-14","N",2,1
"RME","13-14","N",3,1
"RME","13-14","N",4,4
"RME","14-15","N",1,0
"RME","14-15","N",2,5
"RME","14-15","N",3,2
"RME","14-15","N",4,2
"RME","15-16","N",1,0
"RME","15-16","N",2,1
"RME","15-16","N",3,1
"RME","15-16","N",4,1
"RME","16-17","N",1,1
"RME","16-17","N",2,5
"RME","16-17","N",3,1
"RME","16-17","N",4,1
"SCI","07-08","N",1,21851
"SCI","07-08","N",2,20679
"SCI","07-08","N",3,19421
"SCI","07-08","N",4,30340
"SCI","08-09","N",1,22226
"SCI","08-09","N",2,21142
"SCI","08-09","N",3,19647
"SCI","08-09","N",4,30809
"SCI","09-10","N",1,22638
"SCI","09-10","N",2,21708
"SCI","09-10","N",3,19945
"SCI","09-10","N",4,30843
"SCI","10-11","N",1,23607
"SCI","10-11","N",2,22917
"SCI","10-11","N",3,21164
"SCI","10-11","N",4,32090
"SCI","11-12","N",1,25030
"SCI","11-12","N",2,24310
"SCI","11-12","N",3,22487
"SCI","11-12","N",4,33742
"SCI","12-13","N",1,26170
"SCI","12-13","N",2,25466
"SCI","12-13","N",3,23485
"SCI","12-13","N",4,35981
"SCI","13-14","N",1,27364
"SCI","13-14","N",2,26479
"SCI","13-14","N",3,24486
"SCI","13-14","N",4,40742
"SCI","14-15","N",1,28381
"SCI","14-15","N",2,27200
"SCI","14-15","N",3,25143
"SCI","14-15","N",4,44061
"SCI","15-16","N",1,28533
"SCI","15-16","N",2,27826
"SCI","15-16","N",3,25655
"SCI","15-16","N",4,46243
"SCI","16-17","N",1,29629
"SCI","16-17","N",2,28788
"SCI","16-17","N",3,26725
"SCI","16-17","N",4,50651
"SWO","07-08","N",1,1801
"SWO","07-08","N",2,1339
"SWO","07-08","N",3,1091
"SWO","07-08","N",4,1014
"SWO","08-09","N",1,1744
"SWO","08-09","N",2,1311
"SWO","08-09","N",3,1094
"SWO","08-09","N",4,990
"SWO","09-10","N",1,1907
"SWO","09-10","N",2,1393
"SWO","09-10","N",3,1199
"SWO","09-10","N",4,1080
"SWO","10-11","N",1,2182
"SWO","10-11","N",2,1546
"SWO","10-11","N",3,1289
"SWO","10-11","N",4,995
"SWO","11-12","N",1,2538
"SWO","11-12","N",2,1831
"SWO","11-12","N",3,1494
"SWO","11-12","N",4,1154
"SWO","12-13","N",1,2649
"SWO","12-13","N",2,1864
"SWO","12-13","N",3,1485
"SWO","12-13","N",4,1161
"SWO","13-14","N",1,2766
"SWO","13-14","N",2,2101
"SWO","13-14","N",3,1670
"SWO","13-14","N",4,1334
"SWO","14-15","N",1,2920
"SWO","14-15","N",2,2205
"SWO","14-15","N",3,1729
"SWO","14-15","N",4,1485
"SWO","15-16","N",1,2782
"SWO","15-16","N",2,2104
"SWO","15-16","N",3,1727
"SWO","15-16","N",4,1518
"SWO","16-17","N",1,2614
"SWO","16-17","N",2,1917
"SWO","16-17","N",3,1528
"SWO","16-17","N",4,1244
"VME","07-08","N",1,120
"VME","07-08","N",2,0
"VME","07-08","N",3,1
"VME","07-08","N",4,0
"VME","08-09","N",1,73
"VME","08-09","N",2,1
"VME","08-09","N",3,1
"VME","08-09","N",4,1
"VME","09-10","N",1,70
"VME","09-10","N",2,0
"VME","09-10","N",3,0
"VME","09-10","N",4,0
"VME","10-11","N",1,89
"VME","10-11","N",2,1
"VME","10-11","N",3,0
"VME","10-11","N",4,0
"VME","11-12","N",1,95
"VME","11-12","N",2,0
"VME","11-12","N",3,0
"VME","11-12","N",4,0
"VME","12-13","N",1,86
"VME","12-13","N",2,0
"VME","12-13","N",3,0
"VME","12-13","N",4,0
"VME","13-14","N",1,92
"VME","13-14","N",2,2
"VME","13-14","N",3,1
"VME","13-14","N",4,0
"VME","14-15","N",1,110
"VME","14-15","N",2,4
"VME","14-15","N",3,0
"VME","14-15","N",4,1
"VME","15-16","N",1,131
"VME","15-16","N",2,2
"VME","15-16","N",3,0
"VME","15-16","N",4,0
"VME","16-17","N",1,174
"VME","16-17","N",2,1
"VME","16-17","N",3,1
"VME","16-17","N",4,0
"AGR","07-08","Y",1,70
"AGR","07-08","Y",2,11
"AGR","07-08","Y",3,3
"AGR","07-08","Y",4,3
"AGR","08-09","Y",1,104
"AGR","08-09","Y",2,14
"AGR","08-09","Y",3,2
"AGR","08-09","Y",4,2
"AGR","09-10","Y",1,100
"AGR","09-10","Y",2,6
"AGR","09-10","Y",3,3
"AGR","09-10","Y",4,3
"AGR","10-11","Y",1,98
"AGR","10-11","Y",2,16
"AGR","10-11","Y",3,1
"AGR","10-11","Y",4,1
"AGR","11-12","Y",1,100
"AGR","11-12","Y",2,10
"AGR","11-12","Y",3,6
"AGR","11-12","Y",4,6
"AGR","12-13","Y",1,105
"AGR","12-13","Y",2,17
"AGR","12-13","Y",3,10
"AGR","12-13","Y",4,10
"AGR","13-14","Y",1,118
"AGR","13-14","Y",2,20
"AGR","13-14","Y",3,8
"AGR","13-14","Y",4,8
"AGR","14-15","Y",1,139
"AGR","14-15","Y",2,22
"AGR","14-15","Y",3,8
"AGR","14-15","Y",4,8
"AGR","15-16","Y",1,137
"AGR","15-16","Y",2,22
"AGR","15-16","Y",3,7
"AGR","15-16","Y",4,7
"AGR","16-17","Y",1,144
"AGR","16-17","Y",2,30
"AGR","16-17","Y",3,11
"AGR","16-17","Y",4,11
"ARC","07-08","Y",1,197
"ARC","07-08","Y",2,68
"ARC","07-08","Y",3,25
"ARC","07-08","Y",4,25
"ARC","08-09","Y",1,187
"ARC","08-09","Y",2,79
"ARC","08-09","Y",3,32
"ARC","08-09","Y",4,32
"ARC","09-10","Y",1,178
"ARC","09-10","Y",2,63
"ARC","09-10","Y",3,26
"ARC","09-10","Y",4,26
"ARC","10-11","Y",1,190
"ARC","10-11","Y",2,68
"ARC","10-11","Y",3,27
"ARC","10-11","Y",4,27
"ARC","11-12","Y",1,181
"ARC","11-12","Y",2,75
"ARC","11-12","Y",3,31
"ARC","11-12","Y",4,31
"ARC","12-13","Y",1,212
"ARC","12-13","Y",2,68
"ARC","12-13","Y",3,25
"ARC","12-13","Y",4,25
"ARC","13-14","Y",1,203
"ARC","13-14","Y",2,99
"ARC","13-14","Y",3,52
"ARC","13-14","Y",4,52
"ARC","14-15","Y",1,237
"ARC","14-15","Y",2,81
"ARC","14-15","Y",3,50
"ARC","14-15","Y",4,50
"ARC","15-16","Y",1,242
"ARC","15-16","Y",2,88
"ARC","15-16","Y",3,37
"ARC","15-16","Y",4,37
"ARC","16-17","Y",1,226
"ARC","16-17","Y",2,100
"ARC","16-17","Y",3,57
"ARC","16-17","Y",4,57
"ART","07-08","Y",1,19678
"ART","07-08","Y",2,7143
"ART","07-08","Y",3,4098
"ART","07-08","Y",4,4098
"ART","08-09","Y",1,20469
"ART","08-09","Y",2,7286
"ART","08-09","Y",3,4155
"ART","08-09","Y",4,4155
"ART","09-10","Y",1,20584
"ART","09-10","Y",2,7691
"ART","09-10","Y",3,4377
"ART","09-10","Y",4,4377
"ART","10-11","Y",1,21951
"ART","10-11","Y",2,7719
"ART","10-11","Y",3,4521
"ART","10-11","Y",4,4521
"ART","11-12","Y",1,21741
"ART","11-12","Y",2,7826
"ART","11-12","Y",3,4625
"ART","11-12","Y",4,4625
"ART","12-13","Y",1,21361
"ART","12-13","Y",2,7814
"ART","12-13","Y",3,4645
"ART","12-13","Y",4,4645
"ART","13-14","Y",1,20503
"ART","13-14","Y",2,7573
"ART","13-14","Y",3,4423
"ART","13-14","Y",4,4423
"ART","14-15","Y",1,18951
"ART","14-15","Y",2,6880
"ART","14-15","Y",3,4158
"ART","14-15","Y",4,4158
"ART","15-16","Y",1,18729
"ART","15-16","Y",2,6736
"ART","15-16","Y",3,3857
"ART","15-16","Y",4,3857
"ART","16-17","Y",1,18578
"ART","16-17","Y",2,6698
"ART","16-17","Y",3,3839
"ART","16-17","Y",4,3839
"BAD","07-08","Y",1,6695
"BAD","07-08","Y",2,2743
"BAD","07-08","Y",3,1622
"BAD","07-08","Y",4,1622
"BAD","08-09","Y",1,7278
"BAD","08-09","Y",2,2848
"BAD","08-09","Y",3,1552
"BAD","08-09","Y",4,1552
"BAD","09-10","Y",1,6618
"BAD","09-10","Y",2,2548
"BAD","09-10","Y",3,1447
"BAD","09-10","Y",4,1447
"BAD","10-11","Y",1,6842
"BAD","10-11","Y",2,2603
"BAD","10-11","Y",3,1526
"BAD","10-11","Y",4,1526
"BAD","11-12","Y",1,7107
"BAD","11-12","Y",2,2753
"BAD","11-12","Y",3,1579
"BAD","11-12","Y",4,1579
"BAD","12-13","Y",1,7377
"BAD","12-13","Y",2,2737
"BAD","12-13","Y",3,1616
"BAD","12-13","Y",4,1616
"BAD","13-14","Y",1,7407
"BAD","13-14","Y",2,3038
"BAD","13-14","Y",3,1809
"BAD","13-14","Y",4,1809
"BAD","14-15","Y",1,7325
"BAD","14-15","Y",2,3006
"BAD","14-15","Y",3,1735
"BAD","14-15","Y",4,1735
"BAD","15-16","Y",1,7837
"BAD","15-16","Y",2,3127
"BAD","15-16","Y",3,1796
"BAD","15-16","Y",4,1796
"BAD","16-17","Y",1,7673
"BAD","16-17","Y",2,3166
"BAD","16-17","Y",3,1880
"BAD","16-17","Y",4,1880
"DPR","07-08","Y",1,83
"DPR","07-08","Y",2,8
"DPR","07-08","Y",3,6
"DPR","07-08","Y",4,6
"DPR","08-09","Y",1,58
"DPR","08-09","Y",2,5
"DPR","08-09","Y",3,3
"DPR","08-09","Y",4,3
"DPR","09-10","Y",1,76
"DPR","09-10","Y",2,6
"DPR","09-10","Y",3,3
"DPR","09-10","Y",4,3
"DPR","10-11","Y",1,95
"DPR","10-11","Y",2,5
"DPR","10-11","Y",3,4
"DPR","10-11","Y",4,4
"DPR","11-12","Y",1,76
"DPR","11-12","Y",2,5
"DPR","11-12","Y",3,4
"DPR","11-12","Y",4,4
"DPR","12-13","Y",1,66
"DPR","12-13","Y",2,9
"DPR","12-13","Y",3,3
"DPR","12-13","Y",4,3
"DPR","13-14","Y",1,103
"DPR","13-14","Y",2,6
"DPR","13-14","Y",3,6
"DPR","13-14","Y",4,6
"DPR","14-15","Y",1,74
"DPR","14-15","Y",2,5
"DPR","14-15","Y",3,1
"DPR","14-15","Y",4,1
"DPR","15-16","Y",1,70
"DPR","15-16","Y",2,6
"DPR","15-16","Y",3,1
"DPR","15-16","Y",4,1
"DPR","16-17","Y",1,58
"DPR","16-17","Y",2,5
"DPR","16-17","Y",3,1
"DPR","16-17","Y",4,1
"EDU","07-08","Y",1,991
"EDU","07-08","Y",2,305
"EDU","07-08","Y",3,165
"EDU","07-08","Y",4,165
"EDU","08-09","Y",1,849
"EDU","08-09","Y",2,234
"EDU","08-09","Y",3,123
"EDU","08-09","Y",4,123
"EDU","09-10","Y",1,917
"EDU","09-10","Y",2,277
"EDU","09-10","Y",3,142
"EDU","09-10","Y",4,142
"EDU","10-11","Y",1,1056
"EDU","10-11","Y",2,296
"EDU","10-11","Y",3,151
"EDU","10-11","Y",4,151
"EDU","11-12","Y",1,955
"EDU","11-12","Y",2,262
"EDU","11-12","Y",3,118
"EDU","11-12","Y",4,118
"EDU","12-13","Y",1,884
"EDU","12-13","Y",2,249
"EDU","12-13","Y",3,137
"EDU","12-13","Y",4,137
"EDU","13-14","Y",1,842
"EDU","13-14","Y",2,217
"EDU","13-14","Y",3,97
"EDU","13-14","Y",4,97
"EDU","14-15","Y",1,598
"EDU","14-15","Y",2,170
"EDU","14-15","Y",3,84
"EDU","14-15","Y",4,84
"EDU","15-16","Y",1,559
"EDU","15-16","Y",2,132
"EDU","15-16","Y",3,63
"EDU","15-16","Y",4,63
"EDU","16-17","Y",1,602
"EDU","16-17","Y",2,154
"EDU","16-17","Y",3,79
"EDU","16-17","Y",4,79
"ENG","07-08","Y",1,4589
"ENG","07-08","Y",2,1438
"ENG","07-08","Y",3,706
"ENG","07-08","Y",4,706
"ENG","08-09","Y",1,4737
"ENG","08-09","Y",2,1555
"ENG","08-09","Y",3,793
"ENG","08-09","Y",4,793
"ENG","09-10","Y",1,4972
"ENG","09-10","Y",2,1601
"ENG","09-10","Y",3,931
"ENG","09-10","Y",4,931
"ENG","10-11","Y",1,5198
"ENG","10-11","Y",2,1723
"ENG","10-11","Y",3,896
"ENG","10-11","Y",4,896
"ENG","11-12","Y",1,5272
"ENG","11-12","Y",2,1824
"ENG","11-12","Y",3,1116
"ENG","11-12","Y",4,1116
"ENG","12-13","Y",1,5451
"ENG","12-13","Y",2,1835
"ENG","12-13","Y",3,1182
"ENG","12-13","Y",4,1182
"ENG","13-14","Y",1,5592
"ENG","13-14","Y",2,2037
"ENG","13-14","Y",3,1251
"ENG","13-14","Y",4,1251
"ENG","14-15","Y",1,5742
"ENG","14-15","Y",2,2203
"ENG","14-15","Y",3,1435
"ENG","14-15","Y",4,1435
"ENG","15-16","Y",1,5943
"ENG","15-16","Y",2,2219
"ENG","15-16","Y",3,1410
"ENG","15-16","Y",4,1410
"ENG","16-17","Y",1,5957
"ENG","16-17","Y",2,2339
"ENG","16-17","Y",3,1519
"ENG","16-17","Y",4,1519
"EST","07-08","Y",1,565
"EST","07-08","Y",2,209
"EST","07-08","Y",3,130
"EST","07-08","Y",4,130
"EST","08-09","Y",1,669
"EST","08-09","Y",2,267
"EST","08-09","Y",3,120
"EST","08-09","Y",4,120
"EST","09-10","Y",1,645
"EST","09-10","Y",2,274
"EST","09-10","Y",3,150
"EST","09-10","Y",4,150
"EST","10-11","Y",1,636
"EST","10-11","Y",2,258
"EST","10-11","Y",3,144
"EST","10-11","Y",4,144
"EST","11-12","Y",1,640
"EST","11-12","Y",2,241
"EST","11-12","Y",3,148
"EST","11-12","Y",4,148
"EST","12-13","Y",1,588
"EST","12-13","Y",2,219
"EST","12-13","Y",3,141
"EST","12-13","Y",4,141
"EST","13-14","Y",1,617
"EST","13-14","Y",2,253
"EST","13-14","Y",3,138
"EST","13-14","Y",4,138
"EST","14-15","Y",1,631
"EST","14-15","Y",2,265
"EST","14-15","Y",3,154
"EST","14-15","Y",4,154
"EST","15-16","Y",1,479
"EST","15-16","Y",2,146
"EST","15-16","Y",3,120
"EST","15-16","Y",4,120
"EST","16-17","Y",1,485
"EST","16-17","Y",2,179
"EST","16-17","Y",3,109
"EST","16-17","Y",4,109
"FCS","07-08","Y",1,510
"FCS","07-08","Y",2,118
"FCS","07-08","Y",3,60
"FCS","07-08","Y",4,60
"FCS","08-09","Y",1,617
"FCS","08-09","Y",2,119
"FCS","08-09","Y",3,60
"FCS","08-09","Y",4,60
"FCS","09-10","Y",1,592
"FCS","09-10","Y",2,132
"FCS","09-10","Y",3,69
"FCS","09-10","Y",4,69
"FCS","10-11","Y",1,581
"FCS","10-11","Y",2,157
"FCS","10-11","Y",3,84
"FCS","10-11","Y",4,84
"FCS","11-12","Y",1,589
"FCS","11-12","Y",2,158
"FCS","11-12","Y",3,93
"FCS","11-12","Y",4,93
"FCS","12-13","Y",1,602
"FCS","12-13","Y",2,193
"FCS","12-13","Y",3,91
"FCS","12-13","Y",4,91
"FCS","13-14","Y",1,621
"FCS","13-14","Y",2,188
"FCS","13-14","Y",3,108
"FCS","13-14","Y",4,108
"FCS","14-15","Y",1,734
"FCS","14-15","Y",2,189
"FCS","14-15","Y",3,100
"FCS","14-15","Y",4,100
"FCS","15-16","Y",1,683
"FCS","15-16","Y",2,202
"FCS","15-16","Y",3,102
"FCS","15-16","Y",4,102
"FCS","16-17","Y",1,695
"FCS","16-17","Y",2,180
"FCS","16-17","Y",3,95
"FCS","16-17","Y",4,95
"FAA","07-08","Y",1,2121
"FAA","07-08","Y",2,557
"FAA","07-08","Y",3,280
"FAA","07-08","Y",4,280
"FAA","08-09","Y",1,2175
"FAA","08-09","Y",2,626
"FAA","08-09","Y",3,310
"FAA","08-09","Y",4,310
"FAA","09-10","Y",1,2309
"FAA","09-10","Y",2,667
"FAA","09-10","Y",3,318
"FAA","09-10","Y",4,318
"FAA","10-11","Y",1,2492
"FAA","10-11","Y",2,676
"FAA","10-11","Y",3,339
"FAA","10-11","Y",4,339
"FAA","11-12","Y",1,2395
"FAA","11-12","Y",2,716
"FAA","11-12","Y",3,301
"FAA","11-12","Y",4,301
"FAA","12-13","Y",1,2458
"FAA","12-13","Y",2,685
"FAA","12-13","Y",3,310
"FAA","12-13","Y",4,310
"FAA","13-14","Y",1,2583
"FAA","13-14","Y",2,692
"FAA","13-14","Y",3,299
"FAA","13-14","Y",4,299
"FAA","14-15","Y",1,2549
"FAA","14-15","Y",2,639
"FAA","14-15","Y",3,289
"FAA","14-15","Y",4,289
"FAA","15-16","Y",1,2746
"FAA","15-16","Y",2,783
"FAA","15-16","Y",3,338
"FAA","15-16","Y",4,338
"FAA","16-17","Y",1,2773
"FAA","16-17","Y",2,722
"FAA","16-17","Y",3,348
"FAA","16-17","Y",4,348
"FOR","07-08","Y",1,23
"FOR","07-08","Y",2,2
"FOR","07-08","Y",3,2
"FOR","07-08","Y",4,2
"FOR","08-09","Y",1,16
"FOR","08-09","Y",2,2
"FOR","08-09","Y",3,0
"FOR","08-09","Y",4,0
"FOR","09-10","Y",1,15
"FOR","09-10","Y",2,3
"FOR","09-10","Y",3,1
"FOR","09-10","Y",4,1
"FOR","10-11","Y",1,20
"FOR","10-11","Y",2,2
"FOR","10-11","Y",3,2
"FOR","10-11","Y",4,2
"FOR","11-12","Y",1,35
"FOR","11-12","Y",2,10
"FOR","11-12","Y",3,3
"FOR","11-12","Y",4,3
"FOR","12-13","Y",1,48
"FOR","12-13","Y",2,5
"FOR","12-13","Y",3,2
"FOR","12-13","Y",4,2
"FOR","13-14","Y",1,39
"FOR","13-14","Y",2,8
"FOR","13-14","Y",3,2
"FOR","13-14","Y",4,2
"FOR","14-15","Y",1,40
"FOR","14-15","Y",2,4
"FOR","14-15","Y",3,4
"FOR","14-15","Y",4,4
"FOR","15-16","Y",1,49
"FOR","15-16","Y",2,5
"FOR","15-16","Y",3,2
"FOR","15-16","Y",4,2
"FOR","16-17","Y",1,30
"FOR","16-17","Y",2,1
"FOR","16-17","Y",3,1
"FOR","16-17","Y",4,1
"IPR","09-10","Y",1,0
"IPR","09-10","Y",2,0
"IPR","09-10","Y",3,0
"IPR","09-10","Y",4,0
"IPR","10-11","Y",1,0
"IPR","10-11","Y",2,0
"IPR","10-11","Y",3,0
"IPR","10-11","Y",4,0
"IPR","11-12","Y",1,0
"IPR","11-12","Y",2,0
"IPR","11-12","Y",3,0
"IPR","11-12","Y",4,0
"IPR","12-13","Y",1,0
"IPR","12-13","Y",2,0
"IPR","12-13","Y",3,0
"IPR","12-13","Y",4,0
"IPR","13-14","Y",1,0
"IPR","13-14","Y",2,0
"IPR","13-14","Y",3,0
"IPR","13-14","Y",4,0
"IPR","14-15","Y",1,0
"IPR","14-15","Y",2,0
"IPR","14-15","Y",3,0
"IPR","14-15","Y",4,0
"IPR","15-16","Y",1,0
"IPR","15-16","Y",2,0
"IPR","15-16","Y",3,0
"IPR","15-16","Y",4,0
"IPR","16-17","Y",1,0
"IPR","16-17","Y",2,0
"IPR","16-17","Y",3,0
"IPR","16-17","Y",4,0
"JOU","07-08","Y",1,408
"JOU","07-08","Y",2,105
"JOU","07-08","Y",3,57
"JOU","07-08","Y",4,57
"JOU","08-09","Y",1,441
"JOU","08-09","Y",2,103
"JOU","08-09","Y",3,39
"JOU","08-09","Y",4,39
"JOU","09-10","Y",1,440
"JOU","09-10","Y",2,107
"JOU","09-10","Y",3,35
"JOU","09-10","Y",4,35
"JOU","10-11","Y",1,419
"JOU","10-11","Y",2,91
"JOU","10-11","Y",3,38
"JOU","10-11","Y",4,38
"JOU","11-12","Y",1,451
"JOU","11-12","Y",2,99
"JOU","11-12","Y",3,41
"JOU","11-12","Y",4,41
"JOU","12-13","Y",1,427
"JOU","12-13","Y",2,87
"JOU","12-13","Y",3,36
"JOU","12-13","Y",4,36
"JOU","13-14","Y",1,416
"JOU","13-14","Y",2,85
"JOU","13-14","Y",3,45
"JOU","13-14","Y",4,45
"JOU","14-15","Y",1,385
"JOU","14-15","Y",2,101
"JOU","14-15","Y",3,46
"JOU","14-15","Y",4,46
"JOU","15-16","Y",1,249
"JOU","15-16","Y",2,65
"JOU","15-16","Y",3,31
"JOU","15-16","Y",4,31
"JOU","16-17","Y",1,276
"JOU","16-17","Y",2,71
"JOU","16-17","Y",3,32
"JOU","16-17","Y",4,32
"LAR","07-08","Y",1,43
"LAR","07-08","Y",2,4
"LAR","07-08","Y",3,0
"LAR","07-08","Y",4,0
"LAR","08-09","Y",1,52
"LAR","08-09","Y",2,1
"LAR","08-09","Y",3,0
"LAR","08-09","Y",4,0
"LAR","09-10","Y",1,49
"LAR","09-10","Y",2,2
"LAR","09-10","Y",3,0
"LAR","09-10","Y",4,0
"LAR","10-11","Y",1,53
"LAR","10-11","Y",2,7
"LAR","10-11","Y",3,1
"LAR","10-11","Y",4,1
"LAR","11-12","Y",1,52
"LAR","11-12","Y",2,8
"LAR","11-12","Y",3,0
"LAR","11-12","Y",4,0
"LAR","12-13","Y",1,51
"LAR","12-13","Y",2,5
"LAR","12-13","Y",3,2
"LAR","12-13","Y",4,2
"LAR","13-14","Y",1,53
"LAR","13-14","Y",2,4
"LAR","13-14","Y",3,0
"LAR","13-14","Y",4,0
"LAR","14-15","Y",1,68
"LAR","14-15","Y",2,5
"LAR","14-15","Y",3,0
"LAR","14-15","Y",4,0
"LAR","15-16","Y",1,67
"LAR","15-16","Y",2,11
"LAR","15-16","Y",3,6
"LAR","15-16","Y",4,6
"LAR","16-17","Y",1,63
"LAR","16-17","Y",2,11
"LAR","16-17","Y",3,7
"LAR","16-17","Y",4,7
"MAT","07-08","Y",1,870
"MAT","07-08","Y",2,263
"MAT","07-08","Y",3,108
"MAT","07-08","Y",4,108
"MAT","08-09","Y",1,930
"MAT","08-09","Y",2,348
"MAT","08-09","Y",3,154
"MAT","08-09","Y",4,154
"MAT","09-10","Y",1,964
"MAT","09-10","Y",2,295
"MAT","09-10","Y",3,160
"MAT","09-10","Y",4,160
"MAT","10-11","Y",1,981
"MAT","10-11","Y",2,310
"MAT","10-11","Y",3,159
"MAT","10-11","Y",4,159
"MAT","11-12","Y",1,969
"MAT","11-12","Y",2,334
"MAT","11-12","Y",3,138
"MAT","11-12","Y",4,138
"MAT","12-13","Y",1,983
"MAT","12-13","Y",2,339
"MAT","12-13","Y",3,168
"MAT","12-13","Y",4,168
"MAT","13-14","Y",1,988
"MAT","13-14","Y",2,364
"MAT","13-14","Y",3,183
"MAT","13-14","Y",4,183
"MAT","14-15","Y",1,975
"MAT","14-15","Y",2,418
"MAT","14-15","Y",3,198
"MAT","14-15","Y",4,198
"MAT","15-16","Y",1,890
"MAT","15-16","Y",2,407
"MAT","15-16","Y",3,161
"MAT","15-16","Y",4,161
"MAT","16-17","Y",1,878
"MAT","16-17","Y",2,482
"MAT","16-17","Y",3,227
"MAT","16-17","Y",4,227
"MUS","07-08","Y",1,421
"MUS","07-08","Y",2,92
"MUS","07-08","Y",3,43
"MUS","07-08","Y",4,43
"MUS","08-09","Y",1,377
"MUS","08-09","Y",2,109
"MUS","08-09","Y",3,49
"MUS","08-09","Y",4,49
"MUS","09-10","Y",1,388
"MUS","09-10","Y",2,127
"MUS","09-10","Y",3,53
"MUS","09-10","Y",4,53
"MUS","10-11","Y",1,416
"MUS","10-11","Y",2,108
"MUS","10-11","Y",3,54
"MUS","10-11","Y",4,54
"MUS","11-12","Y",1,390
"MUS","11-12","Y",2,107
"MUS","11-12","Y",3,33
"MUS","11-12","Y",4,33
"MUS","12-13","Y",1,426
"MUS","12-13","Y",2,88
"MUS","12-13","Y",3,42
"MUS","12-13","Y",4,42
"MUS","13-14","Y",1,407
"MUS","13-14","Y",2,101
"MUS","13-14","Y",3,44
"MUS","13-14","Y",4,44
"MUS","14-15","Y",1,403
"MUS","14-15","Y",2,91
"MUS","14-15","Y",3,39
"MUS","14-15","Y",4,39
"MUS","15-16","Y",1,381
"MUS","15-16","Y",2,94
"MUS","15-16","Y",3,40
"MUS","15-16","Y",4,40
"MUS","16-17","Y",1,419
"MUS","16-17","Y",2,75
"MUS","16-17","Y",3,39
"MUS","16-17","Y",4,39
"NUR","07-08","Y",1,1681
"NUR","07-08","Y",2,493
"NUR","07-08","Y",3,267
"NUR","07-08","Y",4,267
"NUR","08-09","Y",1,1620
"NUR","08-09","Y",2,562
"NUR","08-09","Y",3,256
"NUR","08-09","Y",4,256
"NUR","09-10","Y",1,1610
"NUR","09-10","Y",2,563
"NUR","09-10","Y",3,295
"NUR","09-10","Y",4,295
"NUR","10-11","Y",1,1586
"NUR","10-11","Y",2,597
"NUR","10-11","Y",3,333
"NUR","10-11","Y",4,333
"NUR","11-12","Y",1,1600
"NUR","11-12","Y",2,589
"NUR","11-12","Y",3,304
"NUR","11-12","Y",4,304
"NUR","12-13","Y",1,1607
"NUR","12-13","Y",2,561
"NUR","12-13","Y",3,342
"NUR","12-13","Y",4,342
"NUR","13-14","Y",1,1659
"NUR","13-14","Y",2,636
"NUR","13-14","Y",3,329
"NUR","13-14","Y",4,329
"NUR","14-15","Y",1,1625
"NUR","14-15","Y",2,616
"NUR","14-15","Y",3,329
"NUR","14-15","Y",4,329
"NUR","15-16","Y",1,1766
"NUR","15-16","Y",2,671
"NUR","15-16","Y",3,345
"NUR","15-16","Y",4,345
"NUR","16-17","Y",1,1684
"NUR","16-17","Y",2,636
"NUR","16-17","Y",3,315
"NUR","16-17","Y",4,315
"OPT","07-08","Y",1,55
"OPT","07-08","Y",2,0
"OPT","07-08","Y",3,0
"OPT","07-08","Y",4,0
"OPT","08-09","Y",1,95
"OPT","08-09","Y",2,1
"OPT","08-09","Y",3,0
"OPT","08-09","Y",4,0
"OPT","09-10","Y",1,0
"OPT","09-10","Y",2,0
"OPT","09-10","Y",3,0
"OPT","09-10","Y",4,0
"OPT","10-11","Y",1,0
"OPT","10-11","Y",2,0
"OPT","10-11","Y",3,0
"OPT","10-11","Y",4,0
"OPT","11-12","Y",1,0
"OPT","11-12","Y",2,0
"OPT","11-12","Y",3,0
"OPT","11-12","Y",4,0
"OAD","07-08","Y",1,310
"OAD","07-08","Y",2,134
"OAD","07-08","Y",3,91
"OAD","07-08","Y",4,91
"OAD","08-09","Y",1,311
"OAD","08-09","Y",2,139
"OAD","08-09","Y",3,90
"OAD","08-09","Y",4,90
"OAD","09-10","Y",1,298
"OAD","09-10","Y",2,139
"OAD","09-10","Y",3,93
"OAD","09-10","Y",4,93
"OAD","10-11","Y",1,317
"OAD","10-11","Y",2,145
"OAD","10-11","Y",3,94
"OAD","10-11","Y",4,94
"OAD","11-12","Y",1,353
"OAD","11-12","Y",2,181
"OAD","11-12","Y",3,104
"OAD","11-12","Y",4,104
"OAD","12-13","Y",1,444
"OAD","12-13","Y",2,211
"OAD","12-13","Y",3,89
"OAD","12-13","Y",4,89
"OAD","13-14","Y",1,433
"OAD","13-14","Y",2,152
"OAD","13-14","Y",3,129
"OAD","13-14","Y",4,129
"OAD","14-15","Y",1,467
"OAD","14-15","Y",2,177
"OAD","14-15","Y",3,119
"OAD","14-15","Y",4,119
"OAD","15-16","Y",1,398
"OAD","15-16","Y",2,195
"OAD","15-16","Y",3,123
"OAD","15-16","Y",4,123
"OAD","16-17","Y",1,414
"OAD","16-17","Y",2,152
"OAD","16-17","Y",3,100
"OAD","16-17","Y",4,100
"ODE","07-08","Y",1,987
"ODE","07-08","Y",2,288
"ODE","07-08","Y",3,123
"ODE","07-08","Y",4,123
"ODE","08-09","Y",1,1054
"ODE","08-09","Y",2,256
"ODE","08-09","Y",3,103
"ODE","08-09","Y",4,103
"ODE","09-10","Y",1,1073
"ODE","09-10","Y",2,225
"ODE","09-10","Y",3,85
"ODE","09-10","Y",4,85
"ODE","10-11","Y",1,1099
"ODE","10-11","Y",2,239
"ODE","10-11","Y",3,114
"ODE","10-11","Y",4,114
"ODE","11-12","Y",1,1116
"ODE","11-12","Y",2,257
"ODE","11-12","Y",3,121
"ODE","11-12","Y",4,121
"ODE","12-13","Y",1,1088
"ODE","12-13","Y",2,262
"ODE","12-13","Y",3,100
"ODE","12-13","Y",4,100
"ODE","13-14","Y",1,1137
"ODE","13-14","Y",2,301
"ODE","13-14","Y",3,132
"ODE","13-14","Y",4,132
"ODE","14-15","Y",1,1165
"ODE","14-15","Y",2,309
"ODE","14-15","Y",3,144
"ODE","14-15","Y",4,144
"ODE","15-16","Y",1,1203
"ODE","15-16","Y",2,288
"ODE","15-16","Y",3,130
"ODE","15-16","Y",4,130
"ODE","16-17","Y",1,1218
"ODE","16-17","Y",2,323
"ODE","16-17","Y",3,141
"ODE","16-17","Y",4,141
"PHE","07-08","Y",1,1854
"PHE","07-08","Y",2,594
"PHE","07-08","Y",3,357
"PHE","07-08","Y",4,357
"PHE","08-09","Y",1,1722
"PHE","08-09","Y",2,582
"PHE","08-09","Y",3,337
"PHE","08-09","Y",4,337
"PHE","09-10","Y",1,1883
"PHE","09-10","Y",2,604
"PHE","09-10","Y",3,399
"PHE","09-10","Y",4,399
"PHE","10-11","Y",1,2069
"PHE","10-11","Y",2,684
"PHE","10-11","Y",3,398
"PHE","10-11","Y",4,398
"PHE","11-12","Y",1,2131
"PHE","11-12","Y",2,728
"PHE","11-12","Y",3,451
"PHE","11-12","Y",4,451
"PHE","12-13","Y",1,2115
"PHE","12-13","Y",2,722
"PHE","12-13","Y",3,430
"PHE","12-13","Y",4,430
"PHE","13-14","Y",1,2114
"PHE","13-14","Y",2,789
"PHE","13-14","Y",3,436
"PHE","13-14","Y",4,436
"PHE","14-15","Y",1,2161
"PHE","14-15","Y",2,707
"PHE","14-15","Y",3,457
"PHE","14-15","Y",4,457
"PHE","15-16","Y",1,2432
"PHE","15-16","Y",2,775
"PHE","15-16","Y",3,498
"PHE","15-16","Y",4,498
"PHE","16-17","Y",1,2439
"PHE","16-17","Y",2,884
"PHE","16-17","Y",3,521
"PHE","16-17","Y",4,521
"PYP","07-08","Y",1,7
"PYP","07-08","Y",2,1
"PYP","07-08","Y",3,1
"PYP","07-08","Y",4,1
"PYP","08-09","Y",1,5
"PYP","08-09","Y",2,1
"PYP","08-09","Y",3,0
"PYP","08-09","Y",4,0
"PYP","09-10","Y",1,3
"PYP","09-10","Y",2,0
"PYP","09-10","Y",3,3
"PYP","09-10","Y",4,3
"PYP","10-11","Y",1,2
"PYP","10-11","Y",2,1
"PYP","10-11","Y",3,0
"PYP","10-11","Y",4,0
"PYP","11-12","Y",1,4
"PYP","11-12","Y",2,1
"PYP","11-12","Y",3,0
"PYP","11-12","Y",4,0
"PYP","12-13","Y",1,2
"PYP","12-13","Y",2,0
"PYP","12-13","Y",3,1
"PYP","12-13","Y",4,1
"PYP","13-14","Y",1,5
"PYP","13-14","Y",2,0
"PYP","13-14","Y",3,0
"PYP","13-14","Y",4,0
"PYP","14-15","Y",1,5
"PYP","14-15","Y",2,1
"PYP","14-15","Y",3,0
"PYP","14-15","Y",4,0
"PYP","15-16","Y",1,6
"PYP","15-16","Y",2,0
"PYP","15-16","Y",3,1
"PYP","15-16","Y",4,1
"PYP","16-17","Y",1,3
"PYP","16-17","Y",2,0
"PYP","16-17","Y",3,1
"PYP","16-17","Y",4,1
"RME","07-08","Y",1,0
"RME","07-08","Y",2,0
"RME","07-08","Y",3,0
"RME","07-08","Y",4,0
"RME","08-09","Y",1,0
"RME","08-09","Y",2,0
"RME","08-09","Y",3,0
"RME","08-09","Y",4,0
"RME","09-10","Y",1,0
"RME","09-10","Y",2,0
"RME","09-10","Y",3,0
"RME","09-10","Y",4,0
"RME","10-11","Y",1,0
"RME","10-11","Y",2,0
"RME","10-11","Y",3,0
"RME","10-11","Y",4,0
"RME","11-12","Y",1,0
"RME","11-12","Y",2,0
"RME","11-12","Y",3,0
"RME","11-12","Y",4,0
"RME","12-13","Y",1,0
"RME","12-13","Y",2,0
"RME","12-13","Y",3,0
"RME","12-13","Y",4,0
"RME","13-14","Y",1,0
"RME","13-14","Y",2,0
"RME","13-14","Y",3,0
"RME","13-14","Y",4,0
"RME","14-15","Y",1,0
"RME","14-15","Y",2,0
"RME","14-15","Y",3,0
"RME","14-15","Y",4,0
"RME","15-16","Y",1,0
"RME","15-16","Y",2,0
"RME","15-16","Y",3,0
"RME","15-16","Y",4,0
"RME","16-17","Y",1,0
"RME","16-17","Y",2,0
"RME","16-17","Y",3,0
"RME","16-17","Y",4,0
"SCI","07-08","Y",1,8831
"SCI","07-08","Y",2,3142
"SCI","07-08","Y",3,1807
"SCI","07-08","Y",4,1807
"SCI","08-09","Y",1,8966
"SCI","08-09","Y",2,3273
"SCI","08-09","Y",3,1873
"SCI","08-09","Y",4,1873
"SCI","09-10","Y",1,8738
"SCI","09-10","Y",2,3403
"SCI","09-10","Y",3,1886
"SCI","09-10","Y",4,1886
"SCI","10-11","Y",1,9567
"SCI","10-11","Y",2,3590
"SCI","10-11","Y",3,2171
"SCI","10-11","Y",4,2171
"SCI","11-12","Y",1,9940
"SCI","11-12","Y",2,3918
"SCI","11-12","Y",3,2319
"SCI","11-12","Y",4,2319
"SCI","12-13","Y",1,10417
"SCI","12-13","Y",2,4291
"SCI","12-13","Y",3,2449
"SCI","12-13","Y",4,2449
"SCI","13-14","Y",1,10743
"SCI","13-14","Y",2,4353
"SCI","13-14","Y",3,2639
"SCI","13-14","Y",4,2639
"SCI","14-15","Y",1,10988
"SCI","14-15","Y",2,4665
"SCI","14-15","Y",3,2769
"SCI","14-15","Y",4,2769
"SCI","15-16","Y",1,11709
"SCI","15-16","Y",2,5033
"SCI","15-16","Y",3,3011
"SCI","15-16","Y",4,3011
"SCI","16-17","Y",1,11683
"SCI","16-17","Y",2,5010
"SCI","16-17","Y",3,3035
"SCI","16-17","Y",4,3035
"SWO","07-08","Y",1,611
"SWO","07-08","Y",2,161
"SWO","07-08","Y",3,88
"SWO","07-08","Y",4,88
"SWO","08-09","Y",1,607
"SWO","08-09","Y",2,141
"SWO","08-09","Y",3,77
"SWO","08-09","Y",4,77
"SWO","09-10","Y",1,642
"SWO","09-10","Y",2,198
"SWO","09-10","Y",3,88
"SWO","09-10","Y",4,88
"SWO","10-11","Y",1,729
"SWO","10-11","Y",2,187
"SWO","10-11","Y",3,96
"SWO","10-11","Y",4,96
"SWO","11-12","Y",1,810
"SWO","11-12","Y",2,201
"SWO","11-12","Y",3,120
"SWO","11-12","Y",4,120
"SWO","12-13","Y",1,792
"SWO","12-13","Y",2,225
"SWO","12-13","Y",3,117
"SWO","12-13","Y",4,117
"SWO","13-14","Y",1,870
"SWO","13-14","Y",2,252
"SWO","13-14","Y",3,136
"SWO","13-14","Y",4,136
"SWO","14-15","Y",1,892
"SWO","14-15","Y",2,250
"SWO","14-15","Y",3,145
"SWO","14-15","Y",4,145
"SWO","15-16","Y",1,1018
"SWO","15-16","Y",2,289
"SWO","15-16","Y",3,126
"SWO","15-16","Y",4,126
"SWO","16-17","Y",1,932
"SWO","16-17","Y",2,248
"SWO","16-17","Y",3,100
"SWO","16-17","Y",4,100
"VME","07-08","Y",1,2
"VME","07-08","Y",2,0
"VME","07-08","Y",3,0
"VME","07-08","Y",4,0
"VME","08-09","Y",1,21
"VME","08-09","Y",2,0
"VME","08-09","Y",3,0
"VME","08-09","Y",4,0
"VME","09-10","Y",1,25
"VME","09-10","Y",2,0
"VME","09-10","Y",3,0
"VME","09-10","Y",4,0
"VME","10-11","Y",1,1
"VME","10-11","Y",2,0
"VME","10-11","Y",3,0
"VME","10-11","Y",4,0
"VME","11-12","Y",1,1
"VME","11-12","Y",2,0
"VME","11-12","Y",3,0
"VME","11-12","Y",4,0
"VME","12-13","Y",1,1
"VME","12-13","Y",2,0
"VME","12-13","Y",3,0
"VME","12-13","Y",4,0
"VME","13-14","Y",1,2
"VME","13-14","Y",2,0
"VME","13-14","Y",3,0
"VME","13-14","Y",4,0
"VME","14-15","Y",1,1
"VME","14-15","Y",2,0
"VME","14-15","Y",3,0
"VME","14-15","Y",4,0
"VME","15-16","Y",1,3
"VME","15-16","Y",2,1
"VME","15-16","Y",3,0
"VME","15-16","Y",4,0
"VME","16-17","Y",1,3
"VME","16-17","Y",2,0
"VME","16-17","Y",3,0
"VME","16-17","Y",4,0
