"College","Program","PrerequisiteGroup","PrerequisitePicks","PrerequisiteSubject","PrerequisiteLevel","PrerequisiteType","PrerequisiteMinGrade","PrerequisiteRecommended"
"ALG","1522X01FWO",1,1,"ENG","4","C",,
"ALG","1522X01FWO",2,1,"MATH","4","C",60,
"ALG","0476X01FWO",1,1,"ENG","4","C",65,
"ALG","1927X01FWO",1,1,"ENG","4","C",65,
"ALG","1927X01FWO",2,1,"MATH","3/4","",65,
"ALG","1927X01FWO",3,1,"BIO","3/4","",65,
"ALG","1927X01FWO",4,1,"CHEM","3/4","",65,
"ALG","0430X01FWO",1,1,"ENG","4","C",65,
"ALG","1438H01FWO",1,1,"ENG","4","C",60,
"ALG","1438V01FWO",1,1,"ENG","4","C",,
"ALG","1438V01FWO",2,1,"MATH","3/4","C",,
"ALG","1521X01FWO",1,1,"ENG","4","C",,
"ALG","1521X01FWO",2,1,"MATH","4","C",,
"ALG","1619X01FWO",1,1,"ENG","4","C",,
"ALG","1615X01FWO",1,1,"ENG","4","C",65,
"ALG","1615X01FWO",2,1,"MATH","4","C",65,
"ALG","1615X01FWO",3,1,"PHYS","4","C",65,
"ALG","1615X01FWO",4,1,"BIO","3/4","C",65,
"ALG","1615X01FWO",4,1,"CHEM","3/4","C",65,
"ALG","1405X04FWO",1,1,"ENG","4","C",,
"ALG","1623X01FWO",1,1,"ENG","4","C",,
"ALG","1623X01FWO",2,1,"MATH","4","C",,
"ALG","1623X01FWO",3,1,"BIO","3/4","C",,
"ALG","0620X01FWO",1,1,"ENG","4","C",,
"ALG","0620X01FWO",2,1,"MATH","4","C",,
"ALG","0620X01FWO",3,1,"BIO","3/4","C",,
"ALG","0620X01FWO",4,1,"CHEM","3/4","C",,
"ALG","1511X01FW0",1,1,"ENG","4","C",,
"ALG","1511X01FW0",2,1,"MATH","4","C",,
"ALG","1704X01FWO",1,1,"ENG","4","C",,
"ALG","1704X01FWO",2,1,"MATH","4","C",65,
"ALG","1704X01FWO",3,1,"BIO","3/4","C",65,
"ALG","1704X01FWO",4,1,"CHEM","3/4","C",65,
"ALG","6236X01FWO",1,1,"ENG","4","C",,
"ALG","0606X01FWO",1,1,"ENG","4","C",70,
"ALG","0606X01FWO",2,1,"MATH","4","C",70,
"ALG","0606X01FWO",3,1,"BIO","3/4","C",70,
"ALG","0606X01FWO",4,1,"CHEM","3/4","C",70,
"ALG","0606X01FWO",5,1,"PHYS","4","C",70,
"ALG","0432X01FWO",1,1,"ENG","4","C",65,
"ALG","6320X01FWO",1,1,"ENG","4","C",65,
"ALG","6320X01FWO",2,1,"MATH","4","C",70,
"ALG","6320X01FWO",3,1,"BIO","3/4","C",70,
"ALG","6320X01FWO",4,1,"CHEM","3/4","C",65,
"ALG","1507X01FWO",1,1,"ENG","4","C",,
"ALG","1507X01FWO",2,1,"MATH","4","C",,
"CAM","APPD",1,1,"Any","3/4","",,
"CAM","BSCN",1,1,"ENG","4","U",70,
"CAM","BSCN",2,1,"BIO","4","U",70,
"CAM","BSCN",3,1,"CHEM","4","U",70,
"CAM","BSCN",4,3,"Any","4","U/M",70,
"CAM","DHYG",1,1,"ENG","4","U/M/C",60,
"CAM","DHYG",2,1,"BIO","3/4","U/C",60,
"CAM","DHYG",3,1,"CHEM","3/4","U/C",60,
"CAM","USPG",1,1,"ENG","4","U/M/C",60,
"CAM","USPG",2,1,"BIO","3/4","U/C",60,
"CAM","USPG",2,1,"CHEM","3/4","U/C",60,
"CAM","USPG",3,1,"MATH","4","U/M/C",60,
"CAM","USPG",4,1,"PHYS","3/4","U/C",60,
"CAM","EETQ",1,1,"ENG","4","U/C",,
"CAM","EETQ",2,1,"MATH","4","U/C",,
"CAM","MRIP",1,1,"Any","3/4","",,
"CAM","MLTY",1,1,"ENG","4","U/M/C",70,
"CAM","MLTY",2,1,"CHEM","3","U/M/C",70,
"CAM","MLTY",3,1,"BIO","3/4","U/M/C",70,
"CAM","MLTY",4,1,"MATH","4","U/C",70,
"CAM","MRTY",1,1,"ENG","4","U/M/C",60,
"CAM","MRTY",2,1,"BIO","3/4","U/C",60,
"CAM","MRTY",2,1,"CHEM","3/4","U/C",60,
"CAM","MRTY",3,1,"MATH","4","U/M/C",60,
"CAM","MRTY",4,1,"PHYS","3/4","U/C",60,
"CAM","PETQ",1,1,"ENG","4","U/M/C",,
"CAM","PETQ",2,1,"MATH","4","U/C",,
"CAM","PLTN",1,1,"ENG","4","U/M/C",,
"CAM","PLTN",2,1,"MATH","4","U/M/C",,
"CAM","PNDP",1,1,"ENG","4","U/M/C",60,
"CAM","PNDP",2,1,"BIO","3/4","U/M/C",60,
"CAM","PNDP",3,1,"CHEM","3/4","U/M/C",60,
"CAM","PNDP",4,1,"MATH","3/4","U/M/C",60,
"CAN","040208",1,1,"ENG","4","U/C",,
"CAN","040208",2,1,"BIO","3/4","U/C",,
"CAN","040208",3,1,"MATH","3/4","U/C",,
"CAN","040208",4,1,"CHEM","3/4","",,
"CAN","040208",4,1,"PHYS","3/4","U/C",,
"CAN","040301",1,1,"ENG","4","U/C",,
"CAN","040301",2,1,"BIO","3/4","U/C",,
"CAN","040108",1,1,"ENG","4","U/C",,
"CAN","040108",2,1,"BIO","3/4","U/C",,
"CAN","040108",3,1,"MATH","4","U/C",,
"CAN","040108",4,1,"CHEM","3/4","",,
"CAN","040108",4,1,"PHYS","3/4","U/C",,
"CAN","040301",1,1,"ENG","4","U/C",,
"CAN","040301",2,1,"BIO","3/4","U/C",,
"CAN","040301",3,1,"MATH","4","U/C",,
"CAN","040301",4,1,"CHEM","3/4","",,
"CAN","040301",4,1,"PHYS","3/4","U/C",,
"CEN","8206",1,1,"ENG","4","U/C",55,
"CEN","8206",2,1,"MATH","3","U/M",55,
"CEN","8206",2,1,"MATH","4","U/C",55,
"CEN","8216",1,1,"ENG","4","U/C",55,
"CEN","8216",2,1,"MATH","3","U/M",55,
"CEN","8216",2,1,"MATH","4","U/C",55,
"CEN","8112",1,1,"ENG","4","U/C",60,
"CEN","8112",2,1,"MATH","3","U/M",60,
"CEN","8112",2,1,"MATH","4","U/M/C",60,
"CEN","8113",1,1,"ENG","4","U/C",60,
"CEN","8113",2,1,"MATH","3","U/M",60,
"CEN","8113",2,1,"MATH","4","U/M/C",60,
"CEN","9250",1,6,"Any","4","U/M",70,
"CEN","9250",1,6,"ENG","4","U",70,
"CEN","9250",1,6,"BIO","4","U",70,
"CEN","9250",1,6,"CHEM","4","U",70,
"CEN","9250",1,6,"MATH","3","U/M",70,
"CEN","9250",1,6,"MATH","4","U",70,
"CEN","1205",1,1,"ENG","4","U/C",70,
"CEN","1206",1,1,"ENG","4","U/C",70,
"CEN","3821",1,1,"ENG","4","U/C",55,
"CEN","3821",2,1,"MATH","3","U/M",55,
"CEN","3821",2,1,"MATH","4","U/C",55,
"CEN","9320",1,1,"ENG","4","U/C",70,
"CEN","9320",2,1,"BIO","3/4","U/C",,
"CEN","9320",2,1,"PHYS","3/4","U/C",,
"CEN","9320",2,1,"CHEM","3/4","U/C",,
"CEN","9320",2,1,"EXER","3/4","U/C",,
"CEN","3506",1,1,"ENG","4","U/C",80,
"CEN","3506",2,1,"MATH","4","U/M/C",80,
"CEN","3506",3,1,"BIO","3/4","U/C",,
"CEN","9151",1,1,"ENG","4","U/C",,
"CEN","9151",2,1,"BIO","3/4","U/C",,
"CEN","9101",1,1,"ENG","4","U/C",75,
"CEN","9101",2,1,"MATH","3","U/M",75,
"CEN","9101",2,1,"MATH","4","U/C",75,
"CEN","9101",3,1,"BIO","3/4","U/C",75,
"CEN","9101",4,1,"PHYS","3","",75,
"CEN","9101",4,1,"CHEM","3","",75,
"CEN","9101",4,1,"EXER","3","",75,
"CEN","1260",1,1,"ENG","4","U/C",70,
"CEN","1260",2,1,"MATH","3","U/M",55,
"CEN","1260",2,1,"MATH","4","U/C",55,
"CEN","1260",3,1,"SCI","3","U/C",55,
"CEN","1260",3,1,"SCI","4","U/C",55,
"CEN","9350",1,1,"ENG","4","U/C",75,
"CEN","9350",2,1,"MATH","3","U/M",75,
"CEN","9350",2,1,"MATH","4","U/C",75,
"CEN","9350",3,1,"BIO","3","U/C",75,
"CEN","9350",4,1,"PHYS","3/4","U/C",75,
"CEN","9350",4,1,"CHEM","3/4","U/C",75,
"CEN","9350",4,1,"EXER","3/4","U/C",75,
"CEN","9351",1,1,"ENG","4","U/C",75,
"CEN","9351",2,1,"MATH","3","U/M",75,
"CEN","9351",2,1,"MATH","4","U/C",75,
"CEN","9351",3,1,"BIO","3/4","U/C",75,
"CEN","9351",4,1,"PHYS","3/4","U/C",75,
"CEN","9351",4,1,"CHEM","3/4","U/C",75,
"CEN","9351",4,1,"EXER","3/4","U/C",75,
"CEN","1203",1,1,"ENG","4","U/C",70,
"BOR","BSCN",1,1,"MATH","4","U",75,
"BOR","BSCN",2,1,"BIO","4","U",75,
"BOR","BSCN",3,1,"CHEM","4","U",75,
"BOR","BSCN",4,1,"FRA","4","U",75,
"BOR","BSCN",5,2,"Any","4","U/M",75,
"BOR","HYDG",1,2,"FRA","3/4","",70,
"BOR","HYDG",2,1,"BIO","3/4","",70,
"BOR","HYDG",3,1,"CHEM","3/4","",70,
"BOR","HYDG",4,1,"ENG","3/4","",70,
"BOR","VEAQ",1,2,"FRA","3/4","",60,
"BOR","VEAQ",2,1,"MATH","3/4","",70,
"BOR","VEAQ",3,1,"CHEM","3/4","",60,
"BOR","VEAQ",4,1,"BIO","3/4","",60,
"BOR","TRMG",1,2,"FRA","3/4","",70,
"BOR","TRMG",2,2,"MATH","3/4","",70,
"BOR","TRMG",3,1,"PHYS","3/4","",70,
"BOR","TRMG",4,1,"ENG","3/4","",70,
"BOR","TRMG",5,1,"BIO","3/4","",70,
"COE","1154C",1,1,"ENG","4","U/C",82,
"COE","1154C",2,1,"MATH","4","U/C",82,
"COE","1043",1,1,"ENG","4","U",82,
"COE","1043",2,1,"AFU","4","U",82,
"COE","1043",2,1,"C&V","4","U",82,
"COE","1043",2,1,"MDM","4","U",82,
"COE","1043",3,1,"BIO","4","U",82,
"COE","1043",4,1,"CHEM","4","U",82,
"COE","1043",5,2,"Any","4","U/C",82,
"COE","1111",1,1,"ENG","4","U/C",84,
"COE","1111",2,1,"MATH","4","U/C",84,
"COE","1111",3,1,"BIO","3/4","U/C",84,
"COE","1111",4,1,"PHYS","3/4","U/C",84,
"COE","1111",4,1,"CHEM","3/4","U/C",84,
"COE","1111",4,1,"SCI","4","U",84,
"COE","1111",4,1,"SCI","3/4","M",84,
"COE","0052",1,1,"ENG","4","U/C",80,
"COE","0052",2,1,"BIO","3","U/C",80,
"COE","0052",2,1,"BIO","4","U/C",80,
"COE","1077",1,1,"ENG","4","U/C",75,
"COE","1077",2,1,"MATH","4","U/C",75,
"COE","1077",3,1,"BIO","3/4","U/C",75,
"COE","1077",4,1,"PHYS","3/4","U/C",75,
"COE","1077",4,1,"CHEM","3/4","U/C",75,
"COE","1214",1,1,"ENG","4","U/C",75,
"COE","1214",2,1,"MATH","3/4","U/C",75,
"COE","0736C",1,1,"ENG","4","U/C",75,
"COE","0736C",2,1,"MATH","4","U/C",75,
"COE","1166",1,1,"ENG","4","U/C",95,
"COE","1166",2,1,"MATH","4","U/C",95,
"COE","1166",3,1,"PHYS","3/4","U/C",95,
"COE","1166",4,1,"CHEM","3/4","U/C",95,
"COE","1166",5,1,"BIO","3/4","U/C",95,
"COF","0313",1,1,"ENG","4","U/C",,
"COF","0313",2,1,"MATH","4","C",,
"COF","0641",1,1,"ENG","4","U/C",70,
"COF","0641",2,1,"BIO","3/4","U/C",70,
"COF","0641",3,1,"CHEM","3/4","U/C",70,
"COF","0116",1,1,"ENG","4","U/C",,
"COF","0603",1,1,"ENG","4","U/C",,
"COF","0603",2,1,"MATH","4","U/C",,
"COF","0603",3,1,"BIO","3/4","U/C",,
"COF","0603",3,1,"PHYS","3/4","U/C",,
"COF","0603",4,1,"CHEM","3/4","U/C",,
"COF","0602",1,1,"ENG","4","U/C",75,
"COF","0602",2,1,"MATH","4","C",75,
"COF","0602",3,1,"BIO","3/4","U/C",75,
"COF","0602",3,1,"CHEM","3/4","",75,
"COF","0602",4,1,"PHYS","3/4","U/C",75,
"COF","0694",1,1,"ENG","4","U/C",70,
"COF","0694",2,1,"MATH","3","U/C",70,
"COF","0694",3,1,"BIO","3/4","U/C",70,
"COF","0694",4,1,"CHEM","3/4","U/C",70,
"COF","0619",1,1,"ENG","4","U/C",,
"COF","0619",2,1,"MATH","3","U/C",,
"COF","0619",3,1,"BIO","3/4","U/C",,
"COF","0619",4,1,"CHEM","3/4","U/C",,
"COF","0107",1,1,"ENG","4","U/C",,
"COF","0375",1,1,"ENG","4","U/C",,
"COF","0375",2,1,"MATH","3","U/M",,
"COF","0375",2,1,"MATH","4","U/C",,
"DUR","ADMH",2,1,"Any","3/4","",2.5,
"DUR","ACAR",1,1,"ENG","4","",75,
"DUR","ACAR",2,1,"BIO","3/4","",75,
"DUR","ACAR",3,2,"Any","3/4","",75,
"DUR","CYC",1,1,"ENG","4","",60,
"DUR","CYC",2,3,"Any","3/4","",75,
"DUR","DAII",1,1,"ENG","4","",60,
"DUR","DAII",2,1,"BIO","3","",,
"DUR","DAII",3,1,"CHEM","3/4","",,
"DUR","DENT",1,1,"ENG","4","",60,
"DUR","DENT",2,1,"BIO","3/4","",70,
"DUR","DENT",3,1,"CHEM","3/4","",70,
"DUR","DENT",4,1,"MATH","3/4","",70,
"DUR","EETN",1,1,"ENG","4","",65,
"DUR","EETN",2,1,"MATH","4","",65,"Y"
"DUR","EETN",3,2,"Any","3/4","",65,
"DUR","ELEC",1,1,"ENG","4","",65,
"DUR","ELEC",2,1,"MATH","4","",65,"Y"
"DUR","ELEC",3,2,"Any","3/4","",65,
"DUR","MPLU",1,1,"ENG","4","",,
"DUR","MPLU",2,1,"MATH","4","",,
"DUR","MBAD",1,1,"ENG","4","",65,
"DUR","MBAD",2,3,"Any","3/4","",65,
"DUR","OTPA",1,1,"ENG","4","",70,
"DUR","OTPA",2,1,"BIO","3/4","",70,
"DUR","OTPA",3,2,"Any","3/4","U/M/C",70,
"DUR","PPC",1,1,"ENG","4","",60,
"DUR","PPC",2,1,"MATH","4","",65,
"DUR","PPC",3,1,"BIO","3/4","",90,
"DUR","PPC",4,1,"CHEM","3/4","",90,
"DUR","PNII",1,1,"ENG","4","",85,
"DUR","PNII",2,1,"MATH","4","",85,
"DUR","PNII",3,1,"BIO","3/4","",85,
"DUR","PNII",4,1,"CHEM","3/4","",85,
"DUR","SSWK",1,1,"ENG","4","",75,
"DUR","SSWK",2,3,"Any","3/4","",75,
"FAN","CYW4",1,1,"ENG","4","U/C",,
"FAN","DHY3",1,1,"ENG","4","U/C",65,
"FAN","DHY3",2,1,"MATH","3","U/M",65,
"FAN","DHY3",2,1,"MATH","4","U/C",65,
"FAN","DHY3",3,1,"BIO","3/4","U/C",65,
"FAN","DHY3",4,1,"CHEM","3/4","U/C",65,
"FAN","MRT1",1,1,"ENG","4","U/C",70,
"FAN","MRT1",2,1,"MATH","4","U/C",70,
"FAN","MRT1",3,1,"BIO","3/4","U/C",70,
"FAN","MRT1",4,1,"PHYS","3/4","U/C",70,
"FAN","MIA2",1,1,"ENG","4","U/C",,
"FAN","PAR2",1,1,"ENG","4","U/C",65,
"FAN","PAR2",2,1,"MATH","3","U/M",65,
"FAN","PAR2",2,1,"MATH","4","U/C",65,
"FAN","PAR2",3,1,"BIO","3/4","U/C",65,
"FAN","PAR2",4,1,"CHEM","3/4","U/C",65,
"FAN","PNG5/PNG5W",1,1,"ENG","4","U/C",65,
"FAN","PNG5/PNG5W",2,1,"MATH","3","U/M",65,
"FAN","PNG5/PNG5W",2,1,"MATH","4","U/C",65,
"FAN","PNG5/PNG5W",3,1,"BIO","3/4","U/C",65,
"FAN","PNG5/PNG5W",4,1,"CHEM","3/4","U/C",65,
"FAN","RST4",1,1,"ENG","4","U/C",70,
"FAN","RST4",2,1,"MATH","4","U/C",70,
"FAN","RST4",3,1,"BIO","3/4","U/C",70,
"FAN","RST4",4,1,"CHEM","3/4","U/C",70,
"FAN","RST4",5,1,"PHYS","3/4","U/C",70,
"FAN","SSW1",1,1,"ENG","4","U/C",,
"FLE","POA",1,2,"ENG","3/4","C",72,
"FLE","POA",2,2,"SCI","3/4","C",72,
"FLE","PMD",1,2,"ENG","3/4","C",83,
"FLE","PMD",2,2,"SCI","3/4","C",83,
"FLE","PMD",3,1,"BIO","3/4","C",83,
"FLE","PMD",3,1,"CHEM","3/4","C",83,
"FLE","PMD",3,1,"PHYS","3/4","C",83,
"FLE","PN",1,2,"ENG","3/4","C",78,
"FLE","PN",2,2,"SCI","3/4","C",78,
"FLE","PN",3,1,"BIO","3","C",78,
"FLE","PN",3,1,"CHEM","4","",78,
"FLE","PN",3,1,"PHYS","4","C",78,
"GBR","S118",1,6,"Any","4","U/M",,
"GBR","S118",1,6,"ENG","4","U",,
"GBR","S118",1,6,"MATH","3","U/M",,
"GBR","S118",1,6,"MATH","4","U",,
"GBR","S118",1,6,"BIO","4","U",,
"GBR","S118",1,6,"CHEM","4","U",,
"GBR","H113",1,1,"ENG","4","U/C",,
"GBR","H113",2,1,"MATH","3","U/M",,
"GBR","H113",2,1,"MATH","4","U/C",,
"GBR","T148",1,1,"ENG","4","U/C",,
"GBR","T148",2,1,"MATH","3","U/M",,
"GBR","T148",2,1,"MATH","4","U/C",,
"GBR","T110",1,1,"ENG","4","U/C",,
"GBR","T110",2,1,"MATH","3","U/M",,
"GBR","T110",2,1,"MATH","4","U/C",,
"GBR","C133",1,1,"ENG","4","C",,
"GBR","C133",1,1,"ENG","4","U",,
"GBR","T126",1,1,"ENG","4","U/C",,
"GBR","T126",2,1,"MATH","3","U/M",,
"GBR","T126",2,1,"MATH","4","U/C",,
"GBR","S113",1,1,"ENG","4","U/C",,
"GBR","S113",2,1,"MATH","3","U/M",,
"GBR","S113",2,1,"MATH","4","U/C",,
"GBR","S113",3,1,"BIO","3","U/C",,
"GBR","S113",3,1,"BIO","4","U",,
"GBR","S124",1,1,"ENG","4","U/C",70,
"GBR","S124",2,1,"MATH","3","U/M",60,
"GBR","S124",2,1,"MATH","4","U/C",60,
"GBR","S124",3,1,"BIO","3","U/C",70,
"GBR","S124",3,1,"BIO","4","U",70,
"GBR","S124",4,1,"CHEM","3","U",60,
"GBR","S124",4,1,"CHEM","4","U/C",60,
"GBR","S124",4,1,"PHYS","3","U",60,
"GBR","S124",4,1,"PHYS","4","U/C",60,
"GBR","C118",1,6,"Any","4","U/M",65,
"GBR","C118",1,6,"ENG","4","U",65,
"GBR","C118",1,6,"MATH","3","",65,
"GBR","C118",1,6,"MATH","4","U",65,
"GBR","C118",1,6,"SCI","3","U",65,
"GBR","C118",1,6,"SCI","4","U",65,
"GBR","C100",1,1,"ENG","4","U/C",,
"GBR","C100",2,1,"Any","4","",,
"GBR","S125",1,1,"ENG","4","U/C",,
"GBR","S125",2,1,"MATH","3","U/M",,
"GBR","S125",2,1,"MATH","4","U/C",,
"GBR","S125",3,1,"BIO","3","U/C",,
"GBR","S125",3,1,"BIO","4","U",,
"GBR","S125",3,1,"EXER","3/4","",,
"GBR","C139",1,1,"ENG","4","U/C",70,
"GBR","C139",2,1,"MATH","3","U/M",70,
"GBR","C139",2,1,"MATH","4","U/C",70,
"GBR","C139",3,1,"BIO","3","U/C",70,
"GBR","C139",3,1,"BIO","4","U",70,
"GBR","C139",3,1,"PHYS","3","U",70,
"GBR","C139",3,1,"PHYS","4","U/C",70,
"GBR","C139",3,1,"CHEM","3","U",70,
"GBR","C139",3,1,"CHEM","4","U/C",70,
"GBR","C115",1,1,"ENG","4","U/C",,
"GBR","S102",1,1,"ENG","4","U/C",,
"GBR","S102",2,1,"MATH","3","U/M",,
"GBR","S102",2,1,"MATH","4","U/C",,
"GBR","S102",3,1,"BIO","3","U/C",,
"GBR","S102",3,1,"BIO","4","U",,
"GBR","S102",4,1,"PHYS","3/4","",,"Y"
"GBR","S121",1,1,"ENG","4","U/C",70,
"GBR","S121",2,1,"MATH","3","U/M",70,
"GBR","S121",2,1,"MATH","4","U/C",70,
"GBR","S121",3,1,"BIO","3","U/C",70,
"GBR","S121",3,1,"BIO","4","U",70,
"GBR","S121",4,1,"CHEM","3","U",70,
"GBR","S121",4,1,"CHEM","4","U/C",70,
"GBR","C119",1,1,"ENG","4","U/C",70,
"GEO","DNTH",1,1,"ENG","4","U/C",,
"GEO","DNTH",2,1,"BIO","3","U/C",,
"GEO","DNTH",2,1,"BIO","4","U",,
"GEO","DNTH",3,1,"CHEM","3","U",,
"GEO","DNTH",3,1,"CHEM","4","U/C",,
"GEO","EETN",1,1,"ENG","4","U/C",,
"GEO","EETN",2,1,"MATH","4","U/C",,
"GEO","EETY",1,1,"ENG","4","U/C",,
"GEO","EETY",2,1,"MATH","4","U/C",,
"GEO","MNAV",1,1,"ENG","4","U/C",,
"GEO","MNAV",2,1,"MATH","4","U/C",,
"GEO","BSCN",1,6,"Any","4","U/M",,
"GEO","BSCN",2,1,"BIO","4","U",,
"GEO","BSCN",3,1,"CHEM","4","U",,
"GEO","BSCN",3,1,"PHYS","4","U",,
"GEO","BSCN",4,1,"ENG","4","U",,
"GEO","BSCN",5,1,"MATH","4","U",,
"GEO","OPTA",1,1,"ENG","4","U/C",,
"GEO","OPTA",2,1,"BIO","3","",,
"GEO","OPTA",2,1,"BIO","4","U/C",,
"GEO","OPTA",2,1,"EXER","4","",,
"GEO","PARA",1,1,"ENG","3/4","U/C",,
"GEO","PARA",2,1,"MATH","4","U/C",,
"GEO","PARA",3,1,"BIO","3","U/C",,
"GEO","PARA",3,1,"BIO","4","U",,
"GEO","PARA",4,1,"CHEM","3","U",,
"GEO","PARA",4,1,"CHEM","4","U/C",,
"GEO","PHRM",1,1,"ENG","4","U/C",,
"GEO","PHRM",2,1,"MATH","4","U/C",,
"GEO","PHRM",3,1,"BIO","3","U/C",,
"GEO","PHRM",4,1,"CHEM","3","U/C",,
"GEO","PNRS",1,1,"ENG","4","U/C",,
"GEO","PNRS",2,1,"MATH","4","U/C",,
"GEO","PNRS",3,1,"BIO","3","U/C",,
"GEO","PNRS",3,1,"BIO","4","U",,
"GEO","PNRS",4,1,"CHEM","3","U",,
"GEO","PNRS",4,1,"CHEM","4","U/C",,
"GEO","PNRS",4,1,"PHYS","3","U",,
"GEO","PNRS",4,1,"PHYS","4","U/C",,
"GEO","VETA",1,1,"ENG","4","U/C",,
"GEO","VETA",2,1,"BIO","3","U/C",,
"GEO","VETN",1,1,"ENG","4","U/C",,
"GEO","VETN",2,1,"MATH","4","U/M/C",,
"GEO","VETN",3,1,"BIO","3","U/C",,
"GEO","VETN",3,1,"BIO","4","U",,
"GEO","VETN",4,1,"CHEM","3","U",,
"GEO","VETN",4,1,"CHEM","4","U/C",,
"HUM","2206X",1,1,"ENG","4","U",65,
"HUM","2206X",2,5,"Any","4","U/M",65,
"HUM","07061",1,1,"ENG","4","U",75,
"HUM","07061",2,1,"MATH","4","U",75,
"HUM","07061",3,1,"CHEM","4","U",75,
"HUM","07061",4,1,"BIO","4","U",75,
"HUM","07061",5,2,"Any","3/4","",75,
"HUM","14161",1,1,"ENG","4","U/C",,
"HUM","14161",2,1,"MATH","4","U/C",,
"HUM","14161",3,2,"Any","3/4","U/M/C",,
"HUM","01041",1,1,"ENG","3/4","U/C",65,
"HUM","01041",2,3,"Any","3/4","U/M/C",,
"HUM","04801",1,1,"ENG","4","U/C",65,
"HUM","04801",2,5,"Any","3/4","U/M/C",,
"HUM","04021",1,1,"ENG","4","U/C",,
"HUM","04021",2,1,"MATH","4","U/C",,
"HUM","04021",3,2,"Any","3/4","U/M/C",,
"HUM","04831",1,1,"ENG","4","U/C",70,
"HUM","04831",2,5,"Any","3/4","U/M/C",,
"HUM","31541",1,1,"ENG","4","U/C",,
"HUM","31541",2,1,"MATH","4","U/C",,
"HUM","31541",3,2,"Any","3/4","U/M/C",,
"HUM","03991",1,1,"ENG","4","U/C",,
"HUM","03991",2,1,"MATH","4","U/C",,
"HUM","03991",3,2,"Any","3/4","U/M/C",,
"HUM","07651",1,1,"ENG","4","U/C",,
"HUM","07651",2,1,"MATH","4","U/C",,
"HUM","07651",3,1,"BIO","3","U/C",,
"HUM","07651",4,1,"CHEM","3","U/C",,
"HUM","07041",1,1,"ENG","4","U/C",,
"HUM","07041",2,1,"MATH","4","U/C",,
"HUM","07041",3,1,"BIO","3","U/C",,
"HUM","07041",4,1,"CHEM","3","U/C",,
"HUM","14181",1,1,"ENG","4","U/C",75,
"LCI","51594",1,1,"BIO","3","U/C",,
"LCI","61651",1,1,"BIO","3","U/C",,
"LCI","61651",2,1,"CHEM","3","U/C",,
"LCI","51538",1,1,"BIO","3","U/C",,
"LCI","51538",2,1,"MATH","3","U/C",,
"LCI","51491",1,1,"BIO","3","U/C",,
"LCI","51491",2,2,"Any","3","",,
"LCI","61080",1,1,"BIO","3","U/C",,
"LCI","61080",2,1,"CHEM","3/4","U/C",,
"LCI","61080",3,1,"MATH","3","U/C",,
"LAM","BSCN",1,6,"Any","4","U/M",,
"LAM","BSCN",1,6,"ENG","3/4","U",,
"LAM","BSCN",1,6,"CHEM","3/4","U",,
"LAM","BSCN",1,6,"BIO","3/4","U",,
"LAM","CPET",1,1,"ENG","4","U/C",,
"LAM","CPET",2,1,"MATH","4","U/C",,
"LAM","CPET",3,1,"CHEM","3/4","U/C",,
"LAM","CPET",3,1,"PHYS","3/4","U/C",,
"LAM","PARA",1,1,"ENG","4","U/C",70,
"LAM","PARA",2,1,"MATH","3","U/C",70,
"LAM","PARA",3,1,"BIO","3/4","U/C",70,
"LAM","PARA",4,1,"CHEM","3/4","U/C",70,
"LAM","PRAC",1,1,"ENG","4","U/C",60,
"LAM","PRAC",2,1,"MATH","4","U/C",60,
"LAM","PRAC",3,1,"BIO","3/4","U/C",60,
"LAM","PRAC",4,1,"CHEM","3/4","U/C",60,
"LAM","SSWK",1,1,"ENG","4","U/C",,
"LAM","PETC",2,1,"ENG","4","U/C",,
"LAM","PETC",3,1,"MATH","4","U/C",,
"LAM","PETC",4,1,"CHEM","3","U/C",,
"LAM","PETC",4,1,"PHYS","3","U/C",,"Y"
"LOY","NURS",2,1,"BIO","4","U",,
"LOY","NURS",3,1,"CHEM","4","U",,
"LOY","NURS",4,1,"ENG","4","U",,
"LOY","NURS",5,3,"Any","4","U/M",,
"LOY","PMED",2,1,"ENG","4","U/M/C",,
"LOY","PMED",3,1,"BIO","3/4","U/M/C",,
"LOY","PNUR",1,1,"ENG","4","",,
"LOY","PNUR",2,1,"MATH","4","U/M/C",,
"LOY","PNUR",3,1,"BIO","3/4","U/M/C",,
"LOY","PNUR",4,1,"CHEM","3","U/M/C",,
"LOY","PNUR",4,1,"CHEM","4","U/M/C",,
"LOY","PNUR",4,1,"PHYS","3","U/M/C",,
"LOY","PNUR",4,1,"PHYS","4","U/M/C",,
"LOY","PREH",1,1,"ENG","4","U/M/C",,
"MIN","ML111",1,6,"Any","4","U/M",70,
"MIN","ML111",1,6,"ENG","3/4","U",70,
"MIN","ML111",1,6,"MATH","3/4","U",70,
"MIN","ML111",1,6,"BIO","3/4","U",70,
"MIN","ML111",1,6,"CHEM","3/4","U/M",70,
"MIN","RS111",1,6,"Any","4","U/M",70,
"MIN","RS111",1,6,"ENG","3/4","U",70,
"MIN","RS111",1,6,"MATH","3/4","U",70,
"MIN","RS111",1,6,"BIO","3/4","U",70,
"MIN","RS111",1,6,"CHEM","3/4","U",70,
"MIN","RS111",1,6,"PHYS","3/4","U",70,
"MOH","728",1,1,"ENG","4","U/C",,
"MOH","728",2,1,"MATH","4","C",,
"MOH","728",3,1,"PHYS","3/4","",,
"MOH","728",4,1,"BIO","3/4","",,
"MOH","612",1,1,"ENG","4","U/C",,
"MOH","469",1,1,"ENG","4","U/C",,
"MOH","469",2,1,"MATH","3/4","U/M/C",,
"MOH","469",3,1,"BIO","3/4","",,
"MOH","469",3,1,"CHEM","3/4","",,
"MOH","469",3,1,"PHYS","3/4","",,
"MOH","746",1,1,"ENG","4","U/C",,
"MOH","746",2,1,"BIO","3/4","",,
"MOH","746",3,1,"CHEM","3/4","",,
"MOH","329",1,1,"ENG","4","U/C",,
"MOH","285",1,1,"ENG","4","U/C",,
"MOH","290",1,1,"ENG","4","U/C",,
"MOH","110",1,1,"ENG","4","U/C",,
"MOH","110",2,1,"MATH","3/4","",,
"MOH","407",1,1,"ENG","4","U/C",,
"MOH","407",2,1,"MATH","3/4","U/M/C",,
"MOH","407",3,1,"CHEM","3/4","",,
"MOH","407",4,1,"BIO","3/4","",,
"MOH","715",1,1,"ENG","4","U/C",,
"MOH","715",2,1,"MATH","3/4","U/M/C",,
"MOH","715",3,2,"BIO","3/4","",,
"MOH","715",3,2,"CHEM","3/4","",,
"MOH","715",3,2,"PHYS","3/4","",,
"MOH","283",1,1,"ENG","4","U/C",,
"MOH","215",1,1,"ENG","4","U/C",,
"NIA","0458",1,1,"ENG","4","U/C",,
"NIA","0458",2,1,"MATH","3","U/M/C",,
"NIA","0780",1,1,"ENG","4","U/M/C",,
"NIA","0780",2,1,"MATH","4","U/M/C",,
"NIA","0780",3,1,"BIO","3","U/C",,
"NIA","0780",3,1,"BIO","4","U",,
"NIA","0780",3,1,"CHEM","3","U",,
"NIA","0780",3,1,"CHEM","4","U/C",,
"NIA","0265",1,1,"ENG","4","U/C",,
"NIA","0265",2,1,"MATH","3","U/M/C",,
"NIA","0265",3,1,"BIO","3","U/C",,
"NIA","0265",3,1,"BIO","4","U",,
"NIA","0265",4,1,"CHEM","3","U",,
"NIA","0265",4,1,"CHEM","4","U/C",,
"NIA","0265",4,1,"PHYS","3","U",,
"NIA","0265",4,1,"PHYS","4","U/C",,
"NIA","0798",1,1,"ENG","4","U/C",,
"NIA","0441",1,1,"ENG","4","U/C",,
"NIA","0441",2,1,"MATH","4","U/M/C",,
"NIA","0195",1,1,"ENG","4","U/C",,
"NIA","0195",2,1,"BIO","3","U/C",,
"NIA","0814",1,1,"ENG","4","U/C",,
"NIA","0814",2,1,"BIO","3","U/C",,
"NIA","0814",2,1,"BIO","4","U",,
"NIA","0814",3,1,"CHEM","3","U",,
"NIA","0814",3,1,"CHEM","4","U/C",,
"NIA","0814",3,1,"PHYS","3","U",,
"NIA","0814",3,1,"PHYS","4","U/C",,
"NIA","0926",1,1,"ENG","4","U/C",,
"NIA","0926",2,1,"MATH","3","U/M/C",,
"NIA","0926",3,1,"BIO","3","U/C",,
"NIA","0926",3,1,"BIO","4","U",,
"NIA","0926",4,1,"CHEM","3","U",,
"NIA","0926",4,1,"CHEM","4","U/C",,
"NIA","0123",1,1,"ENG","3/4","U/C",,
"NOR","H112",1,6,"Any","4","U",75,
"NOR","H112",1,6,"ENG","3/4","",75,
"NOR","H112",1,6,"BIO","3/4","",75,
"NOR","H112",1,6,"CHEM","3/4","",75,
"NOR","H112",1,6,"MATH","3/4","",75,
"NOR","T007",1,1,"ENG","4","U/C",,
"NOR","T007",2,1,"MATH","4","U/M/C",60,
"NOR","T074",1,1,"ENG","4","U/C",,
"NOR","T074",2,1,"MATH","4","U/M/C",60,
"NOR","M001",1,1,"ENG","4","U/C",,
"NOR","M001",2,1,"MATH","4","U/M/C",60,
"NOR","H150",1,1,"ENG","4","U/C",,
"NOR","H150",2,1,"MATH","3/4","U/M/C",,
"NOR","H150",3,1,"BIO","3/4","U/C",,
"NOR","H150",4,1,"CHEM","3/4","U/C",,
"NOR","H099",1,1,"ENG","4","U/C",70,
"NOR","H099",2,1,"MATH","3/4","U/M/C",70,
"NOR","H099",3,1,"BIO","3/4","U/C",70,
"NOR","H099",4,1,"CHEM","3/4","U/C",70,
"NOR","H117",1,1,"ENG","4","U/C",65,
"NOR","H117",2,1,"MATH","3/4","U/M/C",65,
"NOR","H117",3,1,"BIO","3/4","U/C",65,
"NOR","H117",4,1,"CHEM","3/4","U/C",65,
"NOR","H142",1,1,"ENG","4","U/C",,
"NOR","H142",2,1,"MATH","4","",,
"NOR","H057",1,1,"ENG","4","",,
"NOR","H057",2,1,"BIO","3","U/C",,
"NOR","H058",1,1,"ENG","4","U/C",60,
"NOR","H058",2,1,"MATH","4","U/C",60,
"NOR","H058",3,1,"CHEM","4","U/C",60,
"NOR","H058",4,1,"BIO","3/4","U/C",60,
"NOR","H134",1,1,"ENG","4","U/C",60,
"NOR","H134",2,1,"MATH","4","U/C",60,
"NOR","H134",3,1,"CHEM","4","U/C",60,
"NOR","H134",4,1,"BIO","3","U/C",60,
"RID","R206",1,1,"ENG","4","U/C",70,
"RID","R206",2,1,"MATH","4","U/C",70,
"RID","R206",3,1,"BIO","3","U/C",70,
"RID","R206",4,1,"CHEM","4","C",70,
"RID","R206",4,1,"CHEM","3","U",70,
"RID","R306",1,1,"ENG","4","U/C",70,
"RID","R306",2,1,"MATH","4","U/C",70,
"RID","R306",3,1,"BIO","3","U/C",70,
"RID","R306",4,1,"CHEM","4","C",70,
"RID","R306",4,1,"CHEM","3","U",70,
"SCL","H850",1,6,"Any","3/4","U/M",70,
"SCL","H850",1,6,"ENG","4","U",70,
"SCL","H850",1,6,"CHEM","4","U",70,
"SCL","H850",1,6,"BIO","4","U",70,
"SCL","K950",1,6,"Any","3/4","U/M",70,
"SCL","K950",1,6,"ENG","4","U",70,
"SCL","K950",1,6,"CHEM","4","U",70,
"SCL","K950",1,6,"BIO","4","U",70,
"SCL","T755",1,1,"ENG","4","U/C",,
"SCL","T755",2,1,"MATH","4","U/C",,"Y"
"SCL","T755",3,1,"BIO","3/4","U/C",,"Y"
"SCL","H794",1,1,"ENG","4","U/C",,
"SCL","H794",2,1,"MATH","4","U/C",,
"SCL","H794",3,1,"PHYS","3/4","U/C",,
"SCL","H794",3,1,"BIO","3/4","U/C",,
"SCL","B992",1,1,"ENG","4","U/C",,
"SCL","H800",1,1,"ENG","4","U/C",,
"SCL","H800",2,1,"CHEM","3/4","U/C",,
"SCL","H800",3,1,"BIO","3/4","U/C",,
"SCL","H796",1,1,"ENG","4","U/C",,
"SCL","H796",2,1,"MATH","4","U/C",,
"SCL","H796",3,1,"PHYS","3/4","U/C",,
"SCL","H796",3,1,"BIO","3/4","U/C",,
"SCL","B101",1,1,"ENG","4","U/C",,
"SCL","K240",1,1,"ENG","4","U/C",,
"SCL","H837",1,1,"ENG","4","U/C",,
"SCL","H837",2,1,"MATH","4","U/C",,
"SCL","H837",3,1,"CHEM","3/4","U/C",,
"SCL","H837",4,1,"PHYS","3/4","U/C",,
"SCL","H837",5,1,"BIO","3/4","U/C",,
"SCL","H299",1,1,"ENG","4","U/C",,
"SCL","H299",2,1,"MATH","4","U/C",,
"SCL","H299",3,1,"CHEM","3/4","U/C",,
"SCL","H299",4,1,"BIO","3/4","U/C",,
"SCL","K893",1,1,"ENG","4","U/C",,
"SCL","K893",2,1,"BIO","3/4","U/C",,
"SCL","H840",1,1,"ENG","4","U/C",60,
"SCL","H840",2,1,"MATH","4","U/C",60,
"SCL","H840",3,1,"CHEM","3/4","U/C",60,
"SCL","H840",4,1,"BIO","3/4","U/C",60,
"SCL","K940",1,1,"ENG","4","U/C",60,
"SCL","K940",2,1,"MATH","4","U/C",60,
"SCL","K940",3,1,"CHEM","3/4","U/C",60,
"SCL","K940",4,1,"BIO","3/4","U/C",60,
"SCL","T941",1,1,"MATH","4","U/C",,
"SCL","T941",2,1,"PHYS","3/4","U/C",,
"SCL","K766",1,1,"ENG","4","U/C",,
"SCL","K766",2,1,"MATH","4","U/C",,
"SLA","1102",1,1,"ENG","4","U",65,
"SLA","1102",2,5,"Any","4","U/M",65,
"SLA","1024",1,1,"ENG","4","U",75,
"SLA","1024",2,1,"BIO","4","U",75,
"SLA","1024",3,1,"CHEM","4","U",75,
"SLA","1024",4,1,"MATH","4","U",75,
"SLA","1024",5,2,"Any","4","U/M",75,
"SLA","0337",1,1,"ENG","4","U/C",,
"SLA","0337",2,1,"MATH","3","U/M/C",,
"SLA","0337",3,1,"CHEM","3/4","U/C",,
"SLA","0337",3,1,"BIO","3/4","U/C",,
"SLA","0337",3,1,"PHYS","3/4","U/C",,
"SLA","0337",3,1,"SCI","3/4","U/C",,
"SLA","1301",1,1,"ENG","4","U/C",,
"SLA","1301",2,1,"MATH","3","",,
"SLA","0134",1,1,"ENG","4","U/C",,
"SLA","0134",2,1,"MATH","4","U/C",,
"SLA","0134",3,1,"CHEM","3/4","U/C",,
"SLA","0134",4,1,"BIO","3/4","U/C",,
"SLA","0970",1,1,"ENG","4","U/C",,
"SLA","0970",2,1,"MATH","3","U/C",,
"SLA","0970",3,1,"CHEM","3/4","U/C",,
"SLA","0970",4,1,"BIO","3/4","U/C",,
"SLA","0970",4,1,"EXER","3/4","",,
"SLA","0491",1,1,"ENG","4","U/C",,
"SLA","0491",2,1,"MATH","4","U/C",,
"SLA","0491",3,1,"CHEM","3/4","U/C",,
"SLA","0491",4,1,"BIO","3/4","U/C",,
"SLA","1023",1,1,"ENG","4","U/C",,
"SLA","1023",2,1,"MATH","3","U/M/C",,
"SLA","0385",1,1,"ENG","4","U/C",,
"SLA","0385",2,1,"MATH","3","U/M/C",,
"SLA","0633",1,1,"ENG","4","U/C",,
"SLA","0633",2,1,"MATH","3","U/M/C",,
"SLA","0722",1,1,"ENG","4","U/C",,
"SLA","0722",2,1,"MATH","4","U/C",,
"SLA","0722",3,1,"CHEM","3/4","U/C",,
"SLA","0722",4,1,"BIO","3/4","U/C",,
"SLA","1070",1,1,"ENG","4","U/C",,
"SLA","1070",2,1,"MATH","4","U/C",,
"SAU","4061",1,1,"ENG","4","C",,
"SAU","4061",2,1,"MATH","4","U",,
"SAU","3400",1,6,"Any","4","",75,
"SAU","3400",1,6,"ENG","3/4","U",75,
"SAU","3400",1,6,"BIO","3/4","U",75,
"SAU","3400",1,6,"CHEM","3/4","U",75,
"SAU","3400",1,6,"MATH","3/4","",75,
"SAU","3024",1,1,"ENG","4","C",65,
"SAU","3024",2,1,"MATH","3","",65,
"SAU","3024",3,1,"BIO","3","",65,
"SAU","3024",4,1,"CHEM","4","C",65,
"SEN","ACV",1,1,"ENG","4","U/C",50,
"SEN","ANI",1,1,"ENG","4","U/C",50,
"SEN","FPR",1,6,"Any","4","U/M",70,
"SEN","FPR",1,6,"ENG","3/4","U",70,
"SEN","FPR",1,6,"MATH","3/4","U",70,
"SEN","FPR",1,6,"MATH","3/4","U",70,
"SEN","FPR",1,6,"PHYS","3/4","U",70,
"SEN","RTVR",1,1,"ENG","4","U/C",50,
"SEN","RTVT",1,1,"ENG","4","U/C",50,
"SEN","EMP",1,1,"ENG","4","U/C",50,
"SEN","GRA",1,1,"ENG","4","U/C",50,
"SEN","IDP",1,1,"ENG","4","U/C",50,
"SEN","ILU",1,1,"ENG","4","U/C",50,
"SEN","IMP",1,1,"ENG","4","U/C",50,
"SEN","IPS",1,1,"ENG","4","U/C",50,
"SEN","JRN",1,1,"ENG","4","U/C",,
"SEN","BSCN",1,6,"Any","4","U/M",,
"SEN","BSCN",1,6,"ENG","3/4","U",,
"SEN","BSCN",1,6,"BIO","3/4","U",,
"SEN","BSCN",1,6,"PHYS","3/4","U",,
"SEN","BSCN",1,6,"CHEM","3/4","U",,
"SEN","BSCN",1,6,"MATH","4","U",,
"SEN","PND",1,1,"ENG","4","U/C",70,
"SEN","PND",2,1,"MATH","4","U/C",70,
"SEN","PND",3,1,"BIO","3","",70,
"SEN","PND",4,1,"PHYS","4","C",70,
"SEN","PND",4,1,"CHEM","4","C",70,
"SEN","UWS",1,1,"ENG","4","U/C",,
"SEN","UWS",2,1,"MATH","4","U/C",,
"SEN","VTE",1,1,"ENG","4","U/C",,
"SEN","VTE",2,1,"MATH","4","U/C",,
"SEN","VTE",3,1,"CHEM","4","U/C",,
"SEN","VTE",4,1,"BIO","3","",,
"SHE","PANCR",1,1,"ENG","4","U/C",,
"SHE","PANCR",2,1,"CHEM","4","U/C",,
"SHE","PANCR",2,1,"CHEM","3","U",,
"SHE","PANCR",2,1,"BIO","3","U/C",,
"SHE","PANCR",3,4,"Any","3/4","",,
"SHE","PBAAA",1,1,"ENG","4","U",65,
"SHE","PBAAA",2,1,"VAR","3/4","",65,
"SHE","PBAAA",3,4,"Any","4","U/M",65,
"SHE","PBAHS",1,1,"ENG","4","U",65,
"SHE","PBAHS",2,1,"BIO","4","U",65,
"SHE","PBAHS",3,1,"PHYS","4","U",65,
"SHE","PBAHS",3,1,"Any","4","U/M",65,
"SHE","PBAHS",3,1,"CHEM","3/4","",65,
"SHE","PBAHS",3,1,"MATH","3/4","U",65,
"SHE","PBDES",1,1,"Any","4","U/M",75,
"SHE","PBDES",2,1,"ENG","4","U",75,
"SHE","PBFTV",1,1,"ENG","4","U",65,
"SHE","PBFTV",2,5,"Any","4","U/M",65,
"SHE","PBGDS",1,1,"ENG","4","U",65,
"SHE","PBGDS",2,1,"VAR","3/4","",65,
"SHE","PBGDS",3,1,"MATH","4","U",65,
"SHE","PBGDS",4,3,"Any","4","U/M",65,
"SHE","PBAAI",1,1,"ENG","4","U",65,
"SHE","PBAAI",2,1,"VAR","3/4","",65,
"SHE","PBAAI",3,4,"Any","4","U/M",65,
"SHE","PBAMT",1,1,"ENG","4","U",65,
"SHE","PBAMT",2,5,"Any","4","U/M",65,
"SHE","PBAAP",1,1,"ENG","4","U",65,
"SHE","PBAAP",2,1,"VAR","3/4","",65,
"SHE","PBAAP",3,4,"Any","4","U/M",65,
"SHE","PMMCA",1,1,"ENG","4","U/C",,
"SHE","PMMCA",2,5,"Any","3/4","",,
"SHE","PPNSG",1,1,"ENG","4","U/C",,
"SHE","PPNSG",2,1,"MATH","4","U/C",70,
"SHE","PPNSG",3,1,"BIO","3","U/C",,
"SHE","PPNSG",4,1,"CHEM","3","U",,
"SHE","PPNSG",4,1,"CHEM","4","U/C",,
"SHE","PPNSG",5,2,"Any","3/4","",,
"SHE","PVETT",1,1,"ENG","4","U/C",,
"SHE","PVETT",2,1,"MATH","4","U/C",,
"SHE","PVETT",3,1,"BIO","3","U/C",,
"SHE","PVETT",4,1,"CHEM","3","U",,
"SHE","PVETT",4,1,"CHEM","4","U/C",,
"SHE","PVETT",5,2,"Any","3/4","",,
