"AcademicYear","University","Question","StudentYear","Score","Percentage"
2014,"BRO","Q1","Jr","S3",.28
2014,"BRO","Q1","Jr","S2",.54
2014,"BRO","Q1","Jr","S1",.16
2014,"BRO","Q1","Jr","S0",.02
2014,"CAR","Q1","Jr","S3",.279
2014,"CAR","Q1","Jr","S2",.553
2014,"CAR","Q1","Jr","S1",.141
2014,"CAR","Q1","Jr","S0",.027
2014,"GUE","Q1","Jr","S3",.411
2014,"GUE","Q1","Jr","S2",.483
2014,"GUE","Q1","Jr","S1",.09
2014,"GUE","Q1","Jr","S0",.016
2014,"LAK","Q1","Jr","S3",.2
2014,"LAK","Q1","Jr","S2",.56
2014,"LAK","Q1","Jr","S1",.21
2014,"LAK","Q1","Jr","S0",.03
2014,"LAU","Q1","Jr","S3",.198
2014,"LAU","Q1","Jr","S2",.538
2014,"LAU","Q1","Jr","S1",.238
2014,"LAU","Q1","Jr","S0",.025
2014,"MCM","Q1","Jr","S3",.37
2014,"MCM","Q1","Jr","S2",.45
2014,"MCM","Q1","Jr","S1",.15
2014,"MCM","Q1","Jr","S0",.03
2014,"NIP","Q1","Jr","S3",.38
2014,"NIP","Q1","Jr","S2",.52
2014,"NIP","Q1","Jr","S1",.09
2014,"NIP","Q1","Jr","S0",.01
2014,"OCA","Q1","Jr","S3",.22
2014,"OCA","Q1","Jr","S2",.48
2014,"OCA","Q1","Jr","S1",.23
2014,"OCA","Q1","Jr","S0",.06
2014,"OTT","Q1","Jr","S3",.21
2014,"OTT","Q1","Jr","S2",.574
2014,"OTT","Q1","Jr","S1",.18
2014,"OTT","Q1","Jr","S0",.036
2014,"OSP","Q1","Jr","S3",.46
2014,"OSP","Q1","Jr","S2",.45
2014,"OSP","Q1","Jr","S1",.09
2014,"UOI","Q1","Jr","S3",.243
2014,"UOI","Q1","Jr","S2",.55
2014,"UOI","Q1","Jr","S1",.173
2014,"UOI","Q1","Jr","S0",.034
2014,"QUE","Q1","Jr","S3",.495
2014,"QUE","Q1","Jr","S2",.405
2014,"QUE","Q1","Jr","S1",.086
2014,"QUE","Q1","Jr","S0",.013
2014,"RYE","Q1","Jr","S3",.21
2014,"RYE","Q1","Jr","S2",.55
2014,"RYE","Q1","Jr","S1",.21
2014,"RYE","Q1","Jr","S0",.02
2014,"TAC","Q1","Jr","S3",.228
2014,"TAC","Q1","Jr","S2",.511
2014,"TAC","Q1","Jr","S1",.217
2014,"TAC","Q1","Jr","S0",.044
2014,"TSG","Q1","Jr","S3",.263
2014,"TSG","Q1","Jr","S2",.5
2014,"TSG","Q1","Jr","S1",.196
2014,"TSG","Q1","Jr","S0",.042
2014,"TMI","Q1","Jr","S3",.154
2014,"TMI","Q1","Jr","S2",.533
2014,"TMI","Q1","Jr","S1",.261
2014,"TMI","Q1","Jr","S0",.052
2014,"TSC","Q1","Jr","S3",.181
2014,"TSC","Q1","Jr","S2",.53
2014,"TSC","Q1","Jr","S1",.246
2014,"TSC","Q1","Jr","S0",.043
2014,"TRE","Q1","Jr","S3",.295
2014,"TRE","Q1","Jr","S2",.529
2014,"TRE","Q1","Jr","S1",.143
2014,"TRE","Q1","Jr","S0",.033
2014,"WAT","Q1","Jr","S3",.346
2014,"WAT","Q1","Jr","S2",.491
2014,"WAT","Q1","Jr","S1",.139
2014,"WAT","Q1","Jr","S0",.024
2014,"WMC","Q1","Jr","S3",.4
2014,"WMC","Q1","Jr","S2",.46
2014,"WMC","Q1","Jr","S1",.13
2014,"WMC","Q1","Jr","S0",.02
2014,"WBC","Q1","Jr","S3",.36
2014,"WBC","Q1","Jr","S2",.51
2014,"WBC","Q1","Jr","S1",.13
2014,"WBC","Q1","Jr","S0",.01
2014,"WKC","Q1","Jr","S3",.35
2014,"WKC","Q1","Jr","S2",.51
2014,"WKC","Q1","Jr","S1",.12
2014,"WKC","Q1","Jr","S0",.02
2014,"WLA","Q1","Jr","S3",.33
2014,"WLA","Q1","Jr","S2",.52
2014,"WLA","Q1","Jr","S1",.13
2014,"WLA","Q1","Jr","S0",.02
2014,"WIN","Q1","Jr","S3",.175
2014,"WIN","Q1","Jr","S2",.552
2014,"WIN","Q1","Jr","S1",.237
2014,"WIN","Q1","Jr","S0",.036
2014,"YOR","Q1","Jr","S3",.173
2014,"YOR","Q1","Jr","S2",.524
2014,"YOR","Q1","Jr","S1",.262
2014,"YOR","Q1","Jr","S0",.041
2011,"BRO","Q1","Jr","S3",.32
2011,"BRO","Q1","Jr","S2",.521
2011,"BRO","Q1","Jr","S1",.134
2011,"BRO","Q1","Jr","S0",.025
2011,"CAR","Q1","Jr","S3",.341
2011,"CAR","Q1","Jr","S2",.514
2011,"CAR","Q1","Jr","S1",.121
2011,"CAR","Q1","Jr","S0",.024
2011,"GUE","Q1","Jr","S3",.48
2011,"GUE","Q1","Jr","S2",.42
2011,"GUE","Q1","Jr","S1",.08
2011,"GUE","Q1","Jr","S0",.01
2011,"LAK","Q1","Jr","S3",.27
2011,"LAK","Q1","Jr","S2",.54
2011,"LAK","Q1","Jr","S1",.17
2011,"LAK","Q1","Jr","S0",.02
2011,"LAU","Q1","Jr","S3",.254
2011,"LAU","Q1","Jr","S2",.532
2011,"LAU","Q1","Jr","S1",.19
2011,"LAU","Q1","Jr","S0",.024
2011,"MCM","Q1","Jr","S3",.397
2011,"MCM","Q1","Jr","S2",.452
2011,"MCM","Q1","Jr","S1",.127
2011,"MCM","Q1","Jr","S0",.024
2011,"NIP","Q1","Jr","S3",.49
2011,"NIP","Q1","Jr","S2",.42
2011,"NIP","Q1","Jr","S1",.07
2011,"NIP","Q1","Jr","S0",.02
2011,"OCA","Q1","Jr","S3",.28
2011,"OCA","Q1","Jr","S2",.5
2011,"OCA","Q1","Jr","S1",.18
2011,"OCA","Q1","Jr","S0",.04
2011,"OTT","Q1","Jr","S3",.22
2011,"OTT","Q1","Jr","S2",.58
2011,"OTT","Q1","Jr","S1",.18
2011,"OTT","Q1","Jr","S0",.02
2011,"UOI","Q1","Jr","S3",.26
2011,"UOI","Q1","Jr","S2",.51
2011,"UOI","Q1","Jr","S1",.19
2011,"UOI","Q1","Jr","S0",.04
2011,"QUE","Q1","Jr","S3",.54
2011,"QUE","Q1","Jr","S2",.35
2011,"QUE","Q1","Jr","S1",.09
2011,"QUE","Q1","Jr","S0",.02
2011,"RYE","Q1","Jr","S3",.29
2011,"RYE","Q1","Jr","S2",.52
2011,"RYE","Q1","Jr","S1",.16
2011,"RYE","Q1","Jr","S0",.03
2011,"TAC","Q1","Jr","S3",.281
2011,"TAC","Q1","Jr","S2",.474
2011,"TAC","Q1","Jr","S1",.198
2011,"TAC","Q1","Jr","S0",.047
2011,"TSG","Q1","Jr","S3",.296
2011,"TSG","Q1","Jr","S2",.458
2011,"TSG","Q1","Jr","S1",.196
2011,"TSG","Q1","Jr","S0",.05
2011,"TMI","Q1","Jr","S3",.259
2011,"TMI","Q1","Jr","S2",.515
2011,"TMI","Q1","Jr","S1",.191
2011,"TMI","Q1","Jr","S0",.035
2011,"TSC","Q1","Jr","S3",.24
2011,"TSC","Q1","Jr","S2",.49
2011,"TSC","Q1","Jr","S1",.218
2011,"TSC","Q1","Jr","S0",.052
2011,"TRE","Q1","Jr","S3",.385
2011,"TRE","Q1","Jr","S2",.495
2011,"TRE","Q1","Jr","S1",.098
2011,"TRE","Q1","Jr","S0",.022
2011,"WAT","Q1","Jr","S3",.41
2011,"WAT","Q1","Jr","S2",.45
2011,"WAT","Q1","Jr","S1",.12
2011,"WAT","Q1","Jr","S0",.02
2011,"WMC","Q1","Jr","S3",.47
2011,"WMC","Q1","Jr","S2",.41
2011,"WMC","Q1","Jr","S1",.1
2011,"WMC","Q1","Jr","S0",.01
2011,"WBC","Q1","Jr","S3",.4
2011,"WBC","Q1","Jr","S2",.44
2011,"WBC","Q1","Jr","S1",.11
2011,"WBC","Q1","Jr","S0",.05
2011,"WHC","Q1","Jr","S3",.49
2011,"WHC","Q1","Jr","S2",.38
2011,"WHC","Q1","Jr","S1",.11
2011,"WHC","Q1","Jr","S0",.02
2011,"WKC","Q1","Jr","S3",.4
2011,"WKC","Q1","Jr","S2",.48
2011,"WKC","Q1","Jr","S1",.12
2011,"WKC","Q1","Jr","S0",.01
2011,"WLA","Q1","Jr","S3",.39
2011,"WLA","Q1","Jr","S2",.49
2011,"WLA","Q1","Jr","S1",.11
2011,"WLA","Q1","Jr","S0",.01
2011,"WIN","Q1","Jr","S3",.19
2011,"WIN","Q1","Jr","S2",.56
2011,"WIN","Q1","Jr","S1",.21
2011,"WIN","Q1","Jr","S0",.04
2011,"YOR","Q1","Jr","S3",.16
2011,"YOR","Q1","Jr","S2",.552
2011,"YOR","Q1","Jr","S1",.233
2011,"YOR","Q1","Jr","S0",.054
2008,"BRO","Q1","Jr","S3",.286
2008,"BRO","Q1","Jr","S2",.549
2008,"BRO","Q1","Jr","S1",.146
2008,"BRO","Q1","Jr","S0",.02
2008,"CAR","Q1","Jr","S3",.285
2008,"CAR","Q1","Jr","S2",.54
2008,"CAR","Q1","Jr","S1",.151
2008,"CAR","Q1","Jr","S0",.023
2008,"GUE","Q1","Jr","S3",.46
2008,"GUE","Q1","Jr","S2",.45
2008,"GUE","Q1","Jr","S1",.08
2008,"GUE","Q1","Jr","S0",.02
2008,"LAK","Q1","Jr","S3",.25
2008,"LAK","Q1","Jr","S2",.51
2008,"LAK","Q1","Jr","S1",.19
2008,"LAK","Q1","Jr","S0",.05
2008,"LAU","Q1","Jr","S3",.26
2008,"LAU","Q1","Jr","S2",.45
2008,"LAU","Q1","Jr","S1",.23
2008,"LAU","Q1","Jr","S0",.06
2008,"MCM","Q1","Jr","S3",.4
2008,"MCM","Q1","Jr","S2",.45
2008,"MCM","Q1","Jr","S1",.11
2008,"MCM","Q1","Jr","S0",.04
2008,"NIP","Q1","Jr","S3",.46
2008,"NIP","Q1","Jr","S2",.45
2008,"NIP","Q1","Jr","S1",.08
2008,"NIP","Q1","Jr","S0",.01
2008,"OCA","Q1","Jr","S3",.241
2008,"OCA","Q1","Jr","S2",.509
2008,"OCA","Q1","Jr","S1",.202
2008,"OCA","Q1","Jr","S0",.048
2008,"OTT","Q1","Jr","S3",.19
2008,"OTT","Q1","Jr","S2",.59
2008,"OTT","Q1","Jr","S1",.17
2008,"OTT","Q1","Jr","S0",.05
2008,"UOI","Q1","Jr","S3",.34
2008,"UOI","Q1","Jr","S2",.49
2008,"UOI","Q1","Jr","S1",.13
2008,"UOI","Q1","Jr","S0",.03
2008,"QUE","Q1","Jr","S3",.54
2008,"QUE","Q1","Jr","S2",.36
2008,"QUE","Q1","Jr","S1",.09
2008,"QUE","Q1","Jr","S0",.01
2008,"RYE","Q1","Jr","S3",.26
2008,"RYE","Q1","Jr","S2",.52
2008,"RYE","Q1","Jr","S1",.19
2008,"RYE","Q1","Jr","S0",.03
2008,"TAC","Q1","Jr","S3",.228
2008,"TAC","Q1","Jr","S2",.469
2008,"TAC","Q1","Jr","S1",.236
2008,"TAC","Q1","Jr","S0",.067
2008,"TSG","Q1","Jr","S3",.235
2008,"TSG","Q1","Jr","S2",.458
2008,"TSG","Q1","Jr","S1",.236
2008,"TSG","Q1","Jr","S0",.07
2008,"TMI","Q1","Jr","S3",.225
2008,"TMI","Q1","Jr","S2",.512
2008,"TMI","Q1","Jr","S1",.192
2008,"TMI","Q1","Jr","S0",.071
2008,"TSC","Q1","Jr","S3",.16
2008,"TSC","Q1","Jr","S2",.533
2008,"TSC","Q1","Jr","S1",.267
2008,"TSC","Q1","Jr","S0",.04
2008,"TRE","Q1","Jr","S3",.39
2008,"TRE","Q1","Jr","S2",.45
2008,"TRE","Q1","Jr","S1",.12
2008,"TRE","Q1","Jr","S0",.04
2008,"WAT","Q1","Jr","S3",.36
2008,"WAT","Q1","Jr","S2",.46
2008,"WAT","Q1","Jr","S1",.15
2008,"WAT","Q1","Jr","S0",.03
2008,"WMC","Q1","Jr","S3",.45
2008,"WMC","Q1","Jr","S2",.43
2008,"WMC","Q1","Jr","S1",.1
2008,"WMC","Q1","Jr","S0",.02
2008,"WBC","Q1","Jr","S3",.24
2008,"WBC","Q1","Jr","S2",.66
2008,"WBC","Q1","Jr","S1",.07
2008,"WBC","Q1","Jr","S0",.03
2008,"WHC","Q1","Jr","S3",.32
2008,"WHC","Q1","Jr","S2",.49
2008,"WHC","Q1","Jr","S1",.14
2008,"WHC","Q1","Jr","S0",.04
2008,"WKC","Q1","Jr","S3",.36
2008,"WKC","Q1","Jr","S2",.52
2008,"WKC","Q1","Jr","S1",.1
2008,"WKC","Q1","Jr","S0",.02
2008,"WLA","Q1","Jr","S3",.47
2008,"WLA","Q1","Jr","S2",.43
2008,"WLA","Q1","Jr","S1",.09
2008,"WLA","Q1","Jr","S0",.02
2008,"WIN","Q1","Jr","S3",.18
2008,"WIN","Q1","Jr","S2",.53
2008,"WIN","Q1","Jr","S1",.24
2008,"WIN","Q1","Jr","S0",.05
2008,"YOR","Q1","Jr","S3",.18
2008,"YOR","Q1","Jr","S2",.55
2008,"YOR","Q1","Jr","S1",.22
2008,"YOR","Q1","Jr","S0",.05
2006,"BRO","Q1","Jr","S3",.28
2006,"BRO","Q1","Jr","S2",.53
2006,"BRO","Q1","Jr","S1",.15
2006,"BRO","Q1","Jr","S0",.03
2006,"CAR","Q1","Jr","S3",.279
2006,"CAR","Q1","Jr","S2",.534
2006,"CAR","Q1","Jr","S1",.155
2006,"CAR","Q1","Jr","S0",.031
2006,"GUE","Q1","Jr","S3",.44
2006,"GUE","Q1","Jr","S2",.47
2006,"GUE","Q1","Jr","S1",.08
2006,"GUE","Q1","Jr","S0",.01
2006,"LAK","Q1","Jr","S3",.292
2006,"LAK","Q1","Jr","S2",.524
2006,"LAK","Q1","Jr","S1",.151
2006,"LAK","Q1","Jr","S0",.033
2006,"LAU","Q1","Jr","S3",.24
2006,"LAU","Q1","Jr","S2",.51
2006,"LAU","Q1","Jr","S1",.17
2006,"LAU","Q1","Jr","S0",.08
2006,"MCM","Q1","Jr","S3",.366
2006,"MCM","Q1","Jr","S2",.477
2006,"MCM","Q1","Jr","S1",.134
2006,"MCM","Q1","Jr","S0",.023
2006,"NIP","Q1","Jr","S3",.45
2006,"NIP","Q1","Jr","S2",.45
2006,"NIP","Q1","Jr","S1",.09
2006,"NIP","Q1","Jr","S0",.02
2006,"OCA","Q1","Jr","S3",.14
2006,"OCA","Q1","Jr","S2",.51
2006,"OCA","Q1","Jr","S1",.31
2006,"OCA","Q1","Jr","S0",.05
2006,"OTT","Q1","Jr","S3",.191
2006,"OTT","Q1","Jr","S2",.591
2006,"OTT","Q1","Jr","S1",.179
2006,"OTT","Q1","Jr","S0",.04
2006,"UOI","Q1","Jr","S3",.39
2006,"UOI","Q1","Jr","S2",.46
2006,"UOI","Q1","Jr","S1",.12
2006,"UOI","Q1","Jr","S0",.03
2006,"QUE","Q1","Jr","S3",.53
2006,"QUE","Q1","Jr","S2",.38
2006,"QUE","Q1","Jr","S1",.08
2006,"QUE","Q1","Jr","S0",.01
2006,"RYE","Q1","Jr","S3",.27
2006,"RYE","Q1","Jr","S2",.52
2006,"RYE","Q1","Jr","S1",.18
2006,"RYE","Q1","Jr","S0",.04
2006,"TAC","Q1","Jr","S3",.244
2006,"TAC","Q1","Jr","S2",.479
2006,"TAC","Q1","Jr","S1",.222
2006,"TAC","Q1","Jr","S0",.055
2006,"TSG","Q1","Jr","S3",.243
2006,"TSG","Q1","Jr","S2",.484
2006,"TSG","Q1","Jr","S1",.22
2006,"TSG","Q1","Jr","S0",.053
2006,"TMI","Q1","Jr","S3",.253
2006,"TMI","Q1","Jr","S2",.484
2006,"TMI","Q1","Jr","S1",.211
2006,"TMI","Q1","Jr","S0",.052
2006,"TSC","Q1","Jr","S3",.231
2006,"TSC","Q1","Jr","S2",.449
2006,"TSC","Q1","Jr","S1",.25
2006,"TSC","Q1","Jr","S0",.069
2006,"WAT","Q1","Jr","S3",.413
2006,"WAT","Q1","Jr","S2",.444
2006,"WAT","Q1","Jr","S1",.122
2006,"WAT","Q1","Jr","S0",.021
2006,"WMC","Q1","Jr","S3",.47
2006,"WMC","Q1","Jr","S2",.41
2006,"WMC","Q1","Jr","S1",.1
2006,"WMC","Q1","Jr","S0",.02
2006,"WLA","Q1","Jr","S3",.388
2006,"WLA","Q1","Jr","S2",.501
2006,"WLA","Q1","Jr","S1",.101
2006,"WLA","Q1","Jr","S0",.01
2006,"WIN","Q1","Jr","S3",.16
2006,"WIN","Q1","Jr","S2",.55
2006,"WIN","Q1","Jr","S1",.24
2006,"WIN","Q1","Jr","S0",.05
2006,"YOR","Q1","Jr","S3",.202
2006,"YOR","Q1","Jr","S2",.552
2006,"YOR","Q1","Jr","S1",.18
2006,"YOR","Q1","Jr","S0",.066
2014,"BRO","Q1","Sr","S3",.31
2014,"BRO","Q1","Sr","S2",.53
2014,"BRO","Q1","Sr","S1",.13
2014,"BRO","Q1","Sr","S0",.03
2014,"CAR","Q1","Sr","S3",.325
2014,"CAR","Q1","Sr","S2",.503
2014,"CAR","Q1","Sr","S1",.14
2014,"CAR","Q1","Sr","S0",.032
2014,"GUE","Q1","Sr","S3",.506
2014,"GUE","Q1","Sr","S2",.414
2014,"GUE","Q1","Sr","S1",.063
2014,"GUE","Q1","Sr","S0",.018
2014,"LAK","Q1","Sr","S3",.19
2014,"LAK","Q1","Sr","S2",.5
2014,"LAK","Q1","Sr","S1",.26
2014,"LAK","Q1","Sr","S0",.05
2014,"LAU","Q1","Sr","S3",.21
2014,"LAU","Q1","Sr","S2",.529
2014,"LAU","Q1","Sr","S1",.21
2014,"LAU","Q1","Sr","S0",.051
2014,"MCM","Q1","Sr","S3",.38
2014,"MCM","Q1","Sr","S2",.48
2014,"MCM","Q1","Sr","S1",.12
2014,"MCM","Q1","Sr","S0",.02
2014,"NIP","Q1","Sr","S3",.38
2014,"NIP","Q1","Sr","S2",.48
2014,"NIP","Q1","Sr","S1",.12
2014,"NIP","Q1","Sr","S0",.02
2014,"OCA","Q1","Sr","S3",.2
2014,"OCA","Q1","Sr","S2",.5
2014,"OCA","Q1","Sr","S1",.24
2014,"OCA","Q1","Sr","S0",.06
2014,"OTT","Q1","Sr","S3",.169
2014,"OTT","Q1","Sr","S2",.569
2014,"OTT","Q1","Sr","S1",.213
2014,"OTT","Q1","Sr","S0",.049
2014,"OSP","Q1","Sr","S3",.41
2014,"OSP","Q1","Sr","S2",.54
2014,"OSP","Q1","Sr","S1",.04
2014,"UOI","Q1","Sr","S3",.235
2014,"UOI","Q1","Sr","S2",.499
2014,"UOI","Q1","Sr","S1",.204
2014,"UOI","Q1","Sr","S0",.063
2014,"QUE","Q1","Sr","S3",.508
2014,"QUE","Q1","Sr","S2",.395
2014,"QUE","Q1","Sr","S1",.079
2014,"QUE","Q1","Sr","S0",.019
2014,"RYE","Q1","Sr","S3",.21
2014,"RYE","Q1","Sr","S2",.54
2014,"RYE","Q1","Sr","S1",.2
2014,"RYE","Q1","Sr","S0",.05
2014,"TAC","Q1","Sr","S3",.252
2014,"TAC","Q1","Sr","S2",.477
2014,"TAC","Q1","Sr","S1",.216
2014,"TAC","Q1","Sr","S0",.055
2014,"TSG","Q1","Sr","S3",.271
2014,"TSG","Q1","Sr","S2",.468
2014,"TSG","Q1","Sr","S1",.204
2014,"TSG","Q1","Sr","S0",.057
2014,"TMI","Q1","Sr","S3",.234
2014,"TMI","Q1","Sr","S2",.456
2014,"TMI","Q1","Sr","S1",.254
2014,"TMI","Q1","Sr","S0",.056
2014,"TSC","Q1","Sr","S3",.188
2014,"TSC","Q1","Sr","S2",.52
2014,"TSC","Q1","Sr","S1",.239
2014,"TSC","Q1","Sr","S0",.054
2014,"TRE","Q1","Sr","S3",.384
2014,"TRE","Q1","Sr","S2",.502
2014,"TRE","Q1","Sr","S1",.11
2014,"TRE","Q1","Sr","S0",.004
2014,"WAT","Q1","Sr","S3",.302
2014,"WAT","Q1","Sr","S2",.491
2014,"WAT","Q1","Sr","S1",.165
2014,"WAT","Q1","Sr","S0",.041
2014,"WMC","Q1","Sr","S3",.41
2014,"WMC","Q1","Sr","S2",.47
2014,"WMC","Q1","Sr","S1",.11
2014,"WMC","Q1","Sr","S0",.02
2014,"WBC","Q1","Sr","S3",.49
2014,"WBC","Q1","Sr","S2",.39
2014,"WBC","Q1","Sr","S1",.11
2014,"WBC","Q1","Sr","S0",.01
2014,"WKC","Q1","Sr","S3",.42
2014,"WKC","Q1","Sr","S2",.51
2014,"WKC","Q1","Sr","S1",.06
2014,"WKC","Q1","Sr","S0",.01
2014,"WLA","Q1","Sr","S3",.35
2014,"WLA","Q1","Sr","S2",.51
2014,"WLA","Q1","Sr","S1",.12
2014,"WLA","Q1","Sr","S0",.02
2014,"WIN","Q1","Sr","S3",.171
2014,"WIN","Q1","Sr","S2",.554
2014,"WIN","Q1","Sr","S1",.225
2014,"WIN","Q1","Sr","S0",.05
2014,"YOR","Q1","Sr","S3",.209
2014,"YOR","Q1","Sr","S2",.534
2014,"YOR","Q1","Sr","S1",.211
2014,"YOR","Q1","Sr","S0",.045
2011,"BRO","Q1","Sr","S3",.326
2011,"BRO","Q1","Sr","S2",.534
2011,"BRO","Q1","Sr","S1",.12
2011,"BRO","Q1","Sr","S0",.019
2011,"CAR","Q1","Sr","S3",.366
2011,"CAR","Q1","Sr","S2",.529
2011,"CAR","Q1","Sr","S1",.138
2011,"CAR","Q1","Sr","S0",.027
2011,"GUE","Q1","Sr","S3",.49
2011,"GUE","Q1","Sr","S2",.4
2011,"GUE","Q1","Sr","S1",.09
2011,"GUE","Q1","Sr","S0",.02
2011,"LAK","Q1","Sr","S3",.26
2011,"LAK","Q1","Sr","S2",.52
2011,"LAK","Q1","Sr","S1",.18
2011,"LAK","Q1","Sr","S0",.04
2011,"LAU","Q1","Sr","S3",.241
2011,"LAU","Q1","Sr","S2",.499
2011,"LAU","Q1","Sr","S1",.183
2011,"LAU","Q1","Sr","S0",.077
2011,"MCM","Q1","Sr","S3",.351
2011,"MCM","Q1","Sr","S2",.483
2011,"MCM","Q1","Sr","S1",.134
2011,"MCM","Q1","Sr","S0",.032
2011,"NIP","Q1","Sr","S3",.38
2011,"NIP","Q1","Sr","S2",.5
2011,"NIP","Q1","Sr","S1",.11
2011,"NIP","Q1","Sr","S0",.01
2011,"OCA","Q1","Sr","S3",.2
2011,"OCA","Q1","Sr","S2",.53
2011,"OCA","Q1","Sr","S1",.22
2011,"OCA","Q1","Sr","S0",.05
2011,"OTT","Q1","Sr","S3",.14
2011,"OTT","Q1","Sr","S2",.56
2011,"OTT","Q1","Sr","S1",.26
2011,"OTT","Q1","Sr","S0",.04
2011,"UOI","Q1","Sr","S3",.25
2011,"UOI","Q1","Sr","S2",.53
2011,"UOI","Q1","Sr","S1",.18
2011,"UOI","Q1","Sr","S0",.03
2011,"QUE","Q1","Sr","S3",.49
2011,"QUE","Q1","Sr","S2",.37
2011,"QUE","Q1","Sr","S1",.11
2011,"QUE","Q1","Sr","S0",.03
2011,"RYE","Q1","Sr","S3",.26
2011,"RYE","Q1","Sr","S2",.51
2011,"RYE","Q1","Sr","S1",.19
2011,"RYE","Q1","Sr","S0",.04
2011,"TAC","Q1","Sr","S3",.251
2011,"TAC","Q1","Sr","S2",.463
2011,"TAC","Q1","Sr","S1",.218
2011,"TAC","Q1","Sr","S0",.069
2011,"TSG","Q1","Sr","S3",.251
2011,"TSG","Q1","Sr","S2",.457
2011,"TSG","Q1","Sr","S1",.223
2011,"TSG","Q1","Sr","S0",.068
2011,"TMI","Q1","Sr","S3",.249
2011,"TMI","Q1","Sr","S2",.46
2011,"TMI","Q1","Sr","S1",.215
2011,"TMI","Q1","Sr","S0",.075
2011,"TSC","Q1","Sr","S3",.252
2011,"TSC","Q1","Sr","S2",.484
2011,"TSC","Q1","Sr","S1",.195
2011,"TSC","Q1","Sr","S0",.069
2011,"TRE","Q1","Sr","S3",.418
2011,"TRE","Q1","Sr","S2",.455
2011,"TRE","Q1","Sr","S1",.106
2011,"TRE","Q1","Sr","S0",.021
2011,"WAT","Q1","Sr","S3",.32
2011,"WAT","Q1","Sr","S2",.47
2011,"WAT","Q1","Sr","S1",.15
2011,"WAT","Q1","Sr","S0",.06
2011,"WMC","Q1","Sr","S3",.43
2011,"WMC","Q1","Sr","S2",.43
2011,"WMC","Q1","Sr","S1",.12
2011,"WMC","Q1","Sr","S0",.02
2011,"WBC","Q1","Sr","S3",.63
2011,"WBC","Q1","Sr","S2",.33
2011,"WBC","Q1","Sr","S1",.04
2011,"WHC","Q1","Sr","S3",.72
2011,"WHC","Q1","Sr","S2",.24
2011,"WHC","Q1","Sr","S1",.03
2011,"WHC","Q1","Sr","S0",.01
2011,"WKC","Q1","Sr","S3",.54
2011,"WKC","Q1","Sr","S2",.39
2011,"WKC","Q1","Sr","S1",.06
2011,"WKC","Q1","Sr","S0",.01
2011,"WLA","Q1","Sr","S3",.38
2011,"WLA","Q1","Sr","S2",.47
2011,"WLA","Q1","Sr","S1",.12
2011,"WLA","Q1","Sr","S0",.03
2011,"WIN","Q1","Sr","S3",.25
2011,"WIN","Q1","Sr","S2",.53
2011,"WIN","Q1","Sr","S1",.19
2011,"WIN","Q1","Sr","S0",.03
2011,"YOR","Q1","Sr","S3",.224
2011,"YOR","Q1","Sr","S2",.414
2011,"YOR","Q1","Sr","S1",.237
2011,"YOR","Q1","Sr","S0",.125
2008,"BRO","Q1","Sr","S3",.295
2008,"BRO","Q1","Sr","S2",.543
2008,"BRO","Q1","Sr","S1",.128
2008,"BRO","Q1","Sr","S0",.033
2008,"CAR","Q1","Sr","S3",.255
2008,"CAR","Q1","Sr","S2",.545
2008,"CAR","Q1","Sr","S1",.167
2008,"CAR","Q1","Sr","S0",.032
2008,"GUE","Q1","Sr","S3",.46
2008,"GUE","Q1","Sr","S2",.43
2008,"GUE","Q1","Sr","S1",.09
2008,"GUE","Q1","Sr","S0",.02
2008,"LAK","Q1","Sr","S3",.22
2008,"LAK","Q1","Sr","S2",.5
2008,"LAK","Q1","Sr","S1",.24
2008,"LAK","Q1","Sr","S0",.04
2008,"LAU","Q1","Sr","S3",.21
2008,"LAU","Q1","Sr","S2",.55
2008,"LAU","Q1","Sr","S1",.18
2008,"LAU","Q1","Sr","S0",.07
2008,"MCM","Q1","Sr","S3",.34
2008,"MCM","Q1","Sr","S2",.5
2008,"MCM","Q1","Sr","S1",.13
2008,"MCM","Q1","Sr","S0",.04
2008,"NIP","Q1","Sr","S3",.46
2008,"NIP","Q1","Sr","S2",.44
2008,"NIP","Q1","Sr","S1",.09
2008,"NIP","Q1","Sr","S0",.01
2008,"OCA","Q1","Sr","S3",.168
2008,"OCA","Q1","Sr","S2",.487
2008,"OCA","Q1","Sr","S1",.292
2008,"OCA","Q1","Sr","S0",.053
2008,"OTT","Q1","Sr","S3",.11
2008,"OTT","Q1","Sr","S2",.55
2008,"OTT","Q1","Sr","S1",.27
2008,"OTT","Q1","Sr","S0",.07
2008,"UOI","Q1","Sr","S3",.35
2008,"UOI","Q1","Sr","S2",.47
2008,"UOI","Q1","Sr","S1",.15
2008,"UOI","Q1","Sr","S0",.02
2008,"QUE","Q1","Sr","S3",.44
2008,"QUE","Q1","Sr","S2",.43
2008,"QUE","Q1","Sr","S1",.1
2008,"QUE","Q1","Sr","S0",.02
2008,"RYE","Q1","Sr","S3",.26
2008,"RYE","Q1","Sr","S2",.51
2008,"RYE","Q1","Sr","S1",.19
2008,"RYE","Q1","Sr","S0",.04
2008,"TAC","Q1","Sr","S3",.222
2008,"TAC","Q1","Sr","S2",.469
2008,"TAC","Q1","Sr","S1",.236
2008,"TAC","Q1","Sr","S0",.074
2008,"TSG","Q1","Sr","S3",.225
2008,"TSG","Q1","Sr","S2",.461
2008,"TSG","Q1","Sr","S1",.238
2008,"TSG","Q1","Sr","S0",.076
2008,"TMI","Q1","Sr","S3",.236
2008,"TMI","Q1","Sr","S2",.471
2008,"TMI","Q1","Sr","S1",.206
2008,"TMI","Q1","Sr","S0",.087
2008,"TSC","Q1","Sr","S3",.193
2008,"TSC","Q1","Sr","S2",.539
2008,"TSC","Q1","Sr","S1",.234
2008,"TSC","Q1","Sr","S0",.035
2008,"TRE","Q1","Sr","S3",.41
2008,"TRE","Q1","Sr","S2",.45
2008,"TRE","Q1","Sr","S1",.11
2008,"TRE","Q1","Sr","S0",.02
2008,"WAT","Q1","Sr","S3",.35
2008,"WAT","Q1","Sr","S2",.49
2008,"WAT","Q1","Sr","S1",.13
2008,"WAT","Q1","Sr","S0",.03
2008,"WMC","Q1","Sr","S3",.41
2008,"WMC","Q1","Sr","S2",.44
2008,"WMC","Q1","Sr","S1",.12
2008,"WMC","Q1","Sr","S0",.03
2008,"WBC","Q1","Sr","S3",.57
2008,"WBC","Q1","Sr","S2",.32
2008,"WBC","Q1","Sr","S1",.1
2008,"WBC","Q1","Sr","S0",.01
2008,"WHC","Q1","Sr","S3",.63
2008,"WHC","Q1","Sr","S2",.29
2008,"WHC","Q1","Sr","S1",.06
2008,"WHC","Q1","Sr","S0",.02
2008,"WKC","Q1","Sr","S3",.48
2008,"WKC","Q1","Sr","S2",.41
2008,"WKC","Q1","Sr","S1",.09
2008,"WKC","Q1","Sr","S0",.01
2008,"WLA","Q1","Sr","S3",.4
2008,"WLA","Q1","Sr","S2",.46
2008,"WLA","Q1","Sr","S1",.12
2008,"WLA","Q1","Sr","S0",.02
2008,"WIN","Q1","Sr","S3",.18
2008,"WIN","Q1","Sr","S2",.56
2008,"WIN","Q1","Sr","S1",.21
2008,"WIN","Q1","Sr","S0",.05
2008,"YOR","Q1","Sr","S3",.18
2008,"YOR","Q1","Sr","S2",.52
2008,"YOR","Q1","Sr","S1",.24
2008,"YOR","Q1","Sr","S0",.06
2006,"BRO","Q1","Sr","S3",.37
2006,"BRO","Q1","Sr","S2",.49
2006,"BRO","Q1","Sr","S1",.11
2006,"BRO","Q1","Sr","S0",.03
2006,"CAR","Q1","Sr","S3",.219
2006,"CAR","Q1","Sr","S2",.574
2006,"CAR","Q1","Sr","S1",.175
2006,"CAR","Q1","Sr","S0",.032
2006,"GUE","Q1","Sr","S3",.45
2006,"GUE","Q1","Sr","S2",.44
2006,"GUE","Q1","Sr","S1",.09
2006,"GUE","Q1","Sr","S0",.02
2006,"LAK","Q1","Sr","S3",.204
2006,"LAK","Q1","Sr","S2",.518
2006,"LAK","Q1","Sr","S1",.219
2006,"LAK","Q1","Sr","S0",.059
2006,"LAU","Q1","Sr","S3",.2
2006,"LAU","Q1","Sr","S2",.52
2006,"LAU","Q1","Sr","S1",.22
2006,"LAU","Q1","Sr","S0",.06
2006,"MCM","Q1","Sr","S3",.341
2006,"MCM","Q1","Sr","S2",.468
2006,"MCM","Q1","Sr","S1",.162
2006,"MCM","Q1","Sr","S0",.029
2006,"NIP","Q1","Sr","S3",.36
2006,"NIP","Q1","Sr","S2",.53
2006,"NIP","Q1","Sr","S1",.08
2006,"NIP","Q1","Sr","S0",.03
2006,"OCA","Q1","Sr","S3",.11
2006,"OCA","Q1","Sr","S2",.48
2006,"OCA","Q1","Sr","S1",.28
2006,"OCA","Q1","Sr","S0",.13
2006,"OTT","Q1","Sr","S3",.133
2006,"OTT","Q1","Sr","S2",.544
2006,"OTT","Q1","Sr","S1",.233
2006,"OTT","Q1","Sr","S0",.09
2006,"QUE","Q1","Sr","S3",.41
2006,"QUE","Q1","Sr","S2",.45
2006,"QUE","Q1","Sr","S1",.12
2006,"QUE","Q1","Sr","S0",.02
2006,"RYE","Q1","Sr","S3",.24
2006,"RYE","Q1","Sr","S2",.51
2006,"RYE","Q1","Sr","S1",.2
2006,"RYE","Q1","Sr","S0",.05
2006,"TAC","Q1","Sr","S3",.214
2006,"TAC","Q1","Sr","S2",.491
2006,"TAC","Q1","Sr","S1",.235
2006,"TAC","Q1","Sr","S0",.061
2006,"TSG","Q1","Sr","S3",.214
2006,"TSG","Q1","Sr","S2",.483
2006,"TSG","Q1","Sr","S1",.244
2006,"TSG","Q1","Sr","S0",.059
2006,"TMI","Q1","Sr","S3",.183
2006,"TMI","Q1","Sr","S2",.527
2006,"TMI","Q1","Sr","S1",.223
2006,"TMI","Q1","Sr","S0",.067
2006,"TSC","Q1","Sr","S3",.262
2006,"TSC","Q1","Sr","S2",.476
2006,"TSC","Q1","Sr","S1",.2
2006,"TSC","Q1","Sr","S0",.062
2006,"WAT","Q1","Sr","S3",.361
2006,"WAT","Q1","Sr","S2",.465
2006,"WAT","Q1","Sr","S1",.137
2006,"WAT","Q1","Sr","S0",.036
2006,"WMC","Q1","Sr","S3",.38
2006,"WMC","Q1","Sr","S2",.47
2006,"WMC","Q1","Sr","S1",.12
2006,"WMC","Q1","Sr","S0",.03
2006,"WLA","Q1","Sr","S3",.358
2006,"WLA","Q1","Sr","S2",.516
2006,"WLA","Q1","Sr","S1",.11
2006,"WLA","Q1","Sr","S0",.016
2006,"WIN","Q1","Sr","S3",.23
2006,"WIN","Q1","Sr","S2",.53
2006,"WIN","Q1","Sr","S1",.2
2006,"WIN","Q1","Sr","S0",.04
2006,"YOR","Q1","Sr","S3",.181
2006,"YOR","Q1","Sr","S2",.533
2006,"YOR","Q1","Sr","S1",.235
2006,"YOR","Q1","Sr","S0",.051
2014,"BRO","Q2","Jr","S3",.41
2014,"BRO","Q2","Jr","S2",.45
2014,"BRO","Q2","Jr","S1",.11
2014,"BRO","Q2","Jr","S0",.03
2014,"CAR","Q2","Jr","S3",.369
2014,"CAR","Q2","Jr","S2",.491
2014,"CAR","Q2","Jr","S1",.118
2014,"CAR","Q2","Jr","S0",.022
2014,"GUE","Q2","Jr","S3",.532
2014,"GUE","Q2","Jr","S2",.356
2014,"GUE","Q2","Jr","S1",.09
2014,"GUE","Q2","Jr","S0",.021
2014,"LAK","Q2","Jr","S3",.32
2014,"LAK","Q2","Jr","S2",.47
2014,"LAK","Q2","Jr","S1",.16
2014,"LAK","Q2","Jr","S0",.05
2014,"LAU","Q2","Jr","S3",.346
2014,"LAU","Q2","Jr","S2",.458
2014,"LAU","Q2","Jr","S1",.145
2014,"LAU","Q2","Jr","S0",.05
2014,"MCM","Q2","Jr","S3",.45
2014,"MCM","Q2","Jr","S2",.44
2014,"MCM","Q2","Jr","S1",.08
2014,"MCM","Q2","Jr","S0",.03
2014,"NIP","Q2","Jr","S3",.51
2014,"NIP","Q2","Jr","S2",.4
2014,"NIP","Q2","Jr","S1",.08
2014,"NIP","Q2","Jr","S0",.01
2014,"OCA","Q2","Jr","S3",.35
2014,"OCA","Q2","Jr","S2",.5
2014,"OCA","Q2","Jr","S1",.11
2014,"OCA","Q2","Jr","S0",.04
2014,"OTT","Q2","Jr","S3",.312
2014,"OTT","Q2","Jr","S2",.511
2014,"OTT","Q2","Jr","S1",.148
2014,"OTT","Q2","Jr","S0",.029
2014,"OSP","Q2","Jr","S3",.66
2014,"OSP","Q2","Jr","S2",.3
2014,"OSP","Q2","Jr","S1",.05
2014,"UOI","Q2","Jr","S3",.358
2014,"UOI","Q2","Jr","S2",.458
2014,"UOI","Q2","Jr","S1",.151
2014,"UOI","Q2","Jr","S0",.033
2014,"QUE","Q2","Jr","S3",.599
2014,"QUE","Q2","Jr","S2",.324
2014,"QUE","Q2","Jr","S1",.062
2014,"QUE","Q2","Jr","S0",.014
2014,"RYE","Q2","Jr","S3",.34
2014,"RYE","Q2","Jr","S2",.49
2014,"RYE","Q2","Jr","S1",.13
2014,"RYE","Q2","Jr","S0",.03
2014,"TAC","Q2","Jr","S3",.353
2014,"TAC","Q2","Jr","S2",.454
2014,"TAC","Q2","Jr","S1",.152
2014,"TAC","Q2","Jr","S0",.041
2014,"TSG","Q2","Jr","S3",.39
2014,"TSG","Q2","Jr","S2",.435
2014,"TSG","Q2","Jr","S1",.143
2014,"TSG","Q2","Jr","S0",.032
2014,"TMI","Q2","Jr","S3",.29
2014,"TMI","Q2","Jr","S2",.482
2014,"TMI","Q2","Jr","S1",.169
2014,"TMI","Q2","Jr","S0",.06
2014,"TSC","Q2","Jr","S3",.288
2014,"TSC","Q2","Jr","S2",.494
2014,"TSC","Q2","Jr","S1",.166
2014,"TSC","Q2","Jr","S0",.053
2014,"TRE","Q2","Jr","S3",.402
2014,"TRE","Q2","Jr","S2",.421
2014,"TRE","Q2","Jr","S1",.147
2014,"TRE","Q2","Jr","S0",.031
2014,"WAT","Q2","Jr","S3",.423
2014,"WAT","Q2","Jr","S2",.456
2014,"WAT","Q2","Jr","S1",.094
2014,"WAT","Q2","Jr","S0",.026
2014,"WMC","Q2","Jr","S3",.51
2014,"WMC","Q2","Jr","S2",.39
2014,"WMC","Q2","Jr","S1",.08
2014,"WMC","Q2","Jr","S0",.02
2014,"WBC","Q2","Jr","S3",.46
2014,"WBC","Q2","Jr","S2",.42
2014,"WBC","Q2","Jr","S1",.1
2014,"WBC","Q2","Jr","S0",.02
2014,"WKC","Q2","Jr","S3",.4
2014,"WKC","Q2","Jr","S2",.45
2014,"WKC","Q2","Jr","S1",.14
2014,"WKC","Q2","Jr","S0",.01
2014,"WLA","Q2","Jr","S3",.41
2014,"WLA","Q2","Jr","S2",.45
2014,"WLA","Q2","Jr","S1",.1
2014,"WLA","Q2","Jr","S0",.04
2014,"WIN","Q2","Jr","S3",.29
2014,"WIN","Q2","Jr","S2",.502
2014,"WIN","Q2","Jr","S1",.155
2014,"WIN","Q2","Jr","S0",.053
2014,"YOR","Q2","Jr","S3",.288
2014,"YOR","Q2","Jr","S2",.473
2014,"YOR","Q2","Jr","S1",.191
2014,"YOR","Q2","Jr","S0",.048
2011,"BRO","Q2","Jr","S3",.389
2011,"BRO","Q2","Jr","S2",.434
2011,"BRO","Q2","Jr","S1",.138
2011,"BRO","Q2","Jr","S0",.039
2011,"CAR","Q2","Jr","S3",.41
2011,"CAR","Q2","Jr","S2",.436
2011,"CAR","Q2","Jr","S1",.119
2011,"CAR","Q2","Jr","S0",.035
2011,"GUE","Q2","Jr","S3",.55
2011,"GUE","Q2","Jr","S2",.35
2011,"GUE","Q2","Jr","S1",.08
2011,"GUE","Q2","Jr","S0",.02
2011,"LAK","Q2","Jr","S3",.4
2011,"LAK","Q2","Jr","S2",.43
2011,"LAK","Q2","Jr","S1",.14
2011,"LAK","Q2","Jr","S0",.04
2011,"LAU","Q2","Jr","S3",.367
2011,"LAU","Q2","Jr","S2",.473
2011,"LAU","Q2","Jr","S1",.131
2011,"LAU","Q2","Jr","S0",.029
2011,"MCM","Q2","Jr","S3",.492
2011,"MCM","Q2","Jr","S2",.391
2011,"MCM","Q2","Jr","S1",.088
2011,"MCM","Q2","Jr","S0",.028
2011,"NIP","Q2","Jr","S3",.6
2011,"NIP","Q2","Jr","S2",.33
2011,"NIP","Q2","Jr","S1",.05
2011,"NIP","Q2","Jr","S0",.02
2011,"OCA","Q2","Jr","S3",.46
2011,"OCA","Q2","Jr","S2",.42
2011,"OCA","Q2","Jr","S1",.1
2011,"OCA","Q2","Jr","S0",.02
2011,"OTT","Q2","Jr","S3",.35
2011,"OTT","Q2","Jr","S2",.5
2011,"OTT","Q2","Jr","S1",.13
2011,"OTT","Q2","Jr","S0",.03
2011,"UOI","Q2","Jr","S3",.3
2011,"UOI","Q2","Jr","S2",.49
2011,"UOI","Q2","Jr","S1",.17
2011,"UOI","Q2","Jr","S0",.04
2011,"QUE","Q2","Jr","S3",.6
2011,"QUE","Q2","Jr","S2",.3
2011,"QUE","Q2","Jr","S1",.07
2011,"QUE","Q2","Jr","S0",.02
2011,"RYE","Q2","Jr","S3",.41
2011,"RYE","Q2","Jr","S2",.45
2011,"RYE","Q2","Jr","S1",.11
2011,"RYE","Q2","Jr","S0",.03
2011,"TAC","Q2","Jr","S3",.385
2011,"TAC","Q2","Jr","S2",.43
2011,"TAC","Q2","Jr","S1",.139
2011,"TAC","Q2","Jr","S0",.046
2011,"TSG","Q2","Jr","S3",.415
2011,"TSG","Q2","Jr","S2",.417
2011,"TSG","Q2","Jr","S1",.127
2011,"TSG","Q2","Jr","S0",.041
2011,"TMI","Q2","Jr","S3",.366
2011,"TMI","Q2","Jr","S2",.441
2011,"TMI","Q2","Jr","S1",.144
2011,"TMI","Q2","Jr","S0",.049
2011,"TSC","Q2","Jr","S3",.266
2011,"TSC","Q2","Jr","S2",.48
2011,"TSC","Q2","Jr","S1",.185
2011,"TSC","Q2","Jr","S0",.068
2011,"TRE","Q2","Jr","S3",.475
2011,"TRE","Q2","Jr","S2",.393
2011,"TRE","Q2","Jr","S1",.108
2011,"TRE","Q2","Jr","S0",.024
2011,"WAT","Q2","Jr","S3",.5
2011,"WAT","Q2","Jr","S2",.38
2011,"WAT","Q2","Jr","S1",.09
2011,"WAT","Q2","Jr","S0",.03
2011,"WMC","Q2","Jr","S3",.54
2011,"WMC","Q2","Jr","S2",.36
2011,"WMC","Q2","Jr","S1",.08
2011,"WMC","Q2","Jr","S0",.02
2011,"WBC","Q2","Jr","S3",.4
2011,"WBC","Q2","Jr","S2",.39
2011,"WBC","Q2","Jr","S1",.16
2011,"WBC","Q2","Jr","S0",.04
2011,"WHC","Q2","Jr","S3",.54
2011,"WHC","Q2","Jr","S2",.3
2011,"WHC","Q2","Jr","S1",.11
2011,"WHC","Q2","Jr","S0",.05
2011,"WKC","Q2","Jr","S3",.5
2011,"WKC","Q2","Jr","S2",.38
2011,"WKC","Q2","Jr","S1",.08
2011,"WKC","Q2","Jr","S0",.04
2011,"WLA","Q2","Jr","S3",.5
2011,"WLA","Q2","Jr","S2",.37
2011,"WLA","Q2","Jr","S1",.11
2011,"WLA","Q2","Jr","S0",.03
2011,"WIN","Q2","Jr","S3",.29
2011,"WIN","Q2","Jr","S2",.51
2011,"WIN","Q2","Jr","S1",.14
2011,"WIN","Q2","Jr","S0",.06
2011,"YOR","Q2","Jr","S3",.288
2011,"YOR","Q2","Jr","S2",.496
2011,"YOR","Q2","Jr","S1",.153
2011,"YOR","Q2","Jr","S0",.063
2008,"BRO","Q2","Jr","S3",.393
2008,"BRO","Q2","Jr","S2",.444
2008,"BRO","Q2","Jr","S1",.132
2008,"BRO","Q2","Jr","S0",.031
2008,"CAR","Q2","Jr","S3",.387
2008,"CAR","Q2","Jr","S2",.462
2008,"CAR","Q2","Jr","S1",.12
2008,"CAR","Q2","Jr","S0",.031
2008,"GUE","Q2","Jr","S3",.55
2008,"GUE","Q2","Jr","S2",.35
2008,"GUE","Q2","Jr","S1",.07
2008,"GUE","Q2","Jr","S0",.02
2008,"LAK","Q2","Jr","S3",.34
2008,"LAK","Q2","Jr","S2",.45
2008,"LAK","Q2","Jr","S1",.15
2008,"LAK","Q2","Jr","S0",.06
2008,"LAU","Q2","Jr","S3",.37
2008,"LAU","Q2","Jr","S2",.43
2008,"LAU","Q2","Jr","S1",.12
2008,"LAU","Q2","Jr","S0",.08
2008,"MCM","Q2","Jr","S3",.46
2008,"MCM","Q2","Jr","S2",.37
2008,"MCM","Q2","Jr","S1",.13
2008,"MCM","Q2","Jr","S0",.04
2008,"NIP","Q2","Jr","S3",.55
2008,"NIP","Q2","Jr","S2",.34
2008,"NIP","Q2","Jr","S1",.08
2008,"NIP","Q2","Jr","S0",.03
2008,"OCA","Q2","Jr","S3",.446
2008,"OCA","Q2","Jr","S2",.416
2008,"OCA","Q2","Jr","S1",.115
2008,"OCA","Q2","Jr","S0",.023
2008,"OTT","Q2","Jr","S3",.3
2008,"OTT","Q2","Jr","S2",.5
2008,"OTT","Q2","Jr","S1",.14
2008,"OTT","Q2","Jr","S0",.05
2008,"UOI","Q2","Jr","S3",.43
2008,"UOI","Q2","Jr","S2",.41
2008,"UOI","Q2","Jr","S1",.12
2008,"UOI","Q2","Jr","S0",.04
2008,"QUE","Q2","Jr","S3",.61
2008,"QUE","Q2","Jr","S2",.29
2008,"QUE","Q2","Jr","S1",.08
2008,"QUE","Q2","Jr","S0",.02
2008,"RYE","Q2","Jr","S3",.41
2008,"RYE","Q2","Jr","S2",.45
2008,"RYE","Q2","Jr","S1",.11
2008,"RYE","Q2","Jr","S0",.03
2008,"TAC","Q2","Jr","S3",.341
2008,"TAC","Q2","Jr","S2",.446
2008,"TAC","Q2","Jr","S1",.155
2008,"TAC","Q2","Jr","S0",.058
2008,"TSG","Q2","Jr","S3",.35
2008,"TSG","Q2","Jr","S2",.437
2008,"TSG","Q2","Jr","S1",.157
2008,"TSG","Q2","Jr","S0",.056
2008,"TMI","Q2","Jr","S3",.283
2008,"TMI","Q2","Jr","S2",.503
2008,"TMI","Q2","Jr","S1",.136
2008,"TMI","Q2","Jr","S0",.078
2008,"TSC","Q2","Jr","S3",.313
2008,"TSC","Q2","Jr","S2",.479
2008,"TSC","Q2","Jr","S1",.143
2008,"TSC","Q2","Jr","S0",.065
2008,"TRE","Q2","Jr","S3",.46
2008,"TRE","Q2","Jr","S2",.39
2008,"TRE","Q2","Jr","S1",.1
2008,"TRE","Q2","Jr","S0",.05
2008,"WAT","Q2","Jr","S3",.46
2008,"WAT","Q2","Jr","S2",.4
2008,"WAT","Q2","Jr","S1",.1
2008,"WAT","Q2","Jr","S0",.03
2008,"WMC","Q2","Jr","S3",.54
2008,"WMC","Q2","Jr","S2",.34
2008,"WMC","Q2","Jr","S1",.08
2008,"WMC","Q2","Jr","S0",.04
2008,"WBC","Q2","Jr","S3",.37
2008,"WBC","Q2","Jr","S2",.44
2008,"WBC","Q2","Jr","S1",.14
2008,"WBC","Q2","Jr","S0",.05
2008,"WHC","Q2","Jr","S3",.45
2008,"WHC","Q2","Jr","S2",.39
2008,"WHC","Q2","Jr","S1",.12
2008,"WHC","Q2","Jr","S0",.05
2008,"WKC","Q2","Jr","S3",.49
2008,"WKC","Q2","Jr","S2",.37
2008,"WKC","Q2","Jr","S1",.09
2008,"WKC","Q2","Jr","S0",.04
2008,"WLA","Q2","Jr","S3",.56
2008,"WLA","Q2","Jr","S2",.33
2008,"WLA","Q2","Jr","S1",.09
2008,"WLA","Q2","Jr","S0",.03
2008,"WIN","Q2","Jr","S3",.25
2008,"WIN","Q2","Jr","S2",.48
2008,"WIN","Q2","Jr","S1",.21
2008,"WIN","Q2","Jr","S0",.06
2008,"YOR","Q2","Jr","S3",.32
2008,"YOR","Q2","Jr","S2",.47
2008,"YOR","Q2","Jr","S1",.16
2008,"YOR","Q2","Jr","S0",.05
2006,"BRO","Q2","Jr","S3",.38
2006,"BRO","Q2","Jr","S2",.45
2006,"BRO","Q2","Jr","S1",.12
2006,"BRO","Q2","Jr","S0",.05
2006,"CAR","Q2","Jr","S3",.389
2006,"CAR","Q2","Jr","S2",.46
2006,"CAR","Q2","Jr","S1",.116
2006,"CAR","Q2","Jr","S0",.034
2006,"GUE","Q2","Jr","S3",.58
2006,"GUE","Q2","Jr","S2",.34
2006,"GUE","Q2","Jr","S1",.07
2006,"GUE","Q2","Jr","S0",.02
2006,"LAK","Q2","Jr","S3",.394
2006,"LAK","Q2","Jr","S2",.411
2006,"LAK","Q2","Jr","S1",.142
2006,"LAK","Q2","Jr","S0",.053
2006,"LAU","Q2","Jr","S3",.41
2006,"LAU","Q2","Jr","S2",.39
2006,"LAU","Q2","Jr","S1",.14
2006,"LAU","Q2","Jr","S0",.06
2006,"MCM","Q2","Jr","S3",.45
2006,"MCM","Q2","Jr","S2",.428
2006,"MCM","Q2","Jr","S1",.093
2006,"MCM","Q2","Jr","S0",.028
2006,"NIP","Q2","Jr","S3",.54
2006,"NIP","Q2","Jr","S2",.35
2006,"NIP","Q2","Jr","S1",.08
2006,"NIP","Q2","Jr","S0",.03
2006,"OCA","Q2","Jr","S3",.43
2006,"OCA","Q2","Jr","S2",.46
2006,"OCA","Q2","Jr","S1",.09
2006,"OCA","Q2","Jr","S0",.03
2006,"OTT","Q2","Jr","S3",.354
2006,"OTT","Q2","Jr","S2",.481
2006,"OTT","Q2","Jr","S1",.138
2006,"OTT","Q2","Jr","S0",.035
2006,"UOI","Q2","Jr","S3",.45
2006,"UOI","Q2","Jr","S2",.4
2006,"UOI","Q2","Jr","S1",.11
2006,"UOI","Q2","Jr","S0",.04
2006,"QUE","Q2","Jr","S3",.6
2006,"QUE","Q2","Jr","S2",.31
2006,"QUE","Q2","Jr","S1",.07
2006,"QUE","Q2","Jr","S0",.02
2006,"RYE","Q2","Jr","S3",.41
2006,"RYE","Q2","Jr","S2",.44
2006,"RYE","Q2","Jr","S1",.11
2006,"RYE","Q2","Jr","S0",.04
2006,"TAC","Q2","Jr","S3",.347
2006,"TAC","Q2","Jr","S2",.432
2006,"TAC","Q2","Jr","S1",.168
2006,"TAC","Q2","Jr","S0",.053
2006,"TSG","Q2","Jr","S3",.375
2006,"TSG","Q2","Jr","S2",.428
2006,"TSG","Q2","Jr","S1",.154
2006,"TSG","Q2","Jr","S0",.043
2006,"TMI","Q2","Jr","S3",.313
2006,"TMI","Q2","Jr","S2",.439
2006,"TMI","Q2","Jr","S1",.182
2006,"TMI","Q2","Jr","S0",.066
2006,"TSC","Q2","Jr","S3",.315
2006,"TSC","Q2","Jr","S2",.435
2006,"TSC","Q2","Jr","S1",.19
2006,"TSC","Q2","Jr","S0",.06
2006,"WAT","Q2","Jr","S3",.533
2006,"WAT","Q2","Jr","S2",.36
2006,"WAT","Q2","Jr","S1",.083
2006,"WAT","Q2","Jr","S0",.024
2006,"WMC","Q2","Jr","S3",.6
2006,"WMC","Q2","Jr","S2",.3
2006,"WMC","Q2","Jr","S1",.07
2006,"WMC","Q2","Jr","S0",.02
2006,"WLA","Q2","Jr","S3",.52
2006,"WLA","Q2","Jr","S2",.359
2006,"WLA","Q2","Jr","S1",.094
2006,"WLA","Q2","Jr","S0",.027
2006,"WIN","Q2","Jr","S3",.26
2006,"WIN","Q2","Jr","S2",.49
2006,"WIN","Q2","Jr","S1",.19
2006,"WIN","Q2","Jr","S0",.06
2006,"YOR","Q2","Jr","S3",.316
2006,"YOR","Q2","Jr","S2",.504
2006,"YOR","Q2","Jr","S1",.122
2006,"YOR","Q2","Jr","S0",.058
2014,"BRO","Q2","Sr","S3",.37
2014,"BRO","Q2","Sr","S2",.43
2014,"BRO","Q2","Sr","S1",.14
2014,"BRO","Q2","Sr","S0",.05
2014,"CAR","Q2","Sr","S3",.357
2014,"CAR","Q2","Sr","S2",.444
2014,"CAR","Q2","Sr","S1",.146
2014,"CAR","Q2","Sr","S0",.054
2014,"GUE","Q2","Sr","S3",.573
2014,"GUE","Q2","Sr","S2",.334
2014,"GUE","Q2","Sr","S1",.072
2014,"GUE","Q2","Sr","S0",.022
2014,"LAK","Q2","Sr","S3",.23
2014,"LAK","Q2","Sr","S2",.46
2014,"LAK","Q2","Sr","S1",.23
2014,"LAK","Q2","Sr","S0",.08
2014,"LAU","Q2","Sr","S3",.27
2014,"LAU","Q2","Sr","S2",.486
2014,"LAU","Q2","Sr","S1",.173
2014,"LAU","Q2","Sr","S0",.07
2014,"MCM","Q2","Sr","S3",.43
2014,"MCM","Q2","Sr","S2",.41
2014,"MCM","Q2","Sr","S1",.13
2014,"MCM","Q2","Sr","S0",.02
2014,"NIP","Q2","Sr","S3",.39
2014,"NIP","Q2","Sr","S2",.42
2014,"NIP","Q2","Sr","S1",.15
2014,"NIP","Q2","Sr","S0",.04
2014,"OCA","Q2","Sr","S3",.28
2014,"OCA","Q2","Sr","S2",.45
2014,"OCA","Q2","Sr","S1",.22
2014,"OCA","Q2","Sr","S0",.05
2014,"OTT","Q2","Sr","S3",.24
2014,"OTT","Q2","Sr","S2",.461
2014,"OTT","Q2","Sr","S1",.223
2014,"OTT","Q2","Sr","S0",.077
2014,"OSP","Q2","Sr","S3",.56
2014,"OSP","Q2","Sr","S2",.37
2014,"OSP","Q2","Sr","S1",.03
2014,"OSP","Q2","Sr","S0",.04
2014,"UOI","Q2","Sr","S3",.265
2014,"UOI","Q2","Sr","S2",.406
2014,"UOI","Q2","Sr","S1",.234
2014,"UOI","Q2","Sr","S0",.095
2014,"QUE","Q2","Sr","S3",.557
2014,"QUE","Q2","Sr","S2",.311
2014,"QUE","Q2","Sr","S1",.097
2014,"QUE","Q2","Sr","S0",.035
2014,"RYE","Q2","Sr","S3",.28
2014,"RYE","Q2","Sr","S2",.46
2014,"RYE","Q2","Sr","S1",.19
2014,"RYE","Q2","Sr","S0",.07
2014,"TAC","Q2","Sr","S3",.3
2014,"TAC","Q2","Sr","S2",.417
2014,"TAC","Q2","Sr","S1",.19
2014,"TAC","Q2","Sr","S0",.093
2014,"TSG","Q2","Sr","S3",.311
2014,"TSG","Q2","Sr","S2",.413
2014,"TSG","Q2","Sr","S1",.184
2014,"TSG","Q2","Sr","S0",.093
2014,"TMI","Q2","Sr","S3",.293
2014,"TMI","Q2","Sr","S2",.391
2014,"TMI","Q2","Sr","S1",.218
2014,"TMI","Q2","Sr","S0",.097
2014,"TSC","Q2","Sr","S3",.232
2014,"TSC","Q2","Sr","S2",.464
2014,"TSC","Q2","Sr","S1",.206
2014,"TSC","Q2","Sr","S0",.098
2014,"TRE","Q2","Sr","S3",.45
2014,"TRE","Q2","Sr","S2",.399
2014,"TRE","Q2","Sr","S1",.121
2014,"TRE","Q2","Sr","S0",.031
2014,"WAT","Q2","Sr","S3",.344
2014,"WAT","Q2","Sr","S2",.443
2014,"WAT","Q2","Sr","S1",.158
2014,"WAT","Q2","Sr","S0",.055
2014,"WMC","Q2","Sr","S3",.45
2014,"WMC","Q2","Sr","S2",.38
2014,"WMC","Q2","Sr","S1",.14
2014,"WMC","Q2","Sr","S0",.04
2014,"WBC","Q2","Sr","S3",.54
2014,"WBC","Q2","Sr","S2",.36
2014,"WBC","Q2","Sr","S1",.1
2014,"WBC","Q2","Sr","S0",.01
2014,"WKC","Q2","Sr","S3",.46
2014,"WKC","Q2","Sr","S2",.42
2014,"WKC","Q2","Sr","S1",.09
2014,"WKC","Q2","Sr","S0",.03
2014,"WLA","Q2","Sr","S3",.39
2014,"WLA","Q2","Sr","S2",.42
2014,"WLA","Q2","Sr","S1",.15
2014,"WLA","Q2","Sr","S0",.04
2014,"WIN","Q2","Sr","S3",.223
2014,"WIN","Q2","Sr","S2",.484
2014,"WIN","Q2","Sr","S1",.2
2014,"WIN","Q2","Sr","S0",.093
2014,"YOR","Q2","Sr","S3",.252
2014,"YOR","Q2","Sr","S2",.44
2014,"YOR","Q2","Sr","S1",.215
2014,"YOR","Q2","Sr","S0",.093
2011,"BRO","Q2","Sr","S3",.407
2011,"BRO","Q2","Sr","S2",.407
2011,"BRO","Q2","Sr","S1",.138
2011,"BRO","Q2","Sr","S0",.047
2011,"CAR","Q2","Sr","S3",.372
2011,"CAR","Q2","Sr","S2",.43
2011,"CAR","Q2","Sr","S1",.153
2011,"CAR","Q2","Sr","S0",.045
2011,"GUE","Q2","Sr","S3",.56
2011,"GUE","Q2","Sr","S2",.31
2011,"GUE","Q2","Sr","S1",.1
2011,"GUE","Q2","Sr","S0",.04
2011,"LAK","Q2","Sr","S3",.36
2011,"LAK","Q2","Sr","S2",.41
2011,"LAK","Q2","Sr","S1",.17
2011,"LAK","Q2","Sr","S0",.06
2011,"LAU","Q2","Sr","S3",.351
2011,"LAU","Q2","Sr","S2",.401
2011,"LAU","Q2","Sr","S1",.153
2011,"LAU","Q2","Sr","S0",.095
2011,"MCM","Q2","Sr","S3",.403
2011,"MCM","Q2","Sr","S2",.405
2011,"MCM","Q2","Sr","S1",.148
2011,"MCM","Q2","Sr","S0",.044
2011,"NIP","Q2","Sr","S3",.47
2011,"NIP","Q2","Sr","S2",.35
2011,"NIP","Q2","Sr","S1",.14
2011,"NIP","Q2","Sr","S0",.04
2011,"OCA","Q2","Sr","S3",.37
2011,"OCA","Q2","Sr","S2",.39
2011,"OCA","Q2","Sr","S1",.18
2011,"OCA","Q2","Sr","S0",.06
2011,"OTT","Q2","Sr","S3",.21
2011,"OTT","Q2","Sr","S2",.47
2011,"OTT","Q2","Sr","S1",.23
2011,"OTT","Q2","Sr","S0",.09
2011,"UOI","Q2","Sr","S3",.29
2011,"UOI","Q2","Sr","S2",.49
2011,"UOI","Q2","Sr","S1",.15
2011,"UOI","Q2","Sr","S0",.07
2011,"QUE","Q2","Sr","S3",.55
2011,"QUE","Q2","Sr","S2",.29
2011,"QUE","Q2","Sr","S1",.11
2011,"QUE","Q2","Sr","S0",.05
2011,"RYE","Q2","Sr","S3",.35
2011,"RYE","Q2","Sr","S2",.43
2011,"RYE","Q2","Sr","S1",.16
2011,"RYE","Q2","Sr","S0",.06
2011,"TAC","Q2","Sr","S3",.307
2011,"TAC","Q2","Sr","S2",.386
2011,"TAC","Q2","Sr","S1",.203
2011,"TAC","Q2","Sr","S0",.105
2011,"TSG","Q2","Sr","S3",.319
2011,"TSG","Q2","Sr","S2",.381
2011,"TSG","Q2","Sr","S1",.198
2011,"TSG","Q2","Sr","S0",.102
2011,"TMI","Q2","Sr","S3",.266
2011,"TMI","Q2","Sr","S2",.41
2011,"TMI","Q2","Sr","S1",.197
2011,"TMI","Q2","Sr","S0",.127
2011,"TSC","Q2","Sr","S3",.302
2011,"TSC","Q2","Sr","S2",.385
2011,"TSC","Q2","Sr","S1",.221
2011,"TSC","Q2","Sr","S0",.092
2011,"TRE","Q2","Sr","S3",.483
2011,"TRE","Q2","Sr","S2",.359
2011,"TRE","Q2","Sr","S1",.114
2011,"TRE","Q2","Sr","S0",.044
2011,"WAT","Q2","Sr","S3",.37
2011,"WAT","Q2","Sr","S2",.41
2011,"WAT","Q2","Sr","S1",.15
2011,"WAT","Q2","Sr","S0",.07
2011,"WMC","Q2","Sr","S3",.49
2011,"WMC","Q2","Sr","S2",.35
2011,"WMC","Q2","Sr","S1",.12
2011,"WMC","Q2","Sr","S0",.04
2011,"WBC","Q2","Sr","S3",.58
2011,"WBC","Q2","Sr","S2",.36
2011,"WBC","Q2","Sr","S1",.05
2011,"WBC","Q2","Sr","S0",.01
2011,"WHC","Q2","Sr","S3",.75
2011,"WHC","Q2","Sr","S2",.19
2011,"WHC","Q2","Sr","S1",.05
2011,"WHC","Q2","Sr","S0",.01
2011,"WKC","Q2","Sr","S3",.6
2011,"WKC","Q2","Sr","S2",.29
2011,"WKC","Q2","Sr","S1",.08
2011,"WKC","Q2","Sr","S0",.03
2011,"WLA","Q2","Sr","S3",.46
2011,"WLA","Q2","Sr","S2",.34
2011,"WLA","Q2","Sr","S1",.15
2011,"WLA","Q2","Sr","S0",.05
2011,"WIN","Q2","Sr","S3",.29
2011,"WIN","Q2","Sr","S2",.47
2011,"WIN","Q2","Sr","S1",.17
2011,"WIN","Q2","Sr","S0",.07
2011,"YOR","Q2","Sr","S3",.224
2011,"YOR","Q2","Sr","S2",.414
2011,"YOR","Q2","Sr","S1",.237
2011,"YOR","Q2","Sr","S0",.125
2008,"BRO","Q2","Sr","S3",.373
2008,"BRO","Q2","Sr","S2",.418
2008,"BRO","Q2","Sr","S1",.155
2008,"BRO","Q2","Sr","S0",.054
2008,"CAR","Q2","Sr","S3",.33
2008,"CAR","Q2","Sr","S2",.45
2008,"CAR","Q2","Sr","S1",.167
2008,"CAR","Q2","Sr","S0",.053
2008,"GUE","Q2","Sr","S3",.54
2008,"GUE","Q2","Sr","S2",.34
2008,"GUE","Q2","Sr","S1",.1
2008,"GUE","Q2","Sr","S0",.03
2008,"LAK","Q2","Sr","S3",.31
2008,"LAK","Q2","Sr","S2",.41
2008,"LAK","Q2","Sr","S1",.21
2008,"LAK","Q2","Sr","S0",.07
2008,"LAU","Q2","Sr","S3",.33
2008,"LAU","Q2","Sr","S2",.45
2008,"LAU","Q2","Sr","S1",.13
2008,"LAU","Q2","Sr","S0",.09
2008,"MCM","Q2","Sr","S3",.45
2008,"MCM","Q2","Sr","S2",.32
2008,"MCM","Q2","Sr","S1",.18
2008,"MCM","Q2","Sr","S0",.05
2008,"NIP","Q2","Sr","S3",.54
2008,"NIP","Q2","Sr","S2",.33
2008,"NIP","Q2","Sr","S1",.09
2008,"NIP","Q2","Sr","S0",.04
2008,"OCA","Q2","Sr","S3",.26
2008,"OCA","Q2","Sr","S2",.464
2008,"OCA","Q2","Sr","S1",.189
2008,"OCA","Q2","Sr","S0",.086
2008,"OTT","Q2","Sr","S3",.19
2008,"OTT","Q2","Sr","S2",.47
2008,"OTT","Q2","Sr","S1",.24
2008,"OTT","Q2","Sr","S0",.1
2008,"UOI","Q2","Sr","S3",.36
2008,"UOI","Q2","Sr","S2",.47
2008,"UOI","Q2","Sr","S1",.11
2008,"UOI","Q2","Sr","S0",.06
2008,"QUE","Q2","Sr","S3",.51
2008,"QUE","Q2","Sr","S2",.33
2008,"QUE","Q2","Sr","S1",.12
2008,"QUE","Q2","Sr","S0",.04
2008,"RYE","Q2","Sr","S3",.36
2008,"RYE","Q2","Sr","S2",.44
2008,"RYE","Q2","Sr","S1",.15
2008,"RYE","Q2","Sr","S0",.06
2008,"TAC","Q2","Sr","S3",.294
2008,"TAC","Q2","Sr","S2",.377
2008,"TAC","Q2","Sr","S1",.218
2008,"TAC","Q2","Sr","S0",.111
2008,"TSG","Q2","Sr","S3",.303
2008,"TSG","Q2","Sr","S2",.367
2008,"TSG","Q2","Sr","S1",.217
2008,"TSG","Q2","Sr","S0",.113
2008,"TMI","Q2","Sr","S3",.304
2008,"TMI","Q2","Sr","S2",.376
2008,"TMI","Q2","Sr","S1",.217
2008,"TMI","Q2","Sr","S0",.104
2008,"TSC","Q2","Sr","S3",.223
2008,"TSC","Q2","Sr","S2",.467
2008,"TSC","Q2","Sr","S1",.218
2008,"TSC","Q2","Sr","S0",.092
2008,"TRE","Q2","Sr","S3",.46
2008,"TRE","Q2","Sr","S2",.39
2008,"TRE","Q2","Sr","S1",.1
2008,"TRE","Q2","Sr","S0",.06
2008,"WAT","Q2","Sr","S3",.45
2008,"WAT","Q2","Sr","S2",.38
2008,"WAT","Q2","Sr","S1",.12
2008,"WAT","Q2","Sr","S0",.04
2008,"WMC","Q2","Sr","S3",.49
2008,"WMC","Q2","Sr","S2",.35
2008,"WMC","Q2","Sr","S1",.12
2008,"WMC","Q2","Sr","S0",.05
2008,"WBC","Q2","Sr","S3",.53
2008,"WBC","Q2","Sr","S2",.32
2008,"WBC","Q2","Sr","S1",.11
2008,"WBC","Q2","Sr","S0",.04
2008,"WHC","Q2","Sr","S3",.63
2008,"WHC","Q2","Sr","S2",.23
2008,"WHC","Q2","Sr","S1",.11
2008,"WHC","Q2","Sr","S0",.03
2008,"WKC","Q2","Sr","S3",.55
2008,"WKC","Q2","Sr","S2",.31
2008,"WKC","Q2","Sr","S1",.12
2008,"WKC","Q2","Sr","S0",.02
2008,"WLA","Q2","Sr","S3",.5
2008,"WLA","Q2","Sr","S2",.33
2008,"WLA","Q2","Sr","S1",.13
2008,"WLA","Q2","Sr","S0",.04
2008,"WIN","Q2","Sr","S3",.24
2008,"WIN","Q2","Sr","S2",.46
2008,"WIN","Q2","Sr","S1",.21
2008,"WIN","Q2","Sr","S0",.09
2008,"YOR","Q2","Sr","S3",.26
2008,"YOR","Q2","Sr","S2",.45
2008,"YOR","Q2","Sr","S1",.21
2008,"YOR","Q2","Sr","S0",.09
2006,"BRO","Q2","Sr","S3",.45
2006,"BRO","Q2","Sr","S2",.38
2006,"BRO","Q2","Sr","S1",.12
2006,"BRO","Q2","Sr","S0",.06
2006,"CAR","Q2","Sr","S3",.304
2006,"CAR","Q2","Sr","S2",.464
2006,"CAR","Q2","Sr","S1",.175
2006,"CAR","Q2","Sr","S0",.056
2006,"GUE","Q2","Sr","S3",.54
2006,"GUE","Q2","Sr","S2",.34
2006,"GUE","Q2","Sr","S1",.1
2006,"GUE","Q2","Sr","S0",.03
2006,"LAK","Q2","Sr","S3",.281
2006,"LAK","Q2","Sr","S2",.439
2006,"LAK","Q2","Sr","S1",.199
2006,"LAK","Q2","Sr","S0",.082
2006,"LAU","Q2","Sr","S3",.3
2006,"LAU","Q2","Sr","S2",.41
2006,"LAU","Q2","Sr","S1",.2
2006,"LAU","Q2","Sr","S0",.09
2006,"MCM","Q2","Sr","S3",.409
2006,"MCM","Q2","Sr","S2",.393
2006,"MCM","Q2","Sr","S1",.146
2006,"MCM","Q2","Sr","S0",.052
2006,"NIP","Q2","Sr","S3",.43
2006,"NIP","Q2","Sr","S2",.41
2006,"NIP","Q2","Sr","S1",.1
2006,"NIP","Q2","Sr","S0",.05
2006,"OCA","Q2","Sr","S3",.37
2006,"OCA","Q2","Sr","S2",.45
2006,"OCA","Q2","Sr","S1",.11
2006,"OCA","Q2","Sr","S0",.07
2006,"OTT","Q2","Sr","S3",.224
2006,"OTT","Q2","Sr","S2",.455
2006,"OTT","Q2","Sr","S1",.226
2006,"OTT","Q2","Sr","S0",.095
2006,"QUE","Q2","Sr","S3",.45
2006,"QUE","Q2","Sr","S2",.38
2006,"QUE","Q2","Sr","S1",.13
2006,"QUE","Q2","Sr","S0",.04
2006,"RYE","Q2","Sr","S3",.33
2006,"RYE","Q2","Sr","S2",.44
2006,"RYE","Q2","Sr","S1",.16
2006,"RYE","Q2","Sr","S0",.06
2006,"TAC","Q2","Sr","S3",.297
2006,"TAC","Q2","Sr","S2",.399
2006,"TAC","Q2","Sr","S1",.2
2006,"TAC","Q2","Sr","S0",.104
2006,"TSG","Q2","Sr","S3",.305
2006,"TSG","Q2","Sr","S2",.385
2006,"TSG","Q2","Sr","S1",.195
2006,"TSG","Q2","Sr","S0",.115
2006,"TMI","Q2","Sr","S3",.223
2006,"TMI","Q2","Sr","S2",.473
2006,"TMI","Q2","Sr","S1",.228
2006,"TMI","Q2","Sr","S0",.076
2006,"TSC","Q2","Sr","S3",.366
2006,"TSC","Q2","Sr","S2",.359
2006,"TSC","Q2","Sr","S1",.186
2006,"TSC","Q2","Sr","S0",.09
2006,"WAT","Q2","Sr","S3",.438
2006,"WAT","Q2","Sr","S2",.372
2006,"WAT","Q2","Sr","S1",.134
2006,"WAT","Q2","Sr","S0",.056
2006,"WMC","Q2","Sr","S3",.45
2006,"WMC","Q2","Sr","S2",.38
2006,"WMC","Q2","Sr","S1",.12
2006,"WMC","Q2","Sr","S0",.05
2006,"WLA","Q2","Sr","S3",.46
2006,"WLA","Q2","Sr","S2",.363
2006,"WLA","Q2","Sr","S1",.13
2006,"WLA","Q2","Sr","S0",.047
2006,"WIN","Q2","Sr","S3",.28
2006,"WIN","Q2","Sr","S2",.45
2006,"WIN","Q2","Sr","S1",.21
2006,"WIN","Q2","Sr","S0",.06
2006,"YOR","Q2","Sr","S3",.237
2006,"YOR","Q2","Sr","S2",.454
2006,"YOR","Q2","Sr","S1",.221
2006,"YOR","Q2","Sr","S0",.088
