"University","Year","Program","GraduationRate"
"BRO",2014,"ABS",.653
"BRO",2014,"BCO",.766
"BRO",2014,"CSC",.529
"BRO",2014,"EDU",.984
"BRO",2014,"FAA",.698
"BRO",2014,"HUM",.651
"BRO",2014,"KRP",.818
"BRO",2014,"MAT",.727
"BRO",2014,"NUR",.885
"BRO",2014,"OAS",.634
"BRO",2014,"OHP",.692
"BRO",2014,"PSC",.628
"BRO",2014,"SSC",.687
"BRO",2014,"OAV",.742
"BRO",2013,"ABS",.706
"BRO",2013,"BCO",.708
"BRO",2013,"CSC",.425
"BRO",2013,"EDU",.99
"BRO",2013,"FAA",.654
"BRO",2013,"HUM",.661
"BRO",2013,"KRP",.823
"BRO",2013,"MAT",.6
"BRO",2013,"OAS",.67
"BRO",2013,"OHP",.674
"BRO",2013,"PSC",.68
"BRO",2013,"SSC",.671
"BRO",2013,"OAV",.744
"BRO",2012,"ABS",.742
"BRO",2012,"BCO",.742
"BRO",2012,"CSC",.583
"BRO",2012,"EDU",.991
"BRO",2012,"FAA",.627
"BRO",2012,"HUM",.667
"BRO",2012,"KRP",.791
"BRO",2012,"MAT",.64
"BRO",2012,"OAS",.645
"BRO",2012,"OHP",.624
"BRO",2012,"PSC",.542
"BRO",2012,"SSC",.71
"BRO",2012,"OAV",.745
"BRO",2011,"ABS",.579
"BRO",2011,"BCO",.734
"BRO",2011,"CSC",.523
"BRO",2011,"EDU",.988
"BRO",2011,"FAA",.702
"BRO",2011,"HUM",.658
"BRO",2011,"KRP",.775
"BRO",2011,"MAT",.655
"BRO",2011,"OAS",.717
"BRO",2011,"OHP",.663
"BRO",2011,"PSC",.593
"BRO",2011,"SSC",.716
"BRO",2011,"OAV",.751
"BRO",2010,"ABS",.727
"BRO",2010,"BCO",.837
"BRO",2010,"CSC",.588
"BRO",2010,"EDU",.985
"BRO",2010,"FAA",.745
"BRO",2010,"HUM",.75
"BRO",2010,"KRP",.861
"BRO",2010,"MAT",.91
"BRO",2010,"OAS",.718
"BRO",2010,"OHP",.738
"BRO",2010,"PSC",.731
"BRO",2010,"SSC",.748
"BRO",2010,"OAV",.801
"BRO",2009,"ABS",.792
"BRO",2009,"BCO",.76
"BRO",2009,"CSC",.737
"BRO",2009,"EDU",.948
"BRO",2009,"FAA",.841
"BRO",2009,"HUM",.742
"BRO",2009,"KRP",.851
"BRO",2009,"MAT",.6
"BRO",2009,"OAS",.758
"BRO",2009,"OHP",.739
"BRO",2009,"PSC",.533
"BRO",2009,"SSC",.77
"BRO",2009,"OAV",.808
"BRO",2008,"ABS",.735
"BRO",2008,"BCO",.809
"BRO",2008,"CSC",.625
"BRO",2008,"EDU",.946
"BRO",2008,"FAA",.716
"BRO",2008,"HUM",.734
"BRO",2008,"KRP",.849
"BRO",2008,"MAT",.885
"BRO",2008,"OAS",.687
"BRO",2008,"OHP",.757
"BRO",2008,"PSC",.75
"BRO",2008,"SSC",.765
"BRO",2007,"ABS",.66
"BRO",2007,"BCO",.744
"BRO",2007,"CSC",.585
"BRO",2007,"EDU",.951
"BRO",2007,"FAA",.709
"BRO",2007,"HUM",.697
"BRO",2007,"KRP",.833
"BRO",2007,"MAT",.778
"BRO",2007,"OAS",.681
"BRO",2007,"OHP",.732
"BRO",2007,"PSC",.429
"BRO",2007,"SSC",.746
"BRO",2007,"OAV",.786
"BRO",2006,"ABS",.57
"BRO",2006,"BCO",.693
"BRO",2006,"CSC",.629
"BRO",2006,"EDU",.958
"BRO",2006,"FAA",.694
"BRO",2006,"HUM",.674
"BRO",2006,"KRP",.789
"BRO",2006,"MAT",.68
"BRO",2006,"OAS",.552
"BRO",2006,"OHP",.652
"BRO",2006,"PSC",.615
"BRO",2006,"SSC",.723
"BRO",2006,"OAV",.745
"BRO",2005,"ABS",.607
"BRO",2005,"BCO",.72
"BRO",2005,"CSC",.542
"BRO",2005,"EDU",.997
"BRO",2005,"FAA",.651
"BRO",2005,"HUM",.65
"BRO",2005,"KRP",.761
"BRO",2005,"MAT",.813
"BRO",2005,"OAS",.527
"BRO",2005,"OHP",.622
"BRO",2005,"PSC",.588
"BRO",2005,"SSC",.663
"BRO",2004,"ABS",.653
"BRO",2004,"BCO",.662
"BRO",2004,"CSC",.47
"BRO",2004,"EDU",.986
"BRO",2004,"FAA",.765
"BRO",2004,"HUM",.625
"BRO",2004,"KRP",.772
"BRO",2004,"MAT",.846
"BRO",2004,"OAS",.568
"BRO",2004,"OHP",.771
"BRO",2004,"PSC",.318
"BRO",2004,"SSC",.705
"BRO",2003,"ABS",.636
"BRO",2003,"BCO",.73
"BRO",2003,"CSC",.311
"BRO",2003,"EDU",.994
"BRO",2003,"FAA",.692
"BRO",2003,"HUM",.688
"BRO",2003,"KRP",.808
"BRO",2003,"MAT",.73
"BRO",2003,"OAS",.615
"BRO",2003,"PSC",.464
"BRO",2003,"SSC",.737
"CAR",2014,"ABS",.67
"CAR",2014,"ARC",.929
"CAR",2014,"BCO",.783
"CAR",2014,"CSC",.487
"CAR",2014,"ENG",.759
"CAR",2014,"FAA",.548
"CAR",2014,"HUM",.616
"CAR",2014,"JOU",.746
"CAR",2014,"MAT",.588
"CAR",2014,"OAS",.744
"CAR",2014,"PSC",.769
"CAR",2014,"SSC",.671
"CAR",2013,"ABS",.745
"CAR",2013,"ARC",.938
"CAR",2013,"BCO",.765
"CAR",2013,"CSC",.592
"CAR",2013,"ENG",.729
"CAR",2013,"FAA",.644
"CAR",2013,"HUM",.61
"CAR",2013,"JOU",.802
"CAR",2013,"MAT",.649
"CAR",2013,"OAS",.753
"CAR",2013,"PSC",.69
"CAR",2013,"SSC",.671
"CAR",2012,"ABS",.629
"CAR",2012,"ARC",.93
"CAR",2012,"BCO",.743
"CAR",2012,"CSC",.746
"CAR",2012,"ENG",.709
"CAR",2012,"FAA",.691
"CAR",2012,"HUM",.608
"CAR",2012,"JOU",.835
"CAR",2012,"MAT",.667
"CAR",2012,"OAS",.716
"CAR",2012,"PSC",.702
"CAR",2012,"SSC",.681
"CAR",2011,"ABS",.657
"CAR",2011,"ARC",.952
"CAR",2011,"BCO",.784
"CAR",2011,"CSC",.603
"CAR",2011,"ENG",.763
"CAR",2011,"FAA",.784
"CAR",2011,"HUM",.612
"CAR",2011,"JOU",.826
"CAR",2011,"MAT",.622
"CAR",2011,"OAS",.746
"CAR",2011,"PSC",.733
"CAR",2011,"SSC",.696
"CAR",2010,"ABS",.665
"CAR",2010,"ARC",.833
"CAR",2010,"BCO",.782
"CAR",2010,"CSC",.518
"CAR",2010,"ENG",.721
"CAR",2010,"FAA",.766
"CAR",2010,"HUM",.631
"CAR",2010,"JOU",.778
"CAR",2010,"MAT",.656
"CAR",2010,"OAS",.803
"CAR",2010,"OHP",.421
"CAR",2010,"PSC",.732
"CAR",2010,"SSC",.732
"CAR",2009,"ABS",.689
"CAR",2009,"ARC",.862
"CAR",2009,"BCO",.809
"CAR",2009,"CSC",.66
"CAR",2009,"ENG",.784
"CAR",2009,"FAA",.633
"CAR",2009,"HUM",.604
"CAR",2009,"JOU",.743
"CAR",2009,"MAT",.688
"CAR",2009,"OAS",.639
"CAR",2009,"PSC",.773
"CAR",2009,"SSC",.699
"CAR",2008,"ABS",.685
"CAR",2008,"ARC",.77
"CAR",2008,"BCO",.79
"CAR",2008,"CSC",.591
"CAR",2008,"ENG",.769
"CAR",2008,"FAA",.626
"CAR",2008,"HUM",.616
"CAR",2008,"JOU",.764
"CAR",2008,"MAT",.58
"CAR",2008,"OAS",.596
"CAR",2008,"PSC",.686
"CAR",2008,"SSC",.697
"CAR",2007,"ABS",.769
"CAR",2007,"ARC",.836
"CAR",2007,"BCO",.77
"CAR",2007,"CSC",.613
"CAR",2007,"ENG",.731
"CAR",2007,"FAA",.578
"CAR",2007,"HUM",.608
"CAR",2007,"JOU",.786
"CAR",2007,"MAT",.537
"CAR",2007,"OAS",.634
"CAR",2007,"PSC",.783
"CAR",2007,"SSC",.661
"CAR",2006,"ABS",.588
"CAR",2006,"ARC",.731
"CAR",2006,"BCO",.743
"CAR",2006,"CSC",.567
"CAR",2006,"ENG",.673
"CAR",2006,"FAA",.6
"CAR",2006,"HUM",.469
"CAR",2006,"JOU",.752
"CAR",2006,"MAT",.583
"CAR",2006,"OAS",.58
"CAR",2006,"PSC",.522
"CAR",2006,"SSC",.558
"CAR",2005,"ABS",.63
"CAR",2005,"ARC",.723
"CAR",2005,"BCO",.726
"CAR",2005,"CSC",.624
"CAR",2005,"ENG",.681
"CAR",2005,"FAA",.593
"CAR",2005,"HUM",.527
"CAR",2005,"JOU",.754
"CAR",2005,"MAT",.636
"CAR",2005,"OAS",.529
"CAR",2005,"PSC",.65
"CAR",2005,"SSC",.588
"CAR",2004,"ABS",.591
"CAR",2004,"ARC",.745
"CAR",2004,"BCO",.666
"CAR",2004,"CSC",.558
"CAR",2004,"ENG",.677
"CAR",2004,"FAA",.603
"CAR",2004,"HUM",.481
"CAR",2004,"JOU",.743
"CAR",2004,"MAT",.583
"CAR",2004,"OAS",.57
"CAR",2004,"PSC",.522
"CAR",2004,"SSC",.573
"CAR",2003,"ABS",.591
"CAR",2003,"ARC",.745
"CAR",2003,"BCO",.666
"CAR",2003,"CSC",.558
"CAR",2003,"ENG",.677
"CAR",2003,"FAA",.603
"CAR",2003,"HUM",.481
"CAR",2003,"JOU",.743
"CAR",2003,"MAT",.583
"CAR",2003,"OAS",.57
"CAR",2003,"PSC",.522
"CAR",2003,"SSC",.573
"LAK",2014,"ABS",.75
"LAK",2014,"BCO",.71
"LAK",2014,"CSC",.92
"LAK",2014,"EDU",.99
"LAK",2014,"ENG",.69
"LAK",2014,"FAA",.73
"LAK",2014,"FOR",.75
"LAK",2014,"HUM",.78
"LAK",2014,"KRP",.71
"LAK",2014,"MAT",.81
"LAK",2014,"NUR",.93
"LAK",2014,"OAS",.6
"LAK",2014,"PSC",.65
"LAK",2014,"SSC",.66
"LAK",2014,"OAV",.795
"LAK",2013,"ABS",.773
"LAK",2013,"BCO",.747
"LAK",2013,"CSC",.727
"LAK",2013,"EDU",.98
"LAK",2013,"ENG",.707
"LAK",2013,"FAA",.781
"LAK",2013,"FOR",.682
"LAK",2013,"HUM",.703
"LAK",2013,"KRP",.697
"LAK",2013,"MAT",.636
"LAK",2013,"NUR",.845
"LAK",2013,"OAS",.641
"LAK",2013,"PSC",.769
"LAK",2013,"SSC",.665
"LAK",2013,"OAV",.777
"LAK",2012,"ABS",.764
"LAK",2012,"BCO",.704
"LAK",2012,"CSC",.636
"LAK",2012,"EDU",.971
"LAK",2012,"ENG",.707
"LAK",2012,"FAA",.6
"LAK",2012,"FOR",.727
"LAK",2012,"HUM",.756
"LAK",2012,"KRP",.79
"LAK",2012,"MAT",.8
"LAK",2012,"NUR",.825
"LAK",2012,"OAS",.512
"LAK",2012,"PSC",.652
"LAK",2012,"SSC",.749
"LAK",2012,"OAV",.799
"LAK",2011,"ABS",.831
"LAK",2011,"BCO",.722
"LAK",2011,"CSC",.636
"LAK",2011,"EDU",.969
"LAK",2011,"ENG",.627
"LAK",2011,"FAA",.758
"LAK",2011,"FOR",.742
"LAK",2011,"HUM",.727
"LAK",2011,"KRP",.719
"LAK",2011,"MAT",.875
"LAK",2011,"NUR",.859
"LAK",2011,"OAS",.536
"LAK",2011,"PSC",.792
"LAK",2011,"SSC",.7
"LAK",2011,"OAV",.773
"LAK",2010,"ABS",.798
"LAK",2010,"BCO",.738
"LAK",2010,"CSC",.545
"LAK",2010,"EDU",.984
"LAK",2010,"FAA",.816
"LAK",2010,"FOR",.68
"LAK",2010,"HUM",.743
"LAK",2010,"KRP",.735
"LAK",2010,"MAT",.658
"LAK",2010,"NUR",.813
"LAK",2010,"OAS",.602
"LAK",2010,"PSC",.774
"LAK",2010,"SSC",.725
"LAK",2010,"OAV",.788
"LAK",2009,"ABS",.859
"LAK",2009,"BCO",.726
"LAK",2009,"CSC",.722
"LAK",2009,"EDU",.992
"LAK",2009,"FAA",.727
"LAK",2009,"FOR",.625
"LAK",2009,"HUM",.788
"LAK",2009,"KRP",.745
"LAK",2009,"MAT",.765
"LAK",2009,"NUR",.93
"LAK",2009,"OAS",.585
"LAK",2009,"PSC",.778
"LAK",2009,"SSC",.747
"LAK",2009,"OAV",.815
"LAK",2008,"ABS",.733
"LAK",2008,"BCO",.75
"LAK",2008,"CSC",.813
"LAK",2008,"EDU",.983
"LAK",2008,"FAA",.652
"LAK",2008,"FOR",.714
"LAK",2008,"HUM",.772
"LAK",2008,"KRP",.784
"LAK",2008,"MAT",.706
"LAK",2008,"NUR",.842
"LAK",2008,"OAS",.55
"LAK",2008,"PSC",.875
"LAK",2008,"SSC",.731
"LAK",2007,"ABS",.889
"LAK",2007,"BCO",.793
"LAK",2007,"CSC",.75
"LAK",2007,"EDU",.986
"LAK",2007,"FAA",.643
"LAK",2007,"FOR",.724
"LAK",2007,"HUM",.796
"LAK",2007,"KRP",.788
"LAK",2007,"MAT",.762
"LAK",2007,"NUR",.893
"LAK",2007,"OAS",.6
"LAK",2007,"PSC",.762
"LAK",2007,"SSC",.718
"LAK",2007,"OAV",.819
"LAK",2006,"ABS",.843
"LAK",2006,"BCO",.67
"LAK",2006,"CSC",.714
"LAK",2006,"EDU",.983
"LAK",2006,"FAA",.4
"LAK",2006,"FOR",.865
"LAK",2006,"HUM",.815
"LAK",2006,"KRP",.764
"LAK",2006,"MAT",.765
"LAK",2006,"NUR",.667
"LAK",2006,"OAS",.569
"LAK",2006,"PSC",.882
"LAK",2006,"SSC",.701
"LAK",2005,"ABS",.638
"LAK",2005,"BCO",.684
"LAK",2005,"CSC",.4
"LAK",2005,"EDU",.892
"LAK",2005,"FAA",.385
"LAK",2005,"FOR",.654
"LAK",2005,"HUM",.639
"LAK",2005,"KRP",.698
"LAK",2005,"MAT",.4
"LAK",2005,"NUR",.6
"LAK",2005,"OAS",.346
"LAK",2005,"PSC",.722
"LAK",2005,"SSC",.617
"LAK",2005,"OAV",.73
"LAK",2004,"ABS",.729
"LAK",2004,"BCO",.713
"LAK",2004,"CSC",.641
"LAK",2004,"EDU",.876
"LAK",2004,"FAA",.609
"LAK",2004,"FOR",.606
"LAK",2004,"HUM",.564
"LAK",2004,"KRP",.768
"LAK",2004,"MAT",.6
"LAK",2004,"NUR",.5
"LAK",2004,"OAS",.417
"LAK",2004,"PSC",.714
"LAK",2004,"SSC",.54
"LAK",2004,"OAV",.731
"LAK",2003,"ABS",.681
"LAK",2003,"BCO",.667
"LAK",2003,"CSC",.528
"LAK",2003,"EDU",.903
"LAK",2003,"FAA",.481
"LAK",2003,"FOR",.75
"LAK",2003,"HUM",.457
"LAK",2003,"KRP",.797
"LAK",2003,"MAT",.667
"LAK",2003,"NUR",.926
"LAK",2003,"OAS",.459
"LAK",2003,"PSC",.654
"LAK",2003,"SSC",.604
"LAK",2003,"OAV",.742
"LAU",2014,"ABS",.708
"LAU",2014,"BCO",.702
"LAU",2014,"CSC",.545
"LAU",2014,"EDU",.902
"LAU",2014,"ENG",.714
"LAU",2014,"FAA",.625
"LAU",2014,"HUM",.463
"LAU",2014,"KRP",.855
"LAU",2014,"MAT",.625
"LAU",2014,"NUR",.791
"LAU",2014,"OAS",.611
"LAU",2014,"OHP",.719
"LAU",2014,"PSC",.714
"LAU",2014,"SSC",.5
"LAU",2014,"OAV",.723
"LAU",2013,"ABS",.632
"LAU",2013,"BCO",.657
"LAU",2013,"CSC",.583
"LAU",2013,"EDU",.884
"LAU",2013,"ENG",.613
"LAU",2013,"FAA",.6
"LAU",2013,"HUM",.568
"LAU",2013,"KRP",.793
"LAU",2013,"MAT",.875
"LAU",2013,"NUR",.643
"LAU",2013,"OAS",.625
"LAU",2013,"OHP",.7
"LAU",2013,"PSC",.75
"LAU",2013,"SSC",.464
"LAU",2013,"OAV",.699
"LAU",2012,"ABS",.706
"LAU",2012,"BCO",.676
"LAU",2012,"CSC",.571
"LAU",2012,"EDU",.895
"LAU",2012,"ENG",.692
"LAU",2012,"FAA",.79
"LAU",2012,"HUM",.692
"LAU",2012,"KRP",.695
"LAU",2012,"MAT",.7
"LAU",2012,"NUR",.8
"LAU",2012,"OAS",.586
"LAU",2012,"OHP",.833
"LAU",2012,"PSC",.5
"LAU",2012,"SSC",.583
"LAU",2012,"OAV",.703
"LAU",2011,"ABS",.643
"LAU",2011,"BCO",.717
"LAU",2011,"CSC",.652
"LAU",2011,"EDU",.891
"LAU",2011,"ENG",.714
"LAU",2011,"FAA",.429
"LAU",2011,"HUM",.6
"LAU",2011,"KRP",.912
"LAU",2011,"NUR",.844
"LAU",2011,"OAS",.611
"LAU",2011,"OHP",.818
"LAU",2011,"SSC",.598
"LAU",2011,"OAV",.709
"LAU",2010,"ABS",.864
"LAU",2010,"BCO",.701
"LAU",2010,"CSC",.615
"LAU",2010,"EDU",.956
"LAU",2010,"ENG",.455
"LAU",2010,"FAA",.8
"LAU",2010,"HUM",.583
"LAU",2010,"KRP",.894
"LAU",2010,"NUR",.932
"LAU",2010,"OAS",.672
"LAU",2010,"OHP",.857
"LAU",2010,"SSC",.744
"LAU",2010,"OAV",.731
"LAU",2009,"ABS",.68
"LAU",2009,"BCO",.726
"LAU",2009,"CSC",.409
"LAU",2009,"EDU",.97
"LAU",2009,"ENG",.438
"LAU",2009,"FAA",.636
"LAU",2009,"HUM",.65
"LAU",2009,"KRP",.881
"LAU",2009,"MAT",.25
"LAU",2009,"NUR",.736
"LAU",2009,"OAS",.652
"LAU",2009,"SSC",.617
"LAU",2009,"OAV",.709
"LAU",2008,"ABS",.64
"LAU",2008,"BCO",.734
"LAU",2008,"CSC",.486
"LAU",2008,"EDU",.943
"LAU",2008,"ENG",.455
"LAU",2008,"FAA",.8
"LAU",2008,"HUM",.692
"LAU",2008,"KRP",.85
"LAU",2008,"MAT",.75
"LAU",2008,"NUR",.864
"LAU",2008,"OAS",.642
"LAU",2008,"PSC",.8
"LAU",2008,"SSC",.591
"LAU",2007,"ABS",.717
"LAU",2007,"BCO",.664
"LAU",2007,"CSC",.542
"LAU",2007,"EDU",.938
"LAU",2007,"ENG",.455
"LAU",2007,"FAA",.8
"LAU",2007,"HUM",.714
"LAU",2007,"KRP",.705
"LAU",2007,"MAT",.9
"LAU",2007,"NUR",.845
"LAU",2007,"OAS",.631
"LAU",2007,"PSC",.857
"LAU",2007,"SSC",.508
"LAU",2007,"OAV",.689
"LAU",2006,"ABS",.671
"LAU",2006,"BCO",.669
"LAU",2006,"CSC",.412
"LAU",2006,"EDU",.947
"LAU",2006,"ENG",.308
"LAU",2006,"FAA",.75
"LAU",2006,"HUM",.727
"LAU",2006,"KRP",.704
"LAU",2006,"MAT",.75
"LAU",2006,"NUR",.792
"LAU",2006,"OAS",.533
"LAU",2006,"OHP",.875
"LAU",2006,"SSC",.535
"LAU",2005,"ABS",.596
"LAU",2005,"BCO",.708
"LAU",2005,"CSC",.697
"LAU",2005,"EDU",.967
"LAU",2005,"ENG",.387
"LAU",2005,"FAA",1
"LAU",2005,"HUM",.629
"LAU",2005,"KRP",.697
"LAU",2005,"MAT",.5
"LAU",2005,"NUR",.705
"LAU",2005,"OAS",.565
"LAU",2005,"PSC",.375
"LAU",2005,"SSC",.582
"LAU",2005,"OAV",.649
"LAU",2004,"ABS",.638
"LAU",2004,"BCO",.68
"LAU",2004,"CSC",.429
"LAU",2004,"EDU",.971
"LAU",2004,"ENG",.38
"LAU",2004,"FAA",.571
"LAU",2004,"HUM",.636
"LAU",2004,"KRP",.766
"LAU",2004,"MAT",.75
"LAU",2004,"NUR",.736
"LAU",2004,"OAS",.571
"LAU",2004,"PSC",.586
"LAU",2004,"SSC",.553
"LAU",2003,"ABS",.633
"LAU",2003,"BCO",.634
"LAU",2003,"CSC",.222
"LAU",2003,"EDU",.986
"LAU",2003,"ENG",.324
"LAU",2003,"HUM",.696
"LAU",2003,"KRP",.709
"LAU",2003,"MAT",.625
"LAU",2003,"NUR",.732
"LAU",2003,"OAS",.555
"LAU",2003,"PSC",.533
"LAU",2003,"SSC",.557
"MCM",2014,"BCO",.836
"MCM",2014,"ENG",.776
"MCM",2014,"FAA",.694
"MCM",2014,"KRP",.934
"MCM",2014,"MAT",.787
"MCM",2014,"MRP",.994
"MCM",2014,"NUR",.866
"MCM",2014,"OAS",.758
"MCM",2014,"OHP",.936
"MCM",2014,"OAV",.801
"MCM",2013,"BCO",.844
"MCM",2013,"ENG",.775
"MCM",2013,"FAA",.714
"MCM",2013,"KRP",.9
"MCM",2013,"MAT",.875
"MCM",2013,"MRP",.993
"MCM",2013,"NUR",.84
"MCM",2013,"OAS",.768
"MCM",2013,"OHP",.92
"MCM",2013,"OAV",.805
"MCM",2012,"BCO",.787
"MCM",2012,"ENG",.754
"MCM",2012,"FAA",.8
"MCM",2012,"KRP",.926
"MCM",2012,"MAT",.892
"MCM",2012,"MRP",.987
"MCM",2012,"NUR",.844
"MCM",2012,"OAS",.775
"MCM",2012,"OHP",.937
"MCM",2012,"OAV",.802
"MCM",2011,"BCO",.852
"MCM",2011,"ENG",.756
"MCM",2011,"FAA",.756
"MCM",2011,"KRP",.898
"MCM",2011,"MAT",.8
"MCM",2011,"MRP",1
"MCM",2011,"NUR",.814
"MCM",2011,"OAS",.793
"MCM",2011,"OHP",.925
"MCM",2011,"OAV",.814
"MCM",2010,"BCO",.891
"MCM",2010,"ENG",.877
"MCM",2010,"FAA",.833
"MCM",2010,"KRP",.971
"MCM",2010,"MAT",.88
"MCM",2010,"MRP",.993
"MCM",2010,"NUR",.896
"MCM",2010,"OAS",.848
"MCM",2010,"OHP",.947
"MCM",2010,"OAV",.872
"MCM",2009,"BCO",.868
"MCM",2009,"ENG",.81
"MCM",2009,"FAA",.935
"MCM",2009,"KRP",.939
"MCM",2009,"MAT",.735
"MCM",2009,"MRP",.993
"MCM",2009,"NUR",.922
"MCM",2009,"OAS",.804
"MCM",2009,"OHP",.99
"MCM",2009,"OAV",.835
"MCM",2008,"BCO",.86
"MCM",2008,"ENG",.797
"MCM",2008,"FAA",.609
"MCM",2008,"KRP",.936
"MCM",2008,"MAT",.813
"MCM",2008,"MRP",.992
"MCM",2008,"NUR",.908
"MCM",2008,"OAS",.755
"MCM",2008,"OHP",.977
"MCM",2007,"BCO",.884
"MCM",2007,"ENG",.801
"MCM",2007,"FAA",.8
"MCM",2007,"KRP",.932
"MCM",2007,"MRP",.982
"MCM",2007,"NUR",.926
"MCM",2007,"OAS",.778
"MCM",2007,"OHP",.971
"MCM",2006,"BCO",.839
"MCM",2006,"ENG",.813
"MCM",2006,"FAA",.857
"MCM",2006,"KRP",.901
"MCM",2006,"MRP",1
"MCM",2006,"NUR",.896
"MCM",2006,"OAS",.763
"MCM",2006,"TRE",.947
"MCM",2005,"BCO",.835
"MCM",2005,"ENG",.797
"MCM",2005,"FAA",.813
"MCM",2005,"KRP",.917
"MCM",2005,"MRP",.99
"MCM",2005,"NUR",.884
"MCM",2005,"OAS",.782
"MCM",2005,"TRE",.972
"MCM",2004,"BCO",.83
"MCM",2004,"ENG",.772
"MCM",2004,"FAA",.75
"MCM",2004,"KRP",.941
"MCM",2004,"MRP",1
"MCM",2004,"NUR",.8
"MCM",2004,"OAS",.771
"MCM",2004,"TRE",.974
"MCM",2003,"BCO",.778
"MCM",2003,"ENG",.791
"MCM",2003,"FAA",.857
"MCM",2003,"KRP",.948
"MCM",2003,"MRP",.99
"MCM",2003,"NUR",.898
"MCM",2003,"OAS",.771
"MCM",2003,"TRE",1
"NIP",2014,"ABS",.312
"NIP",2014,"BCO",.671
"NIP",2014,"CSC",.5
"NIP",2014,"EDU",.986
"NIP",2014,"FAA",.688
"NIP",2014,"HUM",.762
"NIP",2014,"KRP",.849
"NIP",2014,"MAT",.864
"NIP",2014,"NUR",.857
"NIP",2014,"OAS",.538
"NIP",2014,"SSC",.742
"NIP",2014,"OAV",.859
"NIP",2013,"ABS",.615
"NIP",2013,"BCO",.739
"NIP",2013,"CSC",.5
"NIP",2013,"EDU",.984
"NIP",2013,"FAA",.589
"NIP",2013,"HUM",.694
"NIP",2013,"MAT",.913
"NIP",2013,"NUR",.778
"NIP",2013,"OAS",.8
"NIP",2013,"SSC",.73
"NIP",2013,"OAV",.875
"NIP",2012,"ABS",.71
"NIP",2012,"BCO",.707
"NIP",2012,"CSC",.667
"NIP",2012,"EDU",.978
"NIP",2012,"FAA",.643
"NIP",2012,"HUM",.753
"NIP",2012,"MAT",1
"NIP",2012,"NUR",.848
"NIP",2012,"OAS",.558
"NIP",2012,"SSC",.745
"NIP",2012,"OAV",.86
"NIP",2011,"ABS",.727
"NIP",2011,"BCO",.69
"NIP",2011,"EDU",.989
"NIP",2011,"FAA",.833
"NIP",2011,"HUM",.797
"NIP",2011,"MAT",.647
"NIP",2011,"NUR",.641
"NIP",2011,"OAS",.788
"NIP",2011,"SSC",.794
"NIP",2011,"OAV",.883
"NIP",2010,"ABS",.684
"NIP",2010,"BCO",.753
"NIP",2010,"CSC",.8
"NIP",2010,"EDU",.98
"NIP",2010,"MAT",.667
"NIP",2010,"NUR",.794
"NIP",2010,"OAS",.769
"NIP",2010,"SSC",.778
"NIP",2010,"OAV",.852
"NIP",2009,"ABS",.5
"NIP",2009,"BCO",.857
"NIP",2009,"CSC",1
"NIP",2009,"EDU",.987
"NIP",2009,"NUR",.696
"NIP",2009,"OAS",.794
"NIP",2009,"SSC",.857
"NIP",2009,"OAV",.911
"NIP",2008,"BCO",.893
"NIP",2008,"CSC",.883
"NIP",2008,"EDU",.981
"NIP",2008,"NUR",.813
"NIP",2008,"OAS",.774
"NIP",2008,"SSC",.765
"NIP",2008,"OAV",.908
"NIP",2007,"BCO",.741
"NIP",2007,"EDU",.962
"NIP",2007,"OAS",.694
"NIP",2007,"SSC",.667
"NIP",2007,"OAV",.862
"NIP",2006,"BCO",.741
"NIP",2006,"EDU",.962
"NIP",2006,"OAS",.694
"NIP",2006,"SSC",.667
"NIP",2005,"BCO",.759
"NIP",2005,"EDU",.966
"NIP",2005,"OAS",.7
"NIP",2005,"SSC",.875
"NIP",2004,"BCO",.654
"NIP",2004,"EDU",.962
"NIP",2004,"OAS",.641
"NIP",2004,"SSC",.944
"NIP",2003,"BCO",.647
"NIP",2003,"EDU",.979
"NIP",2003,"OAS",.702
"NIP",2003,"SSC",.833
"OCA",2014,"FAA",.676
"OCA",2014,"OAV",.676
"OCA",2013,"FAA",.711
"OCA",2013,"OAV",.711
"OCA",2012,"FAA",.677
"OCA",2012,"OAV",.677
"OCA",2011,"FAA",.648
"OCA",2011,"OAV",.648
"OCA",2010,"FAA",.678
"OCA",2010,"OAV",.678
"OCA",2009,"FAA",.655
"OCA",2009,"OAV",.655
"OCA",2008,"FAA",.62
"OCA",2008,"OAV",.62
"OCA",2007,"FAA",.577
"OCA",2007,"OAV",.577
"OCA",2006,"FAA",.639
"OCA",2006,"OAV",.639
"OCA",2005,"FAA",.536
"OCA",2005,"OAV",.536
"OCA",2004,"FAA",.557
"OCA",2004,"OAV",.557
"OCA",2003,"FAA",.557
"OCA",2003,"OAV",.557
"OTT",2014,"ABS",.76
"OTT",2014,"BCO",.7
"OTT",2014,"CSC",.57
"OTT",2014,"EDU",.99
"OTT",2014,"ENG",.62
"OTT",2014,"FAA",.66
"OTT",2014,"FSN",.86
"OTT",2014,"HUM",.71
"OTT",2014,"JOU",.55
"OTT",2014,"KRP",.75
"OTT",2014,"LAW",.87
"OTT",2014,"MAT",.72
"OTT",2014,"MRP",.99
"OTT",2014,"NUR",.79
"OTT",2014,"OAS",.53
"OTT",2014,"OHP",.82
"OTT",2014,"PSC",.73
"OTT",2014,"SSC",.68
"OTT",2013,"ABS",.785
"OTT",2013,"BCO",.721
"OTT",2013,"CSC",.571
"OTT",2013,"EDU",.983
"OTT",2013,"ENG",.638
"OTT",2013,"FAA",.56
"OTT",2013,"HUM",.703
"OTT",2013,"JOU",.641
"OTT",2013,"KRP",.763
"OTT",2013,"LAW",.914
"OTT",2013,"MAT",.567
"OTT",2013,"MRP",.987
"OTT",2013,"NUR",.815
"OTT",2013,"OAS",.572
"OTT",2013,"OHP",.825
"OTT",2013,"PSC",.729
"OTT",2013,"SSC",.688
"OTT",2013,"THE",.6
"OTT",2012,"ABS",.771
"OTT",2012,"BCO",.705
"OTT",2012,"CSC",.563
"OTT",2012,"EDU",.986
"OTT",2012,"ENG",.614
"OTT",2012,"FAA",.636
"OTT",2012,"HUM",.697
"OTT",2012,"JOU",.767
"OTT",2012,"KRP",.761
"OTT",2012,"LAW",.911
"OTT",2012,"MAT",.59
"OTT",2012,"MRP",1
"OTT",2012,"NUR",.808
"OTT",2012,"OAS",.588
"OTT",2012,"OHP",.745
"OTT",2012,"PSC",.651
"OTT",2012,"SSC",.702
"OTT",2012,"THE",.75
"OTT",2012,"TRE",.813
"OTT",2011,"ABS",.753
"OTT",2011,"BCO",.77
"OTT",2011,"CSC",.435
"OTT",2011,"EDU",.987
"OTT",2011,"ENG",.658
"OTT",2011,"FAA",.619
"OTT",2011,"HUM",.727
"OTT",2011,"JOU",.763
"OTT",2011,"KRP",.768
"OTT",2011,"LAW",.889
"OTT",2011,"MAT",.583
"OTT",2011,"MRP",.992
"OTT",2011,"NUR",.827
"OTT",2011,"OAS",.541
"OTT",2011,"PSC",.675
"OTT",2011,"SSC",.682
"OTT",2011,"TRE",.9
"OTT",2010,"ABS",.832
"OTT",2010,"BCO",.792
"OTT",2010,"CSC",.46
"OTT",2010,"EDU",.992
"OTT",2010,"ENG",.681
"OTT",2010,"FAA",.691
"OTT",2010,"HUM",.764
"OTT",2010,"JOU",.717
"OTT",2010,"KRP",.832
"OTT",2010,"LAW",.911
"OTT",2010,"MAT",.667
"OTT",2010,"MRP",.968
"OTT",2010,"NUR",.881
"OTT",2010,"OAS",.643
"OTT",2010,"PSC",.683
"OTT",2010,"SSC",.751
"OTT",2010,"TRE",.892
"OTT",2009,"ABS",.759
"OTT",2009,"BCO",.775
"OTT",2009,"CSC",.742
"OTT",2009,"EDU",.978
"OTT",2009,"ENG",.706
"OTT",2009,"FAA",.689
"OTT",2009,"HUM",.758
"OTT",2009,"JOU",.625
"OTT",2009,"KRP",.801
"OTT",2009,"LAW",.89
"OTT",2009,"MAT",.714
"OTT",2009,"MRP",.992
"OTT",2009,"NUR",.86
"OTT",2009,"OAS",.628
"OTT",2009,"PSC",.698
"OTT",2009,"SSC",.726
"OTT",2009,"TRE",.813
"OTT",2008,"ABS",.769
"OTT",2008,"BCO",.779
"OTT",2008,"CSC",.571
"OTT",2008,"EDU",.979
"OTT",2008,"ENG",.729
"OTT",2008,"FAA",.714
"OTT",2008,"HUM",.768
"OTT",2008,"JOU",.8
"OTT",2008,"KRP",.759
"OTT",2008,"LAW",.888
"OTT",2008,"MAT",.675
"OTT",2008,"MRP",.982
"OTT",2008,"NUR",.872
"OTT",2008,"OAS",.575
"OTT",2008,"PSC",.8
"OTT",2008,"SSC",.721
"OTT",2008,"TRE",.836
"OTT",2007,"ABS",.749
"OTT",2007,"BCO",.788
"OTT",2007,"CSC",.581
"OTT",2007,"EDU",.983
"OTT",2007,"ENG",.698
"OTT",2007,"FAA",.688
"OTT",2007,"HUM",.746
"OTT",2007,"JOU",1
"OTT",2007,"KRP",.775
"OTT",2007,"LAW",.868
"OTT",2007,"MAT",.774
"OTT",2007,"MRP",.978
"OTT",2007,"NUR",.869
"OTT",2007,"OAS",.564
"OTT",2007,"PSC",.7
"OTT",2007,"SSC",.697
"OTT",2007,"TRE",.79
"OTT",2006,"ABS",.77
"OTT",2006,"BCO",.752
"OTT",2006,"CSC",.539
"OTT",2006,"EDU",.978
"OTT",2006,"ENG",.662
"OTT",2006,"FAA",.657
"OTT",2006,"HUM",.716
"OTT",2006,"JOU",.571
"OTT",2006,"KRP",.758
"OTT",2006,"LAW",.85
"OTT",2006,"MAT",.6
"OTT",2006,"MRP",.976
"OTT",2006,"NUR",.859
"OTT",2006,"OAS",.599
"OTT",2006,"PSC",.731
"OTT",2006,"SSC",.678
"OTT",2006,"TRE",.849
"OTT",2005,"ABS",.784
"OTT",2005,"BCO",.784
"OTT",2005,"CSC",.633
"OTT",2005,"EDU",.968
"OTT",2005,"ENG",.623
"OTT",2005,"FAA",.645
"OTT",2005,"HUM",.714
"OTT",2005,"KRP",.741
"OTT",2005,"LAW",.877
"OTT",2005,"MAT",.625
"OTT",2005,"MRP",.988
"OTT",2005,"NUR",.839
"OTT",2005,"OAS",.576
"OTT",2005,"PSC",.667
"OTT",2005,"SSC",.639
"OTT",2005,"TRE",.891
"OTT",2004,"ABS",.695
"OTT",2004,"BCO",.748
"OTT",2004,"CSC",.598
"OTT",2004,"EDU",.967
"OTT",2004,"ENG",.628
"OTT",2004,"FAA",.614
"OTT",2004,"HUM",.657
"OTT",2004,"KRP",.708
"OTT",2004,"LAW",.821
"OTT",2004,"MAT",.629
"OTT",2004,"MRP",1
"OTT",2004,"NUR",.852
"OTT",2004,"OAS",.572
"OTT",2004,"PSC",.636
"OTT",2004,"SSC",.653
"OTT",2004,"TRE",.75
"OTT",2003,"ABS",.768
"OTT",2003,"BCO",.728
"OTT",2003,"CSC",.5
"OTT",2003,"EDU",.728
"OTT",2003,"ENG",.5
"OTT",2003,"FAA",.544
"OTT",2003,"HUM",.625
"OTT",2003,"KRP",.738
"OTT",2003,"LAW",.848
"OTT",2003,"MAT",.667
"OTT",2003,"MRP",.988
"OTT",2003,"NUR",.748
"OTT",2003,"OAS",.581
"OTT",2003,"PSC",.051
"OTT",2003,"SSC",.676
"OTT",2003,"TRE",.896
"QUE",2014,"ABS",.792
"QUE",2014,"BCO",.94
"QUE",2014,"EDU",.996
"QUE",2014,"ENG",.868
"QUE",2014,"FAA",.845
"QUE",2014,"KRP",.943
"QUE",2014,"LAW",.956
"QUE",2014,"MRP",.98
"QUE",2014,"NUR",.879
"QUE",2014,"OAS",.857
"QUE",2014,"THE",.75
"QUE",2014,"OAV",.895
"QUE",2013,"ABS",1
"QUE",2013,"BCO",.972
"QUE",2013,"CSC",1
"QUE",2013,"EDU",.995
"QUE",2013,"ENG",.898
"QUE",2013,"FAA",.819
"QUE",2013,"HUM",1
"QUE",2013,"KRP",.938
"QUE",2013,"LAW",.92
"QUE",2013,"MRP",.99
"QUE",2013,"NUR",.89
"QUE",2013,"SSC",1
"QUE",2013,"THE",1
"QUE",2013,"OAV",.902
"QUE",2012,"ABS",.883
"QUE",2012,"BCO",.927
"QUE",2012,"CSC",.788
"QUE",2012,"EDU",.98
"QUE",2012,"ENG",.873
"QUE",2012,"FAA",.772
"QUE",2012,"HUM",.808
"QUE",2012,"KRP",.929
"QUE",2012,"LAW",.924
"QUE",2012,"MAT",.793
"QUE",2012,"MRP",.99
"QUE",2012,"NUR",.876
"QUE",2012,"PSC",.9
"QUE",2012,"SSC",.81
"QUE",2012,"THE",.667
"QUE",2012,"OAV",.878
"QUE",2011,"ABS",.856
"QUE",2011,"BCO",.973
"QUE",2011,"CSC",.853
"QUE",2011,"EDU",.987
"QUE",2011,"ENG",.893
"QUE",2011,"FAA",.783
"QUE",2011,"HUM",.829
"QUE",2011,"KRP",.976
"QUE",2011,"LAW",.898
"QUE",2011,"MAT",.806
"QUE",2011,"MRP",1
"QUE",2011,"NUR",.874
"QUE",2011,"PSC",.814
"QUE",2011,"SSC",.845
"QUE",2011,"OAV",.889
"QUE",2010,"ABS",.916
"QUE",2010,"BCO",.957
"QUE",2010,"CSC",.858
"QUE",2010,"EDU",.994
"QUE",2010,"ENG",.926
"QUE",2010,"FAA",.89
"QUE",2010,"HUM",.859
"QUE",2010,"KRP",.966
"QUE",2010,"LAW",.925
"QUE",2010,"MAT",.907
"QUE",2010,"MRP",.99
"QUE",2010,"NUR",.962
"QUE",2010,"PSC",.923
"QUE",2010,"SSC",.884
"QUE",2010,"THE",1
"QUE",2010,"TRE",.913
"QUE",2010,"OAV",.922
"QUE",2009,"ABS",.893
"QUE",2009,"BCO",.939
"QUE",2009,"CSC",.795
"QUE",2009,"EDU",.991
"QUE",2009,"ENG",.898
"QUE",2009,"FAA",.858
"QUE",2009,"HUM",.868
"QUE",2009,"KRP",.951
"QUE",2009,"LAW",.925
"QUE",2009,"MAT",.85
"QUE",2009,"MRP",1
"QUE",2009,"NUR",.893
"QUE",2009,"PSC",.959
"QUE",2009,"SSC",.869
"QUE",2009,"THE",.8
"QUE",2009,"OAV",.908
"QUE",2008,"ABS",.902
"QUE",2008,"BCO",.955
"QUE",2008,"CSC",.804
"QUE",2008,"EDU",.989
"QUE",2008,"ENG",.916
"QUE",2008,"FAA",.844
"QUE",2008,"HUM",.851
"QUE",2008,"KRP",.917
"QUE",2008,"LAW",.975
"QUE",2008,"MAT",.949
"QUE",2008,"MRP",1
"QUE",2008,"NUR",.816
"QUE",2008,"PSC",.93
"QUE",2008,"SSC",.864
"QUE",2008,"THE",.75
"QUE",2007,"ABS",.875
"QUE",2007,"BCO",.963
"QUE",2007,"CSC",.811
"QUE",2007,"EDU",.987
"QUE",2007,"ENG",.883
"QUE",2007,"FAA",.849
"QUE",2007,"HUM",.868
"QUE",2007,"KRP",.928
"QUE",2007,"LAW",.963
"QUE",2007,"MAT",.929
"QUE",2007,"MRP",.963
"QUE",2007,"NUR",.934
"QUE",2007,"PSC",.933
"QUE",2007,"SSC",.818
"QUE",2007,"TRE",.941
"QUE",2007,"OAV",.898
"QUE",2006,"ABS",.874
"QUE",2006,"BCO",.957
"QUE",2006,"CSC",.823
"QUE",2006,"EDU",.993
"QUE",2006,"ENG",.892
"QUE",2006,"FAA",.748
"QUE",2006,"HUM",.824
"QUE",2006,"KRP",.9
"QUE",2006,"LAW",.94
"QUE",2006,"MAT",.872
"QUE",2006,"MRP",1
"QUE",2006,"NUR",.877
"QUE",2006,"PSC",.795
"QUE",2006,"SSC",.835
"QUE",2006,"THE",.667
"QUE",2006,"TRE",.924
"QUE",2006,"OAV",.89
"QUE",2005,"ABS",.855
"QUE",2005,"BCO",.923
"QUE",2005,"CSC",.714
"QUE",2005,"EDU",.989
"QUE",2005,"ENG",.873
"QUE",2005,"FAA",.796
"QUE",2005,"HUM",.771
"QUE",2005,"KRP",.938
"QUE",2005,"LAW",.938
"QUE",2005,"MAT",.838
"QUE",2005,"MRP",1
"QUE",2005,"NUR",.891
"QUE",2005,"PSC",.8
"QUE",2005,"SSC",.81
"QUE",2005,"THE",1
"QUE",2005,"OAV",.869
"QUE",2004,"ABS",.866
"QUE",2004,"BCO",.963
"QUE",2004,"CSC",.743
"QUE",2004,"EDU",.997
"QUE",2004,"ENG",.88
"QUE",2004,"FAA",.837
"QUE",2004,"HUM",.795
"QUE",2004,"KRP",.928
"QUE",2004,"LAW",.956
"QUE",2004,"MAT",.9
"QUE",2004,"MRP",.973
"QUE",2004,"NUR",.81
"QUE",2004,"PSC",.833
"QUE",2004,"SSC",.826
"QUE",2004,"THE",.75
"QUE",2004,"TRE",.9
"QUE",2004,"OAV",.872
"QUE",2003,"ABS",.866
"QUE",2003,"BCO",.963
"QUE",2003,"CSC",.743
"QUE",2003,"EDU",.997
"QUE",2003,"ENG",.88
"QUE",2003,"FAA",.837
"QUE",2003,"HUM",.795
"QUE",2003,"KRP",.928
"QUE",2003,"LAW",.956
"QUE",2003,"MAT",.9
"QUE",2003,"MRP",.973
"QUE",2003,"NUR",.81
"QUE",2003,"PSC",.833
"QUE",2003,"SSC",.826
"QUE",2003,"THE",.75
"QUE",2003,"TRE",.9
"RYE",2014,"ABS",.53
"RYE",2014,"ARC",.88
"RYE",2014,"BCO",.75
"RYE",2014,"CSC",.66
"RYE",2014,"EDU",.92
"RYE",2014,"ENG",.66
"RYE",2014,"FAA",.72
"RYE",2014,"FSN",.86
"RYE",2014,"HUM",.88
"RYE",2014,"JOU",.82
"RYE",2014,"NUR",.82
"RYE",2014,"OAS",.56
"RYE",2014,"OHP",.81
"RYE",2014,"PSC",.45
"RYE",2014,"SSC",.69
"RYE",2013,"ARC",.858
"RYE",2013,"BCO",.713
"RYE",2013,"CSC",.531
"RYE",2013,"EDU",.841
"RYE",2013,"ENG",.697
"RYE",2013,"FAA",.72
"RYE",2013,"FSN",.944
"RYE",2013,"HUM",.911
"RYE",2013,"JOU",.876
"RYE",2013,"NUR",.778
"RYE",2013,"OAS",.584
"RYE",2013,"OHP",.775
"RYE",2013,"PSC",.647
"RYE",2013,"SSC",.667
"RYE",2012,"ARC",.892
"RYE",2012,"BCO",.674
"RYE",2012,"CSC",.465
"RYE",2012,"EDU",.852
"RYE",2012,"ENG",.645
"RYE",2012,"FAA",.688
"RYE",2012,"FSN",.756
"RYE",2012,"HUM",.925
"RYE",2012,"JOU",.838
"RYE",2012,"OAS",.548
"RYE",2012,"OHP",.807
"RYE",2012,"PSC",.629
"RYE",2012,"SSC",.618
"RYE",2011,"ARC",.819
"RYE",2011,"BCO",.729
"RYE",2011,"CSC",.629
"RYE",2011,"EDU",.874
"RYE",2011,"ENG",.692
"RYE",2011,"FAA",.759
"RYE",2011,"HUM",.873
"RYE",2011,"JOU",.825
"RYE",2011,"PSC",.6
"RYE",2011,"SSC",.685
"RYE",2010,"ARC",.877
"RYE",2010,"BCO",.775
"RYE",2010,"CSC",.688
"RYE",2010,"EDU",.863
"RYE",2010,"ENG",.785
"RYE",2010,"FAA",.762
"RYE",2010,"HUM",.957
"RYE",2010,"JOU",.894
"RYE",2010,"PSC",.558
"RYE",2010,"SSC",.711
"RYE",2009,"ARC",.857
"RYE",2009,"BCO",.754
"RYE",2009,"CSC",.688
"RYE",2009,"EDU",.805
"RYE",2009,"ENG",.736
"RYE",2009,"FAA",.782
"RYE",2009,"HUM",.902
"RYE",2009,"JOU",.932
"RYE",2009,"PSC",.579
"RYE",2009,"SSC",.699
"RYE",2008,"ARC",.831
"RYE",2008,"BCO",.799
"RYE",2008,"CSC",.743
"RYE",2008,"EDU",.841
"RYE",2008,"ENG",.655
"RYE",2008,"FAA",.761
"RYE",2008,"HUM",.889
"RYE",2008,"JOU",.835
"RYE",2008,"PSC",.648
"RYE",2008,"SSC",.729
"RYE",2007,"ARC",.803
"RYE",2007,"BCO",.783
"RYE",2007,"CSC",.655
"RYE",2007,"EDU",.843
"RYE",2007,"ENG",.62
"RYE",2007,"FAA",.74
"RYE",2007,"FSN",.864
"RYE",2007,"HUM",.852
"RYE",2007,"JOU",.867
"RYE",2007,"NUR",.918
"RYE",2007,"OHP",.791
"RYE",2007,"PSC",.661
"RYE",2007,"SSC",.595
"RYE",2006,"ARC",.765
"RYE",2006,"BCO",.759
"RYE",2006,"CSC",.655
"RYE",2006,"EDU",.797
"RYE",2006,"ENG",.688
"RYE",2006,"FAA",.715
"RYE",2006,"FSN",.733
"RYE",2006,"HUM",.875
"RYE",2006,"JOU",.868
"RYE",2006,"OHP",.732
"RYE",2006,"PSC",.548
"RYE",2006,"SSC",.651
"RYE",2005,"ARC",.815
"RYE",2005,"BCO",.737
"RYE",2005,"CSC",.679
"RYE",2005,"EDU",.87
"RYE",2005,"ENG",.607
"RYE",2005,"FAA",.679
"RYE",2005,"FSN",.809
"RYE",2005,"HUM",.858
"RYE",2005,"JOU",.737
"RYE",2005,"OHP",.652
"RYE",2005,"PSC",.6
"RYE",2005,"SSC",.682
"RYE",2004,"ARC",.746
"RYE",2004,"BCO",.687
"RYE",2004,"CSC",.574
"RYE",2004,"EDU",.802
"RYE",2004,"ENG",.612
"RYE",2004,"FAA",.69
"RYE",2004,"FSN",.742
"RYE",2004,"HUM",.861
"RYE",2004,"JOU",.786
"RYE",2004,"NUR",.747
"RYE",2004,"OHP",.565
"RYE",2004,"PSC",.547
"RYE",2004,"SSC",.608
"RYE",2003,"ARC",.72
"RYE",2003,"BCO",.617
"RYE",2003,"CSC",.602
"RYE",2003,"EDU",.827
"RYE",2003,"ENG",.599
"RYE",2003,"FAA",.662
"RYE",2003,"FSN",.797
"RYE",2003,"HUM",.904
"RYE",2003,"JOU",.836
"RYE",2003,"NUR",.923
"RYE",2003,"OHP",.692
"RYE",2003,"PSC",.455
"RYE",2003,"SSC",.612
"TAC",2014,"BCO",.79
"TAC",2014,"FAA",.85
"TAC",2014,"HUM",.69
"TAC",2014,"OAS",.74
"TAC",2014,"SSC",.74
"TAC",2013,"BCO",.761
"TAC",2013,"FAA",.802
"TAC",2013,"HUM",.714
"TAC",2013,"OAS",.737
"TAC",2013,"SSC",.798
"TAC",2012,"BCO",.754
"TAC",2012,"FAA",.731
"TAC",2012,"HUM",.746
"TAC",2012,"OAS",.711
"TAC",2012,"SSC",.721
"TAC",2011,"BCO",.761
"TAC",2011,"FAA",.843
"TAC",2011,"HUM",.728
"TAC",2011,"OAS",.727
"TAC",2011,"SSC",.795
"TAC",2010,"BCO",.818
"TAC",2010,"FAA",.792
"TAC",2010,"HUM",.753
"TAC",2010,"OAS",.79
"TAC",2010,"SSC",.81
"TAC",2009,"BCO",.837
"TAC",2009,"FAA",.8
"TAC",2009,"HUM",.772
"TAC",2009,"OAS",.764
"TAC",2009,"SSC",.828
"TAC",2008,"BCO",.805
"TAC",2008,"FAA",.832
"TAC",2008,"HUM",.747
"TAC",2008,"OAS",.744
"TAC",2008,"SSC",.741
"TAC",2007,"FAA",.785
"TAC",2007,"HUM",.788
"TAC",2007,"OAS",.744
"TAC",2007,"SSC",.807
"TAC",2006,"BCO",.773
"TAC",2006,"FAA",.778
"TAC",2006,"OAS",.746
"TAC",2005,"BCO",.8
"TAC",2005,"FAA",.697
"TAC",2005,"OAS",.738
"TAC",2005,"SSC",.921
"TAC",2004,"BCO",.796
"TAC",2004,"FAA",.682
"TAC",2004,"OAS",.743
"TAC",2004,"SSC",.781
"TAC",2003,"BCO",.78
"TAC",2003,"FAA",.77
"TAC",2003,"OAS",.739
"TAC",2003,"SSC",.808
"TRE",2014,"ABS",.846
"TRE",2014,"BCO",.59
"TRE",2014,"HUM",.25
"TRE",2014,"NUR",.762
"TRE",2014,"SSC",.826
"TRE",2014,"OAV",.659
"TRE",2013,"ABS",.75
"TRE",2013,"BCO",.586
"TRE",2013,"HUM",.714
"TRE",2013,"NUR",.787
"TRE",2013,"PSC",.5
"TRE",2013,"SSC",.692
"TRE",2013,"OAV",.639
"TRE",2012,"ABS",.817
"TRE",2012,"BCO",.64
"TRE",2012,"FAA",.4
"TRE",2012,"HUM",.704
"TRE",2012,"MAT",1
"TRE",2012,"NUR",.791
"TRE",2012,"SSC",.582
"TRE",2012,"OAV",.673
"TRE",2011,"ABS",.844
"TRE",2011,"BCO",.637
"TRE",2011,"HUM",.824
"TRE",2011,"NUR",.79
"TRE",2011,"SSC",.882
"TRE",2011,"OAV",.684
"TRE",2010,"ABS",.854
"TRE",2010,"BCO",.705
"TRE",2010,"CSC",.538
"TRE",2010,"FAA",.833
"TRE",2010,"HUM",.768
"TRE",2010,"MAT",.846
"TRE",2010,"NUR",.893
"TRE",2010,"PSC",.818
"TRE",2010,"SSC",.829
"TRE",2010,"OAV",.722
"TRE",2009,"ABS",.72
"TRE",2009,"BCO",.687
"TRE",2009,"CSC",.667
"TRE",2009,"FAA",.8
"TRE",2009,"HUM",.833
"TRE",2009,"MAT",.667
"TRE",2009,"PSC",.5
"TRE",2009,"SSC",.672
"TRE",2008,"ABS",.667
"TRE",2008,"BCO",.778
"TRE",2008,"CSC",.714
"TRE",2008,"FAA",.8
"TRE",2008,"HUM",.81
"TRE",2008,"MAT",1
"TRE",2008,"PSC",1
"TRE",2008,"SSC",.605
"TRE",2007,"ABS",.8
"TRE",2007,"BCO",.652
"TRE",2007,"HUM",.641
"TRE",2007,"SSC",.641
"TRE",2006,"ABS",.694
"TRE",2006,"BCO",.842
"TRE",2006,"CSC",.429
"TRE",2006,"EDU",.963
"TRE",2006,"FAA",.714
"TRE",2006,"HUM",.722
"TRE",2006,"PSC",.5
"TRE",2006,"SSC",.584
"TRE",2005,"ABS",.694
"TRE",2005,"BCO",.6
"TRE",2005,"CSC",.75
"TRE",2005,"FAA",.833
"TRE",2005,"HUM",.651
"TRE",2005,"MAT",.714
"TRE",2005,"OAS",.657
"TRE",2005,"PSC",.4
"TRE",2005,"SSC",.659
"TRE",2005,"OAV",.654
"TRE",2004,"ABS",.65
"TRE",2004,"BCO",.514
"TRE",2004,"CSC",.615
"TRE",2004,"HUM",.699
"TRE",2004,"MAT",.583
"TRE",2004,"OAS",.619
"TRE",2004,"PSC",.667
"TRE",2004,"SSC",.642
"TRE",2003,"ABS",.65
"TRE",2003,"BCO",.514
"TRE",2003,"CSC",.615
"TRE",2003,"FAA",.583
"TRE",2003,"HUM",.699
"TRE",2003,"MAT",.583
"TRE",2003,"OAS",.699
"TRE",2003,"PSC",.667
"TRE",2003,"SSC",.642
"UOI",2014,"ABS",.54
"UOI",2014,"BCO",.581
"UOI",2014,"CSC",.512
"UOI",2014,"EDU",.96
"UOI",2014,"ENG",.636
"UOI",2014,"NUR",.817
"UOI",2014,"OHP",.684
"UOI",2014,"PSC",.436
"UOI",2014,"SSC",.626
"UOI",2014,"OAV",.687
"UOI",2013,"ABS",.541
"UOI",2013,"BCO",.628
"UOI",2013,"CSC",.596
"UOI",2013,"EDU",.94
"UOI",2013,"ENG",.667
"UOI",2013,"MAT",1
"UOI",2013,"NUR",.815
"UOI",2013,"OHP",.751
"UOI",2013,"PSC",.556
"UOI",2013,"SSC",.657
"UOI",2013,"OAV",.714
"UOI",2012,"ABS",.544
"UOI",2012,"BCO",.708
"UOI",2012,"CSC",.625
"UOI",2012,"EDU",.897
"UOI",2012,"ENG",.643
"UOI",2012,"NUR",.744
"UOI",2012,"OHP",.669
"UOI",2012,"PSC",.588
"UOI",2012,"SSC",.608
"UOI",2012,"OAV",.676
"UOI",2011,"ABS",.595
"UOI",2011,"BCO",.646
"UOI",2011,"EDU",.893
"UOI",2011,"ENG",.746
"UOI",2011,"NUR",.707
"UOI",2011,"OHP",.68
"UOI",2011,"PSC",.615
"UOI",2011,"SSC",.624
"UOI",2011,"OAV",.69
"UOI",2010,"ABS",.589
"UOI",2010,"BCO",.759
"UOI",2010,"EDU",.91
"UOI",2010,"ENG",.725
"UOI",2010,"NUR",.807
"UOI",2010,"OAS",.45
"UOI",2010,"OHP",.545
"UOI",2010,"SSC",.648
"UOI",2010,"OAV",.73
"WAT",2014,"BCO",.791
"WAT",2014,"OAS",.768
"WAT",2013,"BCO",.791
"WAT",2013,"OAS",.746
"WAT",2012,"BCO",.774
"WAT",2012,"OAS",.738
"WAT",2011,"BCO",.76
"WAT",2011,"OAS",.721
"WAT",2010,"BCO",.847
"WAT",2010,"OAS",.775
"WAT",2009,"BCO",.83
"WAT",2009,"OAS",.728
"WAT",2008,"BCO",.788
"WAT",2008,"OAS",.711
"WAT",2007,"BCO",.923
"WAT",2007,"OAS",.737
"WAT",2006,"BCO",.955
"WAT",2006,"OAS",.727
"WAT",2005,"BCO",.951
"WAT",2005,"OAS",.707
"WAT",2004,"BCO",.976
"WAT",2004,"OAS",.713
"WAT",2003,"BCO",.926
"WAT",2003,"OAS",.708
"WBR",2014,"BCO",.895
"WBR",2014,"FAA",1
"WBR",2014,"FSN",.747
"WBR",2014,"KRP",1
"WBR",2014,"OAS",.761
"WBR",2014,"OHP",.706
"WBR",2012,"BCO",.905
"WBR",2012,"FAA",.5
"WBR",2012,"FSN",.881
"WBR",2012,"KRP",1
"WBR",2012,"OAS",.768
"WBR",2012,"OHP",.6
"WBR",2009,"BCO",.88
"WBR",2009,"FAA",.763
"WBR",2009,"FSN",.813
"WBR",2009,"HUM",.843
"WBR",2009,"KRP",.819
"WBR",2009,"OAS",.788
"WBR",2009,"OHP",.877
"WBR",2009,"SSC",.899
"WBR",2009,"THE",.692
"WBR",2007,"BCO",.861
"WBR",2007,"FAA",.815
"WBR",2007,"FSN",.833
"WBR",2007,"HUM",.798
"WBR",2007,"KRP",.834
"WBR",2007,"OAS",.741
"WBR",2007,"OHP",.86
"WBR",2007,"SSC",.849
"WBR",2006,"BCO",.861
"WBR",2006,"FAA",.815
"WBR",2006,"FSN",.833
"WBR",2006,"HUM",.798
"WBR",2006,"KRP",.834
"WBR",2006,"OAS",.741
"WBR",2006,"OHP",.86
"WBR",2006,"SSC",.849
"WBR",2005,"BCO",.804
"WBR",2005,"FAA",.799
"WBR",2005,"FSN",.923
"WBR",2005,"KRP",.778
"WBR",2005,"OAS",.736
"WBR",2005,"THE",.667
"WHC",2014,"BCO",.87
"WHC",2014,"HUM",.889
"WHC",2014,"OAS",.697
"WHC",2014,"THE",.833
"WHC",2014,"OAV",.822
"WKI",2014,"BCO",.834
"WKI",2014,"HUM",.625
"WKI",2014,"OAS",.698
"WKI",2014,"SSC",.73
"WKI",2014,"OAV",.722
"WKI",2013,"BCO",.81
"WKI",2013,"HUM",.8
"WKI",2013,"OAS",.73
"WKI",2013,"SSC",.76
"WKI",2013,"OAV",.75
"WKI",2012,"BCO",.8
"WKI",2012,"HUM",.72
"WKI",2012,"OAS",.67
"WKI",2012,"SSC",.84
"WKI",2012,"OAV",.71
"WKI",2011,"BCO",.784
"WKI",2011,"HUM",.75
"WKI",2011,"OAS",.73
"WKI",2011,"SSC",.873
"WKI",2011,"THE",.5
"WKI",2011,"OAV",.749
"WKI",2010,"BCO",.87
"WKI",2010,"HUM",.807
"WKI",2010,"KRP",.941
"WKI",2010,"OAS",.812
"WKI",2010,"SSC",.867
"WKI",2010,"OAV",.826
"WKI",2007,"BCO",.88
"WKI",2007,"HUM",.88
"WKI",2007,"SSC",.88
"WKI",2005,"BCO",.804
"WKI",2005,"OAS",.736
"WKI",2004,"OAS",.705
"WKI",2003,"BCO",.87
"WKI",2003,"HUM",.807
"WKI",2003,"KRP",.941
"WKI",2003,"OAS",.812
"WKI",2003,"SSC",.867
"WKI",2003,"OAV",.826
"WMC",2014,"BCO",.861
"WMC",2014,"DEN",1
"WMC",2014,"EDU",.989
"WMC",2014,"ENG",.852
"WMC",2014,"FAA",.805
"WMC",2014,"FSN",1
"WMC",2014,"HUM",.83
"WMC",2014,"KRP",.851
"WMC",2014,"LAW",.975
"WMC",2014,"MRP",.987
"WMC",2014,"NUR",.911
"WMC",2014,"OAS",.802
"WMC",2014,"OHP",.838
"WMC",2013,"BCO",.853
"WMC",2013,"DEN",.963
"WMC",2013,"EDU",.992
"WMC",2013,"ENG",.776
"WMC",2013,"FAA",.817
"WMC",2013,"FSN",1
"WMC",2013,"HUM",.841
"WMC",2013,"KRP",.843
"WMC",2013,"LAW",.974
"WMC",2013,"MRP",1
"WMC",2013,"NUR",.913
"WMC",2013,"OAS",.764
"WMC",2013,"OHP",.818
"WMC",2012,"BCO",.808
"WMC",2012,"DEN",1
"WMC",2012,"EDU",.987
"WMC",2012,"ENG",.799
"WMC",2012,"FAA",.779
"WMC",2012,"FSN",1
"WMC",2012,"HUM",.87
"WMC",2012,"KRP",.877
"WMC",2012,"LAW",.964
"WMC",2012,"MRP",.993
"WMC",2012,"NUR",.9
"WMC",2012,"OAS",.785
"WMC",2012,"OHP",.844
"WMC",2011,"BCO",.831
"WMC",2011,"DEN",.897
"WMC",2011,"EDU",.993
"WMC",2011,"ENG",.764
"WMC",2011,"FAA",.789
"WMC",2011,"FSN",.75
"WMC",2011,"HUM",.809
"WMC",2011,"KRP",.863
"WMC",2011,"LAW",.961
"WMC",2011,"MRP",1
"WMC",2011,"NUR",.908
"WMC",2011,"OAS",.76
"WMC",2011,"OHP",.832
"WMC",2010,"BCO",.874
"WMC",2010,"DEN",.942
"WMC",2010,"EDU",.983
"WMC",2010,"ENG",.824
"WMC",2010,"FAA",.848
"WMC",2010,"FSN",.857
"WMC",2010,"HUM",.852
"WMC",2010,"KRP",.91
"WMC",2010,"LAW",.94
"WMC",2010,"MRP",.97
"WMC",2010,"NUR",.99
"WMC",2010,"OAS",.85
"WMC",2010,"OHP",.898
"WMC",2009,"BCO",.88
"WMC",2009,"DEN",.946
"WMC",2009,"EDU",.987
"WMC",2009,"ENG",.789
"WMC",2009,"FAA",.763
"WMC",2009,"FSN",.813
"WMC",2009,"HUM",.843
"WMC",2009,"KRP",.819
"WMC",2009,"LAW",.926
"WMC",2009,"MRP",.993
"WMC",2009,"NUR",.985
"WMC",2009,"OAS",.788
"WMC",2009,"OHP",.877
"WMC",2009,"SSC",.899
"WMC",2009,"THE",.692
"WMC",2008,"BCO",.812
"WMC",2008,"DEN",.929
"WMC",2008,"EDU",.992
"WMC",2008,"ENG",.795
"WMC",2008,"FAA",.757
"WMC",2008,"FSN",.815
"WMC",2008,"HUM",.772
"WMC",2008,"KRP",.818
"WMC",2008,"LAW",.987
"WMC",2008,"MRP",.992
"WMC",2008,"NUR",.964
"WMC",2008,"OAS",.744
"WMC",2008,"OHP",.85
"WMC",2008,"SSC",.98
"WMC",2008,"THE",.917
"WMC",2007,"BCO",.861
"WMC",2007,"DEN",.962
"WMC",2007,"EDU",.98
"WMC",2007,"ENG",.749
"WMC",2007,"FAA",.815
"WMC",2007,"FSN",.833
"WMC",2007,"HUM",.798
"WMC",2007,"KRP",.834
"WMC",2007,"LAW",.942
"WMC",2007,"MRP",1
"WMC",2007,"NUR",.925
"WMC",2007,"OAS",.741
"WMC",2007,"OHP",.86
"WMC",2007,"SSC",.849
"WMC",2006,"BCO",.844
"WMC",2006,"DEN",1
"WMC",2006,"EDU",.988
"WMC",2006,"ENG",.741
"WMC",2006,"FAA",.783
"WMC",2006,"FSN",.882
"WMC",2006,"KRP",.798
"WMC",2006,"LAW",.936
"WMC",2006,"MRP",1
"WMC",2006,"NUR",.871
"WMC",2006,"OAS",.741
"WMC",2006,"OHP",.851
"WMC",2006,"SSC",.823
"WMC",2006,"THE",1
"WMC",2006,"TRE",.966
"WMC",2005,"BCO",.804
"WMC",2005,"DEN",.981
"WMC",2005,"EDU",.981
"WMC",2005,"ENG",.754
"WMC",2005,"FAA",.799
"WMC",2005,"FSN",.923
"WMC",2005,"KRP",.778
"WMC",2005,"LAW",.953
"WMC",2005,"MRP",.99
"WMC",2005,"NUR",.88
"WMC",2005,"OAS",.736
"WMC",2005,"THE",.667
"WMC",2004,"BCO",.775
"WMC",2004,"DEN",.958
"WMC",2004,"EDU",.98
"WMC",2004,"ENG",.742
"WMC",2004,"FAA",.737
"WMC",2004,"FSN",.818
"WMC",2004,"KRP",.79
"WMC",2004,"LAW",.942
"WMC",2004,"MRP",.99
"WMC",2004,"NUR",.857
"WMC",2004,"OAS",.705
"WMC",2003,"BCO",.819
"WMC",2003,"DEN",1
"WMC",2003,"EDU",.983
"WMC",2003,"ENG",.738
"WMC",2003,"FAA",.771
"WMC",2003,"FSN",.775
"WMC",2003,"KRP",.803
"WMC",2003,"LAW",.946
"WMC",2003,"MRP",.97
"WMC",2003,"NUR",.889
"WMC",2003,"OAS",.708
"WMC",2003,"THE",.571
"WLA",2014,"ABS",.521
"WLA",2014,"BCO",.885
"WLA",2014,"CSC",.615
"WLA",2014,"EDU",.96
"WLA",2014,"FAA",.805
"WLA",2014,"HUM",.8
"WLA",2014,"JOU",.667
"WLA",2014,"KRP",.879
"WLA",2014,"MAT",.603
"WLA",2014,"OAS",.734
"WLA",2014,"PSC",.574
"WLA",2014,"SSC",.72
"WLA",2014,"OAV",.777
"WLA",2013,"ABS",.684
"WLA",2013,"BCO",.872
"WLA",2013,"CSC",.46
"WLA",2013,"EDU",.924
"WLA",2013,"FAA",.719
"WLA",2013,"HUM",.714
"WLA",2013,"JOU",.667
"WLA",2013,"KRP",.927
"WLA",2013,"MAT",.649
"WLA",2013,"OAS",.715
"WLA",2013,"PSC",.717
"WLA",2013,"SSC",.724
"WLA",2013,"OAV",.768
"WLA",2012,"ABS",.677
"WLA",2012,"BCO",.885
"WLA",2012,"CSC",.545
"WLA",2012,"EDU",.958
"WLA",2012,"FAA",.79
"WLA",2012,"HUM",.667
"WLA",2012,"JOU",.773
"WLA",2012,"KRP",.894
"WLA",2012,"MAT",.788
"WLA",2012,"OAS",.726
"WLA",2012,"PSC",.653
"WLA",2012,"SSC",.72
"WLA",2012,"OAV",.77
"WLA",2011,"ABS",.695
"WLA",2011,"BCO",.879
"WLA",2011,"CSC",.567
"WLA",2011,"FAA",.721
"WLA",2011,"HUM",.715
"WLA",2011,"KRP",.902
"WLA",2011,"MAT",.528
"WLA",2011,"OAS",.677
"WLA",2011,"PSC",.615
"WLA",2011,"SSC",.707
"WLA",2011,"OAV",.748
"WLA",2010,"ABS",.761
"WLA",2010,"BCO",.921
"WLA",2010,"CSC",.767
"WLA",2010,"FAA",.784
"WLA",2010,"HUM",.829
"WLA",2010,"KRP",.888
"WLA",2010,"MAT",.908
"WLA",2010,"OAS",.816
"WLA",2010,"PSC",.684
"WLA",2010,"SSC",.814
"WLA",2010,"OAV",.842
"WLA",2009,"ABS",.571
"WLA",2009,"BCO",.877
"WLA",2009,"CSC",.659
"WLA",2009,"FAA",.802
"WLA",2009,"HUM",.784
"WLA",2009,"KRP",.943
"WLA",2009,"MAT",.654
"WLA",2009,"OAS",.773
"WLA",2009,"SSC",.782
"WLA",2009,"OAV",.801
"WLA",2008,"ABS",.59
"WLA",2008,"BCO",.891
"WLA",2008,"CSC",.629
"WLA",2008,"FAA",.718
"WLA",2008,"HUM",.774
"WLA",2008,"KRP",.956
"WLA",2008,"MAT",.815
"WLA",2008,"OAS",.671
"WLA",2008,"PSC",.727
"WLA",2008,"SSC",.768
"WLA",2007,"ABS",.667
"WLA",2007,"BCO",.892
"WLA",2007,"CSC",.633
"WLA",2007,"FAA",.831
"WLA",2007,"HUM",.779
"WLA",2007,"KRP",.94
"WLA",2007,"MAT",.522
"WLA",2007,"OAS",.639
"WLA",2007,"SSC",.764
"WLA",2006,"ABS",.64
"WLA",2006,"BCO",.935
"WLA",2006,"CSC",.659
"WLA",2006,"FAA",.765
"WLA",2006,"HUM",.757
"WLA",2006,"KRP",.896
"WLA",2006,"MAT",.591
"WLA",2006,"OAS",.68
"WLA",2006,"PSC",.6
"WLA",2006,"SSC",.78
"WLA",2005,"ABS",.655
"WLA",2005,"BCO",.912
"WLA",2005,"CSC",.575
"WLA",2005,"FAA",.651
"WLA",2005,"HUM",.761
"WLA",2005,"KRP",.86
"WLA",2005,"MAT",.474
"WLA",2005,"OAS",.583
"WLA",2005,"PSC",1
"WLA",2005,"SSC",.785
"WLA",2004,"ABS",.696
"WLA",2004,"BCO",.891
"WLA",2004,"CSC",.432
"WLA",2004,"FAA",.732
"WLA",2004,"HUM",.729
"WLA",2004,"KRP",.821
"WLA",2004,"MAT",.789
"WLA",2004,"OAS",.766
"WLA",2004,"PSC",.556
"WLA",2004,"SSC",.77
"WLA",2003,"ABS",.8
"WLA",2003,"BCO",.892
"WLA",2003,"CSC",.609
"WLA",2003,"FAA",.795
"WLA",2003,"HUM",.804
"WLA",2003,"KRP",.894
"WLA",2003,"MAT",.64
"WLA",2003,"OAS",.729
"WLA",2003,"PSC",.625
"WLA",2003,"SSC",.757
"WIN",2014,"ABS",.708
"WIN",2014,"BCO",.611
"WIN",2014,"CSC",.611
"WIN",2014,"EDU",.986
"WIN",2014,"ENG",.69
"WIN",2014,"FAA",.718
"WIN",2014,"HUM",.653
"WIN",2014,"KRP",.777
"WIN",2014,"LAW",.867
"WIN",2014,"MAT",.615
"WIN",2014,"NUR",.865
"WIN",2014,"OAS",.572
"WIN",2014,"OHP",.5
"WIN",2014,"PSC",.757
"WIN",2014,"SSC",.576
"WIN",2014,"OAV",.735
"WIN",2013,"ABS",.639
"WIN",2013,"BCO",.595
"WIN",2013,"CSC",.651
"WIN",2013,"EDU",.989
"WIN",2013,"ENG",.719
"WIN",2013,"FAA",.601
"WIN",2013,"HUM",.633
"WIN",2013,"KRP",.72
"WIN",2013,"LAW",.929
"WIN",2013,"MAT",.857
"WIN",2013,"NUR",.873
"WIN",2013,"OAS",.527
"WIN",2013,"OHP",1
"WIN",2013,"PSC",.702
"WIN",2013,"SSC",.618
"WIN",2013,"OAV",.729
"WIN",2012,"ABS",.64
"WIN",2012,"BCO",.584
"WIN",2012,"CSC",.526
"WIN",2012,"EDU",.986
"WIN",2012,"ENG",.678
"WIN",2012,"FAA",.696
"WIN",2012,"HUM",.664
"WIN",2012,"KRP",.774
"WIN",2012,"LAW",.913
"WIN",2012,"MAT",.618
"WIN",2012,"NUR",.853
"WIN",2012,"OAS",.575
"WIN",2012,"OHP",.5
"WIN",2012,"PSC",.892
"WIN",2012,"SSC",.619
"WIN",2012,"OAV",.739
"WIN",2011,"ABS",.74
"WIN",2011,"BCO",.637
"WIN",2011,"CSC",.481
"WIN",2011,"EDU",.978
"WIN",2011,"ENG",.673
"WIN",2011,"FAA",.647
"WIN",2011,"HUM",.641
"WIN",2011,"KRP",.856
"WIN",2011,"LAW",.901
"WIN",2011,"MAT",.704
"WIN",2011,"NUR",.847
"WIN",2011,"OAS",.543
"WIN",2011,"PSC",.7
"WIN",2011,"SSC",.623
"WIN",2011,"OAV",.737
"WIN",2010,"ABS",.699
"WIN",2010,"BCO",.697
"WIN",2010,"CSC",.67
"WIN",2010,"EDU",.991
"WIN",2010,"ENG",.777
"WIN",2010,"FAA",.718
"WIN",2010,"HUM",.716
"WIN",2010,"KRP",.907
"WIN",2010,"LAW",.887
"WIN",2010,"MAT",.772
"WIN",2010,"NUR",.905
"WIN",2010,"OAS",.579
"WIN",2010,"PSC",.829
"WIN",2010,"SSC",.676
"WIN",2010,"OAV",.758
"WIN",2009,"ABS",.609
"WIN",2009,"BCO",.639
"WIN",2009,"CSC",.554
"WIN",2009,"EDU",.993
"WIN",2009,"ENG",.758
"WIN",2009,"FAA",.717
"WIN",2009,"HUM",.611
"WIN",2009,"KRP",.795
"WIN",2009,"LAW",.876
"WIN",2009,"MAT",.75
"WIN",2009,"NUR",.844
"WIN",2009,"OAS",.504
"WIN",2009,"PSC",.667
"WIN",2009,"SSC",.683
"WIN",2009,"OAV",.742
"WIN",2008,"ABS",.626
"WIN",2008,"BCO",.619
"WIN",2008,"CSC",.579
"WIN",2008,"EDU",.981
"WIN",2008,"ENG",.67
"WIN",2008,"FAA",.629
"WIN",2008,"HUM",.623
"WIN",2008,"KRP",.777
"WIN",2008,"LAW",.954
"WIN",2008,"MAT",.526
"WIN",2008,"NUR",.791
"WIN",2008,"OAS",.453
"WIN",2008,"PSC",.652
"WIN",2008,"SSC",.63
"WIN",2007,"ABS",.607
"WIN",2007,"BCO",.664
"WIN",2007,"CSC",.618
"WIN",2007,"EDU",.996
"WIN",2007,"ENG",.788
"WIN",2007,"FAA",.713
"WIN",2007,"HUM",.662
"WIN",2007,"KRP",.744
"WIN",2007,"LAW",.927
"WIN",2007,"MAT",.75
"WIN",2007,"NUR",.75
"WIN",2007,"OAS",.425
"WIN",2007,"PSC",.625
"WIN",2007,"SSC",.606
"WIN",2007,"OAV",.724
"WIN",2006,"ABS",.586
"WIN",2006,"BCO",.667
"WIN",2006,"CSC",.628
"WIN",2006,"EDU",.991
"WIN",2006,"ENG",.693
"WIN",2006,"FAA",.667
"WIN",2006,"HUM",.606
"WIN",2006,"KRP",.762
"WIN",2006,"LAW",.897
"WIN",2006,"MAT",.625
"WIN",2006,"NUR",.742
"WIN",2006,"OAS",.494
"WIN",2006,"PSC",.571
"WIN",2006,"SSC",.633
"WIN",2006,"OAV",.723
"WIN",2005,"ABS",.72
"WIN",2005,"BCO",.629
"WIN",2005,"CSC",.637
"WIN",2005,"EDU",.995
"WIN",2005,"ENG",.685
"WIN",2005,"FAA",.652
"WIN",2005,"HUM",.663
"WIN",2005,"KRP",.779
"WIN",2005,"LAW",.893
"WIN",2005,"MAT",.778
"WIN",2005,"NUR",.641
"WIN",2005,"OAS",.502
"WIN",2005,"PSC",.677
"WIN",2005,"SSC",.615
"WIN",2005,"OAV",.722
"WIN",2004,"ABS",.568
"WIN",2004,"BCO",.679
"WIN",2004,"CSC",.598
"WIN",2004,"EDU",.989
"WIN",2004,"ENG",.709
"WIN",2004,"FAA",.649
"WIN",2004,"HUM",.653
"WIN",2004,"KRP",.81
"WIN",2004,"LAW",.887
"WIN",2004,"MAT",.8
"WIN",2004,"NUR",.694
"WIN",2004,"OAS",.561
"WIN",2004,"PSC",.592
"WIN",2004,"SSC",.668
"WIN",2004,"OAV",.737
"WIN",2003,"ABS",.636
"WIN",2003,"BCO",.589
"WIN",2003,"CSC",.653
"WIN",2003,"EDU",.993
"WIN",2003,"ENG",.698
"WIN",2003,"FAA",.601
"WIN",2003,"HUM",.63
"WIN",2003,"KRP",.757
"WIN",2003,"LAW",.933
"WIN",2003,"MAT",.471
"WIN",2003,"NUR",.642
"WIN",2003,"OAS",.558
"WIN",2003,"PSC",.629
"WIN",2003,"SSC",.614
"WIN",2003,"OAV",.711
"YOR",2014,"ABS",.71
"YOR",2014,"BCO",.766
"YOR",2014,"CSC",.599
"YOR",2014,"EDU",.99
"YOR",2014,"ENG",.719
"YOR",2014,"FAA",.685
"YOR",2014,"HUM",.704
"YOR",2014,"KRP",.679
"YOR",2014,"LAW",.947
"YOR",2014,"MAT",.571
"YOR",2014,"OAS",.511
"YOR",2014,"PSC",.598
"YOR",2014,"SSC",.681
"YOR",2014,"OAV",.725
"YOR",2013,"ABS",.7
"YOR",2013,"BCO",.828
"YOR",2013,"CSC",.496
"YOR",2013,"EDU",.976
"YOR",2013,"ENG",.559
"YOR",2013,"FAA",.684
"YOR",2013,"HUM",.685
"YOR",2013,"KRP",.67
"YOR",2013,"LAW",.939
"YOR",2013,"MAT",.767
"YOR",2013,"NUR",1
"YOR",2013,"OAS",.523
"YOR",2013,"PSC",.615
"YOR",2013,"SSC",.695
"YOR",2013,"OAV",.732
"YOR",2012,"ABS",.634
"YOR",2012,"BCO",.766
"YOR",2012,"CSC",.538
"YOR",2012,"EDU",.972
"YOR",2012,"ENG",.621
"YOR",2012,"FAA",.691
"YOR",2012,"HUM",.707
"YOR",2012,"KRP",.739
"YOR",2012,"LAW",.945
"YOR",2012,"MAT",.673
"YOR",2012,"OAS",.63
"YOR",2012,"PSC",.52
"YOR",2012,"SSC",.7
"YOR",2012,"OAV",.733
"YOR",2011,"ABS",.71
"YOR",2011,"BCO",.773
"YOR",2011,"CSC",.654
"YOR",2011,"EDU",.976
"YOR",2011,"FAA",.715
"YOR",2011,"HUM",.687
"YOR",2011,"KRP",.721
"YOR",2011,"LAW",.937
"YOR",2011,"MAT",.671
"YOR",2011,"OAS",.647
"YOR",2011,"PSC",.617
"YOR",2011,"SSC",.688
"YOR",2010,"ABS",.786
"YOR",2010,"BCO",.759
"YOR",2010,"CSC",.654
"YOR",2010,"EDU",.983
"YOR",2010,"ENG",.694
"YOR",2010,"FAA",.732
"YOR",2010,"HUM",.753
"YOR",2010,"KRP",.785
"YOR",2010,"LAW",.974
"YOR",2010,"MAT",.648
"YOR",2010,"OAS",.643
"YOR",2010,"PSC",.653
"YOR",2010,"SSC",.752
"YOR",2010,"OAV",.765
"YOR",2009,"ABS",.71
"YOR",2009,"BCO",.773
"YOR",2009,"CSC",.654
"YOR",2009,"EDU",.976
"YOR",2009,"FAA",.715
"YOR",2009,"HUM",.687
"YOR",2009,"KRP",.721
"YOR",2009,"LAW",.937
"YOR",2009,"MAT",.671
"YOR",2009,"OAS",.647
"YOR",2009,"PSC",.617
"YOR",2009,"SSC",.688
"YOR",2009,"OAV",.739
"YOR",2008,"ABS",.677
"YOR",2008,"BCO",.734
"YOR",2008,"CSC",.611
"YOR",2008,"EDU",.986
"YOR",2008,"FAA",.731
"YOR",2008,"HUM",.709
"YOR",2008,"KRP",.684
"YOR",2008,"LAW",.951
"YOR",2008,"MAT",.681
"YOR",2008,"OAS",.643
"YOR",2008,"PSC",.618
"YOR",2008,"SSC",.692
"YOR",2008,"OAV",.739
"YOR",2007,"ABS",.705
"YOR",2007,"BCO",.754
"YOR",2007,"CSC",.608
"YOR",2007,"EDU",.983
"YOR",2007,"FAA",.672
"YOR",2007,"HUM",.646
"YOR",2007,"KRP",.66
"YOR",2007,"LAW",.919
"YOR",2007,"MAT",.714
"YOR",2007,"OAS",.4
"YOR",2007,"PSC",.622
"YOR",2007,"SSC",.687
"YOR",2007,"OAV",.714
"YOR",2006,"ABS",.656
"YOR",2006,"BCO",.728
"YOR",2006,"CSC",.562
"YOR",2006,"EDU",.979
"YOR",2006,"FAA",.6
"YOR",2006,"HUM",.648
"YOR",2006,"KRP",.702
"YOR",2006,"LAW",.931
"YOR",2006,"MAT",.457
"YOR",2006,"NUR",.833
"YOR",2006,"OAS",.382
"YOR",2006,"PSC",.564
"YOR",2006,"SSC",.627
"YOR",2005,"ABS",.542
"YOR",2005,"BCO",.686
"YOR",2005,"CSC",.5
"YOR",2005,"EDU",.977
"YOR",2005,"FAA",.643
"YOR",2005,"HUM",.633
"YOR",2005,"KRP",.655
"YOR",2005,"LAW",.924
"YOR",2005,"MAT",.588
"YOR",2005,"OAS",.422
"YOR",2005,"PSC",.578
"YOR",2005,"SSC",.658
"YOR",2004,"ABS",.562
"YOR",2004,"BCO",.691
"YOR",2004,"CSC",.584
"YOR",2004,"EDU",.97
"YOR",2004,"FAA",.595
"YOR",2004,"HUM",.645
"YOR",2004,"KRP",.656
"YOR",2004,"LAW",.942
"YOR",2004,"MAT",.64
"YOR",2004,"OAS",.561
"YOR",2004,"PSC",.683
"YOR",2004,"SSC",.671
"YOR",2003,"ABS",.602
"YOR",2003,"BCO",.734
"YOR",2003,"CSC",.569
"YOR",2003,"EDU",.981
"YOR",2003,"FAA",.568
"YOR",2003,"HUM",.627
"YOR",2003,"KRP",.668
"YOR",2003,"LAW",.927
"YOR",2003,"MAT",.722
"YOR",2003,"OAS",.525
"YOR",2003,"PSC",.585
"YOR",2003,"SSC",.664
