"School","Year","Confirmed","Choice","Count"
"ALG","08-09","N",1,0
"ALG","08-09","N",2,0
"ALG","08-09","N",3,0
"ALG","08-09","N",4,0
"ALG","09-10","N",1,0
"ALG","09-10","N",2,0
"ALG","09-10","N",3,0
"ALG","09-10","N",4,0
"ALG","10-11","N",1,388
"ALG","10-11","N",2,185
"ALG","10-11","N",3,198
"ALG","10-11","N",4,308
"ALG","11-12","N",1,382
"ALG","11-12","N",2,238
"ALG","11-12","N",3,255
"ALG","11-12","N",4,402
"ALG","12-13","N",1,410
"ALG","12-13","N",2,283
"ALG","12-13","N",3,262
"ALG","12-13","N",4,448
"ALG","13-14","N",1,398
"ALG","13-14","N",2,292
"ALG","13-14","N",3,261
"ALG","13-14","N",4,403
"ALG","14-15","N",1,386
"ALG","14-15","N",2,260
"ALG","14-15","N",3,266
"ALG","14-15","N",4,445
"ALG","15-16","N",1,295
"ALG","15-16","N",2,209
"ALG","15-16","N",3,215
"ALG","15-16","N",4,341
"ALG","16-17","N",1,263
"ALG","16-17","N",2,196
"ALG","16-17","N",3,191
"ALG","16-17","N",4,340
"BRO","07-08","N",1,4614
"BRO","07-08","N",2,4399
"BRO","07-08","N",3,4659
"BRO","07-08","N",4,6900
"BRO","08-09","N",1,4831
"BRO","08-09","N",2,4416
"BRO","08-09","N",3,4676
"BRO","08-09","N",4,7291
"BRO","09-10","N",1,4647
"BRO","09-10","N",2,4430
"BRO","09-10","N",3,4639
"BRO","09-10","N",4,6743
"BRO","10-11","N",1,4497
"BRO","10-11","N",2,4299
"BRO","10-11","N",3,4357
"BRO","10-11","N",4,6577
"BRO","11-12","N",1,4478
"BRO","11-12","N",2,4411
"BRO","11-12","N",3,4436
"BRO","11-12","N",4,6294
"BRO","12-13","N",1,4550
"BRO","12-13","N",2,4410
"BRO","12-13","N",3,4599
"BRO","12-13","N",4,6644
"BRO","13-14","N",1,4531
"BRO","13-14","N",2,4550
"BRO","13-14","N",3,4508
"BRO","13-14","N",4,7060
"BRO","14-15","N",1,4522
"BRO","14-15","N",2,4232
"BRO","14-15","N",3,4218
"BRO","14-15","N",4,7211
"BRO","15-16","N",1,3987
"BRO","15-16","N",2,3886
"BRO","15-16","N",3,4027
"BRO","15-16","N",4,6914
"BRO","16-17","N",1,3922
"BRO","16-17","N",2,3976
"BRO","16-17","N",3,3847
"BRO","16-17","N",4,7438
"CAR","07-08","N",1,6962
"CAR","07-08","N",2,6317
"CAR","07-08","N",3,5697
"CAR","07-08","N",4,7246
"CAR","08-09","N",1,7153
"CAR","08-09","N",2,6775
"CAR","08-09","N",3,5891
"CAR","08-09","N",4,7659
"CAR","09-10","N",1,7150
"CAR","09-10","N",2,6709
"CAR","09-10","N",3,5960
"CAR","09-10","N",4,7391
"CAR","10-11","N",1,7120
"CAR","10-11","N",2,6740
"CAR","10-11","N",3,5958
"CAR","10-11","N",4,7113
"CAR","11-12","N",1,7045
"CAR","11-12","N",2,6620
"CAR","11-12","N",3,5956
"CAR","11-12","N",4,6994
"CAR","12-13","N",1,7458
"CAR","12-13","N",2,6993
"CAR","12-13","N",3,6229
"CAR","12-13","N",4,7640
"CAR","13-14","N",1,7514
"CAR","13-14","N",2,7214
"CAR","13-14","N",3,6367
"CAR","13-14","N",4,8513
"CAR","14-15","N",1,7254
"CAR","14-15","N",2,7043
"CAR","14-15","N",3,6564
"CAR","14-15","N",4,9272
"CAR","15-16","N",1,7244
"CAR","15-16","N",2,7005
"CAR","15-16","N",3,6514
"CAR","15-16","N",4,9307
"CAR","16-17","N",1,7543
"CAR","16-17","N",2,7102
"CAR","16-17","N",3,6730
"CAR","16-17","N",4,9678
"GUE","07-08","N",1,6792
"GUE","07-08","N",2,5885
"GUE","07-08","N",3,5813
"GUE","07-08","N",4,9457
"GUE","08-09","N",1,7619
"GUE","08-09","N",2,6591
"GUE","08-09","N",3,6402
"GUE","08-09","N",4,10041
"GUE","09-10","N",1,8223
"GUE","09-10","N",2,7383
"GUE","09-10","N",3,7038
"GUE","09-10","N",4,10422
"GUE","10-11","N",1,8744
"GUE","10-11","N",2,7716
"GUE","10-11","N",3,7322
"GUE","10-11","N",4,10739
"GUE","11-12","N",1,8876
"GUE","11-12","N",2,7787
"GUE","11-12","N",3,7297
"GUE","11-12","N",4,10679
"GUE","12-13","N",1,9194
"GUE","12-13","N",2,8117
"GUE","12-13","N",3,7526
"GUE","12-13","N",4,11334
"GUE","13-14","N",1,9677
"GUE","13-14","N",2,8360
"GUE","13-14","N",3,7822
"GUE","13-14","N",4,12246
"GUE","14-15","N",1,8986
"GUE","14-15","N",2,7955
"GUE","14-15","N",3,7579
"GUE","14-15","N",4,12266
"GUE","15-16","N",1,8910
"GUE","15-16","N",2,7986
"GUE","15-16","N",3,7507
"GUE","15-16","N",4,12455
"GUE","16-17","N",1,8668
"GUE","16-17","N",2,7652
"GUE","16-17","N",3,7289
"GUE","16-17","N",4,12843
"LAK","07-08","N",1,2384
"LAK","07-08","N",2,1540
"LAK","07-08","N",3,1352
"LAK","07-08","N",4,1447
"LAK","08-09","N",1,2310
"LAK","08-09","N",2,1382
"LAK","08-09","N",3,1272
"LAK","08-09","N",4,1411
"LAK","09-10","N",1,2386
"LAK","09-10","N",2,1498
"LAK","09-10","N",3,1260
"LAK","09-10","N",4,1312
"LAK","10-11","N",1,2600
"LAK","10-11","N",2,1578
"LAK","10-11","N",3,1367
"LAK","10-11","N",4,1366
"LAK","11-12","N",1,2650
"LAK","11-12","N",2,1589
"LAK","11-12","N",3,1382
"LAK","11-12","N",4,1308
"LAK","12-13","N",1,2865
"LAK","12-13","N",2,1774
"LAK","12-13","N",3,1499
"LAK","12-13","N",4,1387
"LAK","13-14","N",1,2835
"LAK","13-14","N",2,1906
"LAK","13-14","N",3,1546
"LAK","13-14","N",4,1531
"LAK","14-15","N",1,2745
"LAK","14-15","N",2,1696
"LAK","14-15","N",3,1489
"LAK","14-15","N",4,1684
"LAK","15-16","N",1,2555
"LAK","15-16","N",2,1570
"LAK","15-16","N",3,1339
"LAK","15-16","N",4,1652
"LAK","16-17","N",1,2599
"LAK","16-17","N",2,1684
"LAK","16-17","N",3,1447
"LAK","16-17","N",4,1845
"LAU","07-08","N",1,2521
"LAU","07-08","N",2,1975
"LAU","07-08","N",3,1840
"LAU","07-08","N",4,1947
"LAU","08-09","N",1,2472
"LAU","08-09","N",2,1908
"LAU","08-09","N",3,1836
"LAU","08-09","N",4,1914
"LAU","09-10","N",1,2451
"LAU","09-10","N",2,1881
"LAU","09-10","N",3,1736
"LAU","09-10","N",4,1811
"LAU","10-11","N",1,2408
"LAU","10-11","N",2,1945
"LAU","10-11","N",3,1784
"LAU","10-11","N",4,1727
"LAU","11-12","N",1,2384
"LAU","11-12","N",2,1826
"LAU","11-12","N",3,1741
"LAU","11-12","N",4,1595
"LAU","12-13","N",1,2379
"LAU","12-13","N",2,1861
"LAU","12-13","N",3,1682
"LAU","12-13","N",4,1572
"LAU","13-14","N",1,2519
"LAU","13-14","N",2,2118
"LAU","13-14","N",3,2070
"LAU","13-14","N",4,2221
"LAU","14-15","N",1,2388
"LAU","14-15","N",2,2074
"LAU","14-15","N",3,1981
"LAU","14-15","N",4,2367
"LAU","15-16","N",1,2323
"LAU","15-16","N",2,1951
"LAU","15-16","N",3,1898
"LAU","15-16","N",4,2228
"LAU","16-17","N",1,2138
"LAU","16-17","N",2,1825
"LAU","16-17","N",3,1818
"LAU","16-17","N",4,1970
"MCM","07-08","N",1,8900
"MCM","07-08","N",2,8595
"MCM","07-08","N",3,8640
"MCM","07-08","N",4,12927
"MCM","08-09","N",1,9086
"MCM","08-09","N",2,8685
"MCM","08-09","N",3,8615
"MCM","08-09","N",4,13229
"MCM","09-10","N",1,9717
"MCM","09-10","N",2,9055
"MCM","09-10","N",3,8789
"MCM","09-10","N",4,12961
"MCM","10-11","N",1,9960
"MCM","10-11","N",2,9213
"MCM","10-11","N",3,8804
"MCM","10-11","N",4,12731
"MCM","11-12","N",1,10233
"MCM","11-12","N",2,9671
"MCM","11-12","N",3,9204
"MCM","11-12","N",4,13258
"MCM","12-13","N",1,10430
"MCM","12-13","N",2,9825
"MCM","12-13","N",3,9347
"MCM","12-13","N",4,13553
"MCM","13-14","N",1,10544
"MCM","13-14","N",2,9815
"MCM","13-14","N",3,9710
"MCM","13-14","N",4,14911
"MCM","14-15","N",1,10741
"MCM","14-15","N",2,10464
"MCM","14-15","N",3,9608
"MCM","14-15","N",4,15681
"MCM","15-16","N",1,10505
"MCM","15-16","N",2,10320
"MCM","15-16","N",3,9551
"MCM","15-16","N",4,16158
"MCM","16-17","N",1,10486
"MCM","16-17","N",2,10354
"MCM","16-17","N",3,9769
"MCM","16-17","N",4,17422
"NIP","07-08","N",1,1128
"NIP","07-08","N",2,888
"NIP","07-08","N",3,877
"NIP","07-08","N",4,1281
"NIP","08-09","N",1,1217
"NIP","08-09","N",2,905
"NIP","08-09","N",3,912
"NIP","08-09","N",4,1240
"NIP","09-10","N",1,1131
"NIP","09-10","N",2,880
"NIP","09-10","N",3,934
"NIP","09-10","N",4,1023
"NIP","10-11","N",1,1275
"NIP","10-11","N",2,971
"NIP","10-11","N",3,948
"NIP","10-11","N",4,1082
"NIP","11-12","N",1,1239
"NIP","11-12","N",2,903
"NIP","11-12","N",3,836
"NIP","11-12","N",4,883
"NIP","12-13","N",1,1300
"NIP","12-13","N",2,889
"NIP","12-13","N",3,917
"NIP","12-13","N",4,1007
"NIP","13-14","N",1,1391
"NIP","13-14","N",2,901
"NIP","13-14","N",3,938
"NIP","13-14","N",4,892
"NIP","14-15","N",1,1301
"NIP","14-15","N",2,994
"NIP","14-15","N",3,812
"NIP","14-15","N",4,1010
"NIP","15-16","N",1,1315
"NIP","15-16","N",2,1009
"NIP","15-16","N",3,870
"NIP","15-16","N",4,989
"NIP","16-17","N",1,1185
"NIP","16-17","N",2,862
"NIP","16-17","N",3,820
"NIP","16-17","N",4,906
"OCA","07-08","N",1,1476
"OCA","07-08","N",2,620
"OCA","07-08","N",3,386
"OCA","07-08","N",4,329
"OCA","08-09","N",1,1498
"OCA","08-09","N",2,638
"OCA","08-09","N",3,351
"OCA","08-09","N",4,332
"OCA","09-10","N",1,1685
"OCA","09-10","N",2,638
"OCA","09-10","N",3,346
"OCA","09-10","N",4,283
"OCA","10-11","N",1,1798
"OCA","10-11","N",2,641
"OCA","10-11","N",3,373
"OCA","10-11","N",4,294
"OCA","11-12","N",1,1734
"OCA","11-12","N",2,611
"OCA","11-12","N",3,345
"OCA","11-12","N",4,270
"OCA","12-13","N",1,1827
"OCA","12-13","N",2,632
"OCA","12-13","N",3,307
"OCA","12-13","N",4,263
"OCA","13-14","N",1,1799
"OCA","13-14","N",2,568
"OCA","13-14","N",3,317
"OCA","13-14","N",4,277
"OCA","14-15","N",1,1764
"OCA","14-15","N",2,505
"OCA","14-15","N",3,297
"OCA","14-15","N",4,290
"OCA","15-16","N",1,1765
"OCA","15-16","N",2,561
"OCA","15-16","N",3,357
"OCA","15-16","N",4,366
"OCA","16-17","N",1,1750
"OCA","16-17","N",2,562
"OCA","16-17","N",3,377
"OCA","16-17","N",4,376
"OTT","07-08","N",1,9488
"OTT","07-08","N",2,8367
"OTT","07-08","N",3,6886
"OTT","07-08","N",4,7139
"OTT","08-09","N",1,9587
"OTT","08-09","N",2,8121
"OTT","08-09","N",3,6949
"OTT","08-09","N",4,7266
"OTT","09-10","N",1,10062
"OTT","09-10","N",2,8783
"OTT","09-10","N",3,7386
"OTT","09-10","N",4,7443
"OTT","10-11","N",1,10272
"OTT","10-11","N",2,8903
"OTT","10-11","N",3,7712
"OTT","10-11","N",4,7474
"OTT","11-12","N",1,10577
"OTT","11-12","N",2,9530
"OTT","11-12","N",3,8099
"OTT","11-12","N",4,7780
"OTT","12-13","N",1,11049
"OTT","12-13","N",2,9720
"OTT","12-13","N",3,8472
"OTT","12-13","N",4,8277
"OTT","13-14","N",1,11286
"OTT","13-14","N",2,10150
"OTT","13-14","N",3,8884
"OTT","13-14","N",4,9860
"OTT","14-15","N",1,12685
"OTT","14-15","N",2,10959
"OTT","14-15","N",3,9148
"OTT","14-15","N",4,10508
"OTT","15-16","N",1,12812
"OTT","15-16","N",2,11256
"OTT","15-16","N",3,9627
"OTT","15-16","N",4,11170
"OTT","16-17","N",1,12235
"OTT","16-17","N",2,10935
"OTT","16-17","N",3,9358
"OTT","16-17","N",4,12094
"QUE","07-08","N",1,7491
"QUE","07-08","N",2,6175
"QUE","07-08","N",3,5301
"QUE","07-08","N",4,7684
"QUE","08-09","N",1,7829
"QUE","08-09","N",2,6276
"QUE","08-09","N",3,5430
"QUE","08-09","N",4,7858
"QUE","09-10","N",1,8026
"QUE","09-10","N",2,6227
"QUE","09-10","N",3,5248
"QUE","09-10","N",4,7218
"QUE","10-11","N",1,7991
"QUE","10-11","N",2,6135
"QUE","10-11","N",3,5125
"QUE","10-11","N",4,6924
"QUE","11-12","N",1,8205
"QUE","11-12","N",2,6218
"QUE","11-12","N",3,5271
"QUE","11-12","N",4,7326
"QUE","12-13","N",1,7925
"QUE","12-13","N",2,6257
"QUE","12-13","N",3,5426
"QUE","12-13","N",4,7426
"QUE","13-14","N",1,8383
"QUE","13-14","N",2,6425
"QUE","13-14","N",3,5326
"QUE","13-14","N",4,7660
"QUE","14-15","N",1,8194
"QUE","14-15","N",2,6521
"QUE","14-15","N",3,5681
"QUE","14-15","N",4,9048
"QUE","15-16","N",1,8540
"QUE","15-16","N",2,6651
"QUE","15-16","N",3,5685
"QUE","15-16","N",4,9430
"QUE","16-17","N",1,8854
"QUE","16-17","N",2,7259
"QUE","16-17","N",3,6323
"QUE","16-17","N",4,11127
"RYE","07-08","N",1,14465
"RYE","07-08","N",2,12059
"RYE","07-08","N",3,10936
"RYE","07-08","N",4,14536
"RYE","08-09","N",1,15831
"RYE","08-09","N",2,13097
"RYE","08-09","N",3,11518
"RYE","08-09","N",4,15239
"RYE","09-10","N",1,16821
"RYE","09-10","N",2,13595
"RYE","09-10","N",3,11755
"RYE","09-10","N",4,14840
"RYE","10-11","N",1,16595
"RYE","10-11","N",2,13679
"RYE","10-11","N",3,11913
"RYE","10-11","N",4,14450
"RYE","11-12","N",1,16422
"RYE","11-12","N",2,13982
"RYE","11-12","N",3,12331
"RYE","11-12","N",4,15037
"RYE","12-13","N",1,16898
"RYE","12-13","N",2,14517
"RYE","12-13","N",3,12781
"RYE","12-13","N",4,15796
"RYE","13-14","N",1,17643
"RYE","13-14","N",2,15816
"RYE","13-14","N",3,13753
"RYE","13-14","N",4,18141
"RYE","14-15","N",1,17388
"RYE","14-15","N",2,15214
"RYE","14-15","N",3,13416
"RYE","14-15","N",4,19258
"RYE","15-16","N",1,17665
"RYE","15-16","N",2,15506
"RYE","15-16","N",3,13669
"RYE","15-16","N",4,20095
"RYE","16-17","N",1,17962
"RYE","16-17","N",2,15877
"RYE","16-17","N",3,14018
"RYE","16-17","N",4,21364
"TOR","07-08","N",1,22436
"TOR","07-08","N",2,15779
"TOR","07-08","N",3,12127
"TOR","07-08","N",4,14963
"TOR","08-09","N",1,22122
"TOR","08-09","N",2,15649
"TOR","08-09","N",3,11632
"TOR","08-09","N",4,14941
"TOR","09-10","N",1,23468
"TOR","09-10","N",2,16163
"TOR","09-10","N",3,11933
"TOR","09-10","N",4,14792
"TOR","10-11","N",1,24546
"TOR","10-11","N",2,16413
"TOR","10-11","N",3,12331
"TOR","10-11","N",4,14787
"TOR","11-12","N",1,25989
"TOR","11-12","N",2,17224
"TOR","11-12","N",3,12956
"TOR","11-12","N",4,15225
"TOR","12-13","N",1,27427
"TOR","12-13","N",2,18152
"TOR","12-13","N",3,13386
"TOR","12-13","N",4,16095
"TOR","13-14","N",1,27779
"TOR","13-14","N",2,18418
"TOR","13-14","N",3,13518
"TOR","13-14","N",4,17385
"TOR","14-15","N",1,29045
"TOR","14-15","N",2,18310
"TOR","14-15","N",3,13423
"TOR","14-15","N",4,18582
"TOR","15-16","N",1,28011
"TOR","15-16","N",2,18431
"TOR","15-16","N",3,13462
"TOR","15-16","N",4,19150
"TOR","16-17","N",1,29714
"TOR","16-17","N",2,19488
"TOR","16-17","N",3,14184
"TOR","16-17","N",4,20216
"TRE","07-08","N",1,1965
"TRE","07-08","N",2,1846
"TRE","07-08","N",3,1910
"TRE","07-08","N",4,3082
"TRE","08-09","N",1,1983
"TRE","08-09","N",2,1744
"TRE","08-09","N",3,1846
"TRE","08-09","N",4,3029
"TRE","09-10","N",1,2047
"TRE","09-10","N",2,1735
"TRE","09-10","N",3,1757
"TRE","09-10","N",4,2601
"TRE","10-11","N",1,2096
"TRE","10-11","N",2,2005
"TRE","10-11","N",3,2051
"TRE","10-11","N",4,3033
"TRE","11-12","N",1,2214
"TRE","11-12","N",2,2094
"TRE","11-12","N",3,2107
"TRE","11-12","N",4,3019
"TRE","12-13","N",1,2293
"TRE","12-13","N",2,2254
"TRE","12-13","N",3,2223
"TRE","12-13","N",4,3150
"TRE","13-14","N",1,2193
"TRE","13-14","N",2,2221
"TRE","13-14","N",3,2383
"TRE","13-14","N",4,3214
"TRE","14-15","N",1,2265
"TRE","14-15","N",2,2263
"TRE","14-15","N",3,2349
"TRE","14-15","N",4,3483
"TRE","15-16","N",1,2245
"TRE","15-16","N",2,2224
"TRE","15-16","N",3,2325
"TRE","15-16","N",4,3356
"TRE","16-17","N",1,2461
"TRE","16-17","N",2,2553
"TRE","16-17","N",3,2687
"TRE","16-17","N",4,4089
"UOI","07-08","N",1,1935
"UOI","07-08","N",2,1416
"UOI","07-08","N",3,1446
"UOI","07-08","N",4,2884
"UOI","08-09","N",1,2094
"UOI","08-09","N",2,1697
"UOI","08-09","N",3,1634
"UOI","08-09","N",4,3296
"UOI","09-10","N",1,2090
"UOI","09-10","N",2,1760
"UOI","09-10","N",3,1798
"UOI","09-10","N",4,3395
"UOI","10-11","N",1,2293
"UOI","10-11","N",2,1953
"UOI","10-11","N",3,2016
"UOI","10-11","N",4,3713
"UOI","11-12","N",1,2596
"UOI","11-12","N",2,2180
"UOI","11-12","N",3,2209
"UOI","11-12","N",4,3797
"UOI","12-13","N",1,2875
"UOI","12-13","N",2,2407
"UOI","12-13","N",3,2400
"UOI","12-13","N",4,4178
"UOI","13-14","N",1,2947
"UOI","13-14","N",2,2331
"UOI","13-14","N",3,2348
"UOI","13-14","N",4,4408
"UOI","14-15","N",1,3090
"UOI","14-15","N",2,2407
"UOI","14-15","N",3,2371
"UOI","14-15","N",4,4588
"UOI","15-16","N",1,3058
"UOI","15-16","N",2,2441
"UOI","15-16","N",3,2387
"UOI","15-16","N",4,4704
"UOI","16-17","N",1,2884
"UOI","16-17","N",2,2260
"UOI","16-17","N",3,2233
"UOI","16-17","N",4,4729
"WAT","07-08","N",1,10118
"WAT","07-08","N",2,7980
"WAT","07-08","N",3,6545
"WAT","07-08","N",4,10043
"WAT","08-09","N",1,11193
"WAT","08-09","N",2,9211
"WAT","08-09","N",3,7399
"WAT","08-09","N",4,11118
"WAT","09-10","N",1,11024
"WAT","09-10","N",2,9061
"WAT","09-10","N",3,7356
"WAT","09-10","N",4,10748
"WAT","10-11","N",1,10537
"WAT","10-11","N",2,9013
"WAT","10-11","N",3,7040
"WAT","10-11","N",4,10248
"WAT","11-12","N",1,11377
"WAT","11-12","N",2,9587
"WAT","11-12","N",3,7567
"WAT","11-12","N",4,10861
"WAT","12-13","N",1,11712
"WAT","12-13","N",2,9909
"WAT","12-13","N",3,7717
"WAT","12-13","N",4,11061
"WAT","13-14","N",1,12176
"WAT","13-14","N",2,10214
"WAT","13-14","N",3,7842
"WAT","13-14","N",4,11831
"WAT","14-15","N",1,13078
"WAT","14-15","N",2,10689
"WAT","14-15","N",3,8033
"WAT","14-15","N",4,12252
"WAT","15-16","N",1,13219
"WAT","15-16","N",2,10718
"WAT","15-16","N",3,7718
"WAT","15-16","N",4,12454
"WAT","16-17","N",1,14335
"WAT","16-17","N",2,11978
"WAT","16-17","N",3,8687
"WAT","16-17","N",4,13512
"WON","07-08","N",1,10973
"WON","07-08","N",2,11686
"WON","07-08","N",3,10222
"WON","07-08","N",4,13578
"WON","08-09","N",1,11801
"WON","08-09","N",2,12261
"WON","08-09","N",3,10774
"WON","08-09","N",4,13956
"WON","09-10","N",1,11664
"WON","09-10","N",2,12331
"WON","09-10","N",3,10960
"WON","09-10","N",4,13834
"WON","10-11","N",1,12209
"WON","10-11","N",2,12844
"WON","10-11","N",3,11038
"WON","10-11","N",4,13542
"WON","11-12","N",1,12289
"WON","11-12","N",2,13121
"WON","11-12","N",3,11508
"WON","11-12","N",4,13888
"WON","12-13","N",1,12477
"WON","12-13","N",2,13207
"WON","12-13","N",3,11641
"WON","12-13","N",4,14478
"WON","13-14","N",1,12216
"WON","13-14","N",2,13267
"WON","13-14","N",3,11549
"WON","13-14","N",4,15638
"WON","14-15","N",1,11868
"WON","14-15","N",2,12924
"WON","14-15","N",3,11071
"WON","14-15","N",4,16294
"WON","15-16","N",1,11665
"WON","15-16","N",2,12651
"WON","15-16","N",3,10916
"WON","15-16","N",4,16762
"WON","16-17","N",1,11435
"WON","16-17","N",2,12783
"WON","16-17","N",3,11362
"WON","16-17","N",4,18181
"WLA","07-08","N",1,4738
"WLA","07-08","N",2,4646
"WLA","07-08","N",3,4575
"WLA","07-08","N",4,7597
"WLA","08-09","N",1,5064
"WLA","08-09","N",2,5038
"WLA","08-09","N",3,4864
"WLA","08-09","N",4,8378
"WLA","09-10","N",1,4890
"WLA","09-10","N",2,5141
"WLA","09-10","N",3,5015
"WLA","09-10","N",4,8044
"WLA","10-11","N",1,4707
"WLA","10-11","N",2,4947
"WLA","10-11","N",3,5044
"WLA","10-11","N",4,8241
"WLA","11-12","N",1,4928
"WLA","11-12","N",2,5336
"WLA","11-12","N",3,5218
"WLA","11-12","N",4,8331
"WLA","12-13","N",1,5003
"WLA","12-13","N",2,5185
"WLA","12-13","N",3,5299
"WLA","12-13","N",4,8753
"WLA","13-14","N",1,5029
"WLA","13-14","N",2,5379
"WLA","13-14","N",3,5512
"WLA","13-14","N",4,9543
"WLA","14-15","N",1,4489
"WLA","14-15","N",2,5027
"WLA","14-15","N",3,5213
"WLA","14-15","N",4,9595
"WLA","15-16","N",1,4807
"WLA","15-16","N",2,5195
"WLA","15-16","N",3,5231
"WLA","15-16","N",4,9958
"WLA","16-17","N",1,5568
"WLA","16-17","N",2,5680
"WLA","16-17","N",3,5774
"WLA","16-17","N",4,10658
"WIN","07-08","N",1,3423
"WIN","07-08","N",2,3026
"WIN","07-08","N",3,3220
"WIN","07-08","N",4,4510
"WIN","08-09","N",1,3383
"WIN","08-09","N",2,3014
"WIN","08-09","N",3,3230
"WIN","08-09","N",4,3955
"WIN","09-10","N",1,3176
"WIN","09-10","N",2,2868
"WIN","09-10","N",3,3037
"WIN","09-10","N",4,3753
"WIN","10-11","N",1,3223
"WIN","10-11","N",2,2876
"WIN","10-11","N",3,3087
"WIN","10-11","N",4,3708
"WIN","11-12","N",1,3364
"WIN","11-12","N",2,3096
"WIN","11-12","N",3,3245
"WIN","11-12","N",4,3524
"WIN","12-13","N",1,3494
"WIN","12-13","N",2,3297
"WIN","12-13","N",3,3309
"WIN","12-13","N",4,3603
"WIN","13-14","N",1,3638
"WIN","13-14","N",2,3403
"WIN","13-14","N",3,3508
"WIN","13-14","N",4,4049
"WIN","14-15","N",1,3361
"WIN","14-15","N",2,3261
"WIN","14-15","N",3,3273
"WIN","14-15","N",4,4157
"WIN","15-16","N",1,3029
"WIN","15-16","N",2,2851
"WIN","15-16","N",3,2977
"WIN","15-16","N",4,3929
"WIN","16-17","N",1,3067
"WIN","16-17","N",2,2875
"WIN","16-17","N",3,2885
"WIN","16-17","N",4,3884
"YOR","07-08","N",1,14818
"YOR","07-08","N",2,14878
"YOR","07-08","N",3,13092
"YOR","07-08","N",4,16514
"YOR","08-09","N",1,14355
"YOR","08-09","N",2,14794
"YOR","08-09","N",3,13280
"YOR","08-09","N",4,16500
"YOR","09-10","N",1,12680
"YOR","09-10","N",2,13559
"YOR","09-10","N",3,12283
"YOR","09-10","N",4,15100
"YOR","10-11","N",1,13436
"YOR","10-11","N",2,14601
"YOR","10-11","N",3,13305
"YOR","10-11","N",4,16303
"YOR","11-12","N",1,13388
"YOR","11-12","N",2,14624
"YOR","11-12","N",3,13404
"YOR","11-12","N",4,17058
"YOR","12-13","N",1,11802
"YOR","12-13","N",2,13613
"YOR","12-13","N",3,12932
"YOR","12-13","N",4,17279
"YOR","13-14","N",1,10894
"YOR","13-14","N",2,12809
"YOR","13-14","N",3,12394
"YOR","13-14","N",4,17932
"YOR","14-15","N",1,11088
"YOR","14-15","N",2,13277
"YOR","14-15","N",3,12761
"YOR","14-15","N",4,19735
"YOR","15-16","N",1,10465
"YOR","15-16","N",2,12308
"YOR","15-16","N",3,12152
"YOR","15-16","N",4,19863
"YOR","16-17","N",1,9821
"YOR","16-17","N",2,11910
"YOR","16-17","N",3,11858
"YOR","16-17","N",4,19998
"ALG","08-09","Y",1,0
"ALG","08-09","Y",2,0
"ALG","08-09","Y",3,0
"ALG","08-09","Y",4,0
"ALG","09-10","Y",1,0
"ALG","09-10","Y",2,0
"ALG","09-10","Y",3,0
"ALG","09-10","Y",4,0
"ALG","10-11","Y",1,202
"ALG","10-11","Y",2,25
"ALG","10-11","Y",3,25
"ALG","10-11","Y",4,20
"ALG","11-12","Y",1,223
"ALG","11-12","Y",2,53
"ALG","11-12","Y",3,45
"ALG","11-12","Y",4,42
"ALG","12-13","Y",1,226
"ALG","12-13","Y",2,45
"ALG","12-13","Y",3,28
"ALG","12-13","Y",4,25
"ALG","13-14","Y",1,203
"ALG","13-14","Y",2,43
"ALG","13-14","Y",3,24
"ALG","13-14","Y",4,18
"ALG","14-15","Y",1,197
"ALG","14-15","Y",2,41
"ALG","14-15","Y",3,26
"ALG","14-15","Y",4,20
"ALG","15-16","Y",1,167
"ALG","15-16","Y",2,32
"ALG","15-16","Y",3,23
"ALG","15-16","Y",4,23
"ALG","16-17","Y",1,128
"ALG","16-17","Y",2,22
"ALG","16-17","Y",3,20
"ALG","16-17","Y",4,24
"BRO","07-08","Y",1,2096
"BRO","07-08","Y",2,698
"BRO","07-08","Y",3,515
"BRO","07-08","Y",4,469
"BRO","08-09","Y",1,2134
"BRO","08-09","Y",2,742
"BRO","08-09","Y",3,529
"BRO","08-09","Y",4,469
"BRO","09-10","Y",1,2132
"BRO","09-10","Y",2,764
"BRO","09-10","Y",3,521
"BRO","09-10","Y",4,487
"BRO","10-11","Y",1,2217
"BRO","10-11","Y",2,823
"BRO","10-11","Y",3,544
"BRO","10-11","Y",4,490
"BRO","11-12","Y",1,2145
"BRO","11-12","Y",2,931
"BRO","11-12","Y",3,624
"BRO","11-12","Y",4,542
"BRO","12-13","Y",1,2229
"BRO","12-13","Y",2,857
"BRO","12-13","Y",3,558
"BRO","12-13","Y",4,513
"BRO","13-14","Y",1,2260
"BRO","13-14","Y",2,864
"BRO","13-14","Y",3,504
"BRO","13-14","Y",4,485
"BRO","14-15","Y",1,2229
"BRO","14-15","Y",2,818
"BRO","14-15","Y",3,504
"BRO","14-15","Y",4,474
"BRO","15-16","Y",1,2071
"BRO","15-16","Y",2,793
"BRO","15-16","Y",3,517
"BRO","15-16","Y",4,498
"BRO","16-17","Y",1,2038
"BRO","16-17","Y",2,740
"BRO","16-17","Y",3,434
"BRO","16-17","Y",4,475
"CAR","07-08","Y",1,2861
"CAR","07-08","Y",2,956
"CAR","07-08","Y",3,507
"CAR","07-08","Y",4,392
"CAR","08-09","Y",1,2764
"CAR","08-09","Y",2,1028
"CAR","08-09","Y",3,578
"CAR","08-09","Y",4,423
"CAR","09-10","Y",1,3015
"CAR","09-10","Y",2,1105
"CAR","09-10","Y",3,563
"CAR","09-10","Y",4,452
"CAR","10-11","Y",1,3151
"CAR","10-11","Y",2,1123
"CAR","10-11","Y",3,589
"CAR","10-11","Y",4,440
"CAR","11-12","Y",1,2983
"CAR","11-12","Y",2,1343
"CAR","11-12","Y",3,793
"CAR","11-12","Y",4,514
"CAR","12-13","Y",1,3338
"CAR","12-13","Y",2,1175
"CAR","12-13","Y",3,662
"CAR","12-13","Y",4,501
"CAR","13-14","Y",1,3395
"CAR","13-14","Y",2,1247
"CAR","13-14","Y",3,735
"CAR","13-14","Y",4,617
"CAR","14-15","Y",1,3325
"CAR","14-15","Y",2,1228
"CAR","14-15","Y",3,794
"CAR","14-15","Y",4,672
"CAR","15-16","Y",1,3458
"CAR","15-16","Y",2,1253
"CAR","15-16","Y",3,747
"CAR","15-16","Y",4,674
"CAR","16-17","Y",1,3538
"CAR","16-17","Y",2,1331
"CAR","16-17","Y",3,795
"CAR","16-17","Y",4,654
"GUE","07-08","Y",1,3241
"GUE","07-08","Y",2,1006
"GUE","07-08","Y",3,665
"GUE","07-08","Y",4,661
"GUE","08-09","Y",1,3535
"GUE","08-09","Y",2,1096
"GUE","08-09","Y",3,724
"GUE","08-09","Y",4,706
"GUE","09-10","Y",1,3606
"GUE","09-10","Y",2,1037
"GUE","09-10","Y",3,711
"GUE","09-10","Y",4,572
"GUE","10-11","Y",1,3742
"GUE","10-11","Y",2,1048
"GUE","10-11","Y",3,635
"GUE","10-11","Y",4,592
"GUE","11-12","Y",1,3970
"GUE","11-12","Y",2,1439
"GUE","11-12","Y",3,899
"GUE","11-12","Y",4,732
"GUE","12-13","Y",1,3737
"GUE","12-13","Y",2,1181
"GUE","12-13","Y",3,680
"GUE","12-13","Y",4,609
"GUE","13-14","Y",1,3861
"GUE","13-14","Y",2,1133
"GUE","13-14","Y",3,685
"GUE","13-14","Y",4,661
"GUE","14-15","Y",1,3860
"GUE","14-15","Y",2,1167
"GUE","14-15","Y",3,763
"GUE","14-15","Y",4,730
"GUE","15-16","Y",1,3999
"GUE","15-16","Y",2,1288
"GUE","15-16","Y",3,744
"GUE","15-16","Y",4,685
"GUE","16-17","Y",1,4107
"GUE","16-17","Y",2,1252
"GUE","16-17","Y",3,800
"GUE","16-17","Y",4,759
"LAK","07-08","Y",1,1210
"LAK","07-08","Y",2,269
"LAK","07-08","Y",3,147
"LAK","07-08","Y",4,107
"LAK","08-09","Y",1,1201
"LAK","08-09","Y",2,213
"LAK","08-09","Y",3,120
"LAK","08-09","Y",4,93
"LAK","09-10","Y",1,1146
"LAK","09-10","Y",2,222
"LAK","09-10","Y",3,130
"LAK","09-10","Y",4,89
"LAK","10-11","Y",1,1393
"LAK","10-11","Y",2,270
"LAK","10-11","Y",3,165
"LAK","10-11","Y",4,95
"LAK","11-12","Y",1,1792
"LAK","11-12","Y",2,461
"LAK","11-12","Y",3,262
"LAK","11-12","Y",4,142
"LAK","12-13","Y",1,1442
"LAK","12-13","Y",2,296
"LAK","12-13","Y",3,205
"LAK","12-13","Y",4,104
"LAK","13-14","Y",1,1426
"LAK","13-14","Y",2,313
"LAK","13-14","Y",3,169
"LAK","13-14","Y",4,143
"LAK","14-15","Y",1,1335
"LAK","14-15","Y",2,266
"LAK","14-15","Y",3,192
"LAK","14-15","Y",4,128
"LAK","15-16","Y",1,1269
"LAK","15-16","Y",2,246
"LAK","15-16","Y",3,143
"LAK","15-16","Y",4,134
"LAK","16-17","Y",1,1242
"LAK","16-17","Y",2,280
"LAK","16-17","Y",3,144
"LAK","16-17","Y",4,115
"LAU","07-08","Y",1,1231
"LAU","07-08","Y",2,261
"LAU","07-08","Y",3,175
"LAU","07-08","Y",4,115
"LAU","08-09","Y",1,1195
"LAU","08-09","Y",2,286
"LAU","08-09","Y",3,196
"LAU","08-09","Y",4,119
"LAU","09-10","Y",1,1175
"LAU","09-10","Y",2,290
"LAU","09-10","Y",3,185
"LAU","09-10","Y",4,115
"LAU","10-11","Y",1,1201
"LAU","10-11","Y",2,302
"LAU","10-11","Y",3,193
"LAU","10-11","Y",4,115
"LAU","11-12","Y",1,1133
"LAU","11-12","Y",2,309
"LAU","11-12","Y",3,195
"LAU","11-12","Y",4,108
"LAU","12-13","Y",1,1149
"LAU","12-13","Y",2,257
"LAU","12-13","Y",3,164
"LAU","12-13","Y",4,109
"LAU","13-14","Y",1,1319
"LAU","13-14","Y",2,329
"LAU","13-14","Y",3,207
"LAU","13-14","Y",4,157
"LAU","14-15","Y",1,1169
"LAU","14-15","Y",2,355
"LAU","14-15","Y",3,191
"LAU","14-15","Y",4,156
"LAU","15-16","Y",1,1147
"LAU","15-16","Y",2,305
"LAU","15-16","Y",3,193
"LAU","15-16","Y",4,133
"LAU","16-17","Y",1,955
"LAU","16-17","Y",2,271
"LAU","16-17","Y",3,152
"LAU","16-17","Y",4,101
"MCM","07-08","Y",1,3018
"MCM","07-08","Y",2,1386
"MCM","07-08","Y",3,786
"MCM","07-08","Y",4,680
"MCM","08-09","Y",1,2902
"MCM","08-09","Y",2,1303
"MCM","08-09","Y",3,714
"MCM","08-09","Y",4,706
"MCM","09-10","Y",1,2934
"MCM","09-10","Y",2,1370
"MCM","09-10","Y",3,717
"MCM","09-10","Y",4,660
"MCM","10-11","Y",1,3053
"MCM","10-11","Y",2,1320
"MCM","10-11","Y",3,777
"MCM","10-11","Y",4,707
"MCM","11-12","Y",1,3600
"MCM","11-12","Y",2,1872
"MCM","11-12","Y",3,1150
"MCM","11-12","Y",4,942
"MCM","12-13","Y",1,2948
"MCM","12-13","Y",2,1319
"MCM","12-13","Y",3,749
"MCM","12-13","Y",4,675
"MCM","13-14","Y",1,2915
"MCM","13-14","Y",2,1388
"MCM","13-14","Y",3,801
"MCM","13-14","Y",4,803
"MCM","14-15","Y",1,2779
"MCM","14-15","Y",2,1457
"MCM","14-15","Y",3,862
"MCM","14-15","Y",4,803
"MCM","15-16","Y",1,2816
"MCM","15-16","Y",2,1353
"MCM","15-16","Y",3,811
"MCM","15-16","Y",4,791
"MCM","16-17","Y",1,2970
"MCM","16-17","Y",2,1579
"MCM","16-17","Y",3,1020
"MCM","16-17","Y",4,1100
"NIP","07-08","Y",1,649
"NIP","07-08","Y",2,207
"NIP","07-08","Y",3,109
"NIP","07-08","Y",4,114
"NIP","08-09","Y",1,674
"NIP","08-09","Y",2,177
"NIP","08-09","Y",3,116
"NIP","08-09","Y",4,104
"NIP","09-10","Y",1,610
"NIP","09-10","Y",2,165
"NIP","09-10","Y",3,137
"NIP","09-10","Y",4,87
"NIP","10-11","Y",1,703
"NIP","10-11","Y",2,179
"NIP","10-11","Y",3,112
"NIP","10-11","Y",4,85
"NIP","11-12","Y",1,916
"NIP","11-12","Y",2,246
"NIP","11-12","Y",3,162
"NIP","11-12","Y",4,100
"NIP","12-13","Y",1,712
"NIP","12-13","Y",2,157
"NIP","12-13","Y",3,127
"NIP","12-13","Y",4,83
"NIP","13-14","Y",1,731
"NIP","13-14","Y",2,152
"NIP","13-14","Y",3,116
"NIP","13-14","Y",4,76
"NIP","14-15","Y",1,680
"NIP","14-15","Y",2,174
"NIP","14-15","Y",3,88
"NIP","14-15","Y",4,86
"NIP","15-16","Y",1,683
"NIP","15-16","Y",2,184
"NIP","15-16","Y",3,98
"NIP","15-16","Y",4,45
"NIP","16-17","Y",1,598
"NIP","16-17","Y",2,149
"NIP","16-17","Y",3,84
"NIP","16-17","Y",4,50
"OCA","07-08","Y",1,697
"OCA","07-08","Y",2,127
"OCA","07-08","Y",3,61
"OCA","07-08","Y",4,36
"OCA","08-09","Y",1,716
"OCA","08-09","Y",2,123
"OCA","08-09","Y",3,42
"OCA","08-09","Y",4,26
"OCA","09-10","Y",1,872
"OCA","09-10","Y",2,154
"OCA","09-10","Y",3,40
"OCA","09-10","Y",4,45
"OCA","10-11","Y",1,978
"OCA","10-11","Y",2,153
"OCA","10-11","Y",3,65
"OCA","10-11","Y",4,31
"OCA","11-12","Y",1,782
"OCA","11-12","Y",2,156
"OCA","11-12","Y",3,49
"OCA","11-12","Y",4,32
"OCA","12-13","Y",1,1011
"OCA","12-13","Y",2,179
"OCA","12-13","Y",3,50
"OCA","12-13","Y",4,35
"OCA","13-14","Y",1,1010
"OCA","13-14","Y",2,158
"OCA","13-14","Y",3,57
"OCA","13-14","Y",4,35
"OCA","14-15","Y",1,921
"OCA","14-15","Y",2,123
"OCA","14-15","Y",3,42
"OCA","14-15","Y",4,32
"OCA","15-16","Y",1,1016
"OCA","15-16","Y",2,164
"OCA","15-16","Y",3,71
"OCA","15-16","Y",4,41
"OCA","16-17","Y",1,979
"OCA","16-17","Y",2,153
"OCA","16-17","Y",3,62
"OCA","16-17","Y",4,51
"OTT","07-08","Y",1,4191
"OTT","07-08","Y",2,1434
"OTT","07-08","Y",3,775
"OTT","07-08","Y",4,568
"OTT","08-09","Y",1,4152
"OTT","08-09","Y",2,1381
"OTT","08-09","Y",3,705
"OTT","08-09","Y",4,554
"OTT","09-10","Y",1,4639
"OTT","09-10","Y",2,1527
"OTT","09-10","Y",3,785
"OTT","09-10","Y",4,606
"OTT","10-11","Y",1,4687
"OTT","10-11","Y",2,1522
"OTT","10-11","Y",3,835
"OTT","10-11","Y",4,585
"OTT","11-12","Y",1,4315
"OTT","11-12","Y",2,1865
"OTT","11-12","Y",3,1092
"OTT","11-12","Y",4,638
"OTT","12-13","Y",1,4818
"OTT","12-13","Y",2,1592
"OTT","12-13","Y",3,983
"OTT","12-13","Y",4,665
"OTT","13-14","Y",1,4768
"OTT","13-14","Y",2,1599
"OTT","13-14","Y",3,870
"OTT","13-14","Y",4,719
"OTT","14-15","Y",1,4654
"OTT","14-15","Y",2,1565
"OTT","14-15","Y",3,848
"OTT","14-15","Y",4,787
"OTT","15-16","Y",1,4791
"OTT","15-16","Y",2,1594
"OTT","15-16","Y",3,930
"OTT","15-16","Y",4,713
"OTT","16-17","Y",1,4645
"OTT","16-17","Y",2,1432
"OTT","16-17","Y",3,897
"OTT","16-17","Y",4,812
"QUE","07-08","Y",1,2234
"QUE","07-08","Y",2,667
"QUE","07-08","Y",3,320
"QUE","07-08","Y",4,253
"QUE","08-09","Y",1,2496
"QUE","08-09","Y",2,790
"QUE","08-09","Y",3,335
"QUE","08-09","Y",4,297
"QUE","09-10","Y",1,2575
"QUE","09-10","Y",2,688
"QUE","09-10","Y",3,308
"QUE","09-10","Y",4,228
"QUE","10-11","Y",1,2656
"QUE","10-11","Y",2,745
"QUE","10-11","Y",3,317
"QUE","10-11","Y",4,259
"QUE","11-12","Y",1,2363
"QUE","11-12","Y",2,771
"QUE","11-12","Y",3,396
"QUE","11-12","Y",4,338
"QUE","12-13","Y",1,2809
"QUE","12-13","Y",2,800
"QUE","12-13","Y",3,391
"QUE","12-13","Y",4,299
"QUE","13-14","Y",1,2866
"QUE","13-14","Y",2,801
"QUE","13-14","Y",3,382
"QUE","13-14","Y",4,308
"QUE","14-15","Y",1,2859
"QUE","14-15","Y",2,867
"QUE","14-15","Y",3,441
"QUE","14-15","Y",4,445
"QUE","15-16","Y",1,2932
"QUE","15-16","Y",2,945
"QUE","15-16","Y",3,477
"QUE","15-16","Y",4,546
"QUE","16-17","Y",1,2938
"QUE","16-17","Y",2,938
"QUE","16-17","Y",3,448
"QUE","16-17","Y",4,542
"RYE","07-08","Y",1,3455
"RYE","07-08","Y",2,1296
"RYE","07-08","Y",3,823
"RYE","07-08","Y",4,727
"RYE","08-09","Y",1,3902
"RYE","08-09","Y",2,1449
"RYE","08-09","Y",3,846
"RYE","08-09","Y",4,808
"RYE","09-10","Y",1,3675
"RYE","09-10","Y",2,1453
"RYE","09-10","Y",3,836
"RYE","09-10","Y",4,719
"RYE","10-11","Y",1,3922
"RYE","10-11","Y",2,1627
"RYE","10-11","Y",3,911
"RYE","10-11","Y",4,740
"RYE","11-12","Y",1,4216
"RYE","11-12","Y",2,1968
"RYE","11-12","Y",3,1253
"RYE","11-12","Y",4,917
"RYE","12-13","Y",1,4193
"RYE","12-13","Y",2,1798
"RYE","12-13","Y",3,1131
"RYE","12-13","Y",4,1001
"RYE","13-14","Y",1,4428
"RYE","13-14","Y",2,1992
"RYE","13-14","Y",3,1209
"RYE","13-14","Y",4,1036
"RYE","14-15","Y",1,4520
"RYE","14-15","Y",2,1984
"RYE","14-15","Y",3,1258
"RYE","14-15","Y",4,1171
"RYE","15-16","Y",1,4810
"RYE","15-16","Y",2,2070
"RYE","15-16","Y",3,1238
"RYE","15-16","Y",4,1152
"RYE","16-17","Y",1,4999
"RYE","16-17","Y",2,2195
"RYE","16-17","Y",3,1265
"RYE","16-17","Y",4,1301
"TOR","07-08","Y",1,8390
"TOR","07-08","Y",2,2500
"TOR","07-08","Y",3,1160
"TOR","07-08","Y",4,1023
"TOR","08-09","Y",1,8359
"TOR","08-09","Y",2,2434
"TOR","08-09","Y",3,1162
"TOR","08-09","Y",4,995
"TOR","09-10","Y",1,7706
"TOR","09-10","Y",2,2484
"TOR","09-10","Y",3,1204
"TOR","09-10","Y",4,1017
"TOR","10-11","Y",1,8956
"TOR","10-11","Y",2,2461
"TOR","10-11","Y",3,1230
"TOR","10-11","Y",4,973
"TOR","11-12","Y",1,7717
"TOR","11-12","Y",2,2724
"TOR","11-12","Y",3,1415
"TOR","11-12","Y",4,1072
"TOR","12-13","Y",1,9715
"TOR","12-13","Y",2,2808
"TOR","12-13","Y",3,1336
"TOR","12-13","Y",4,1148
"TOR","13-14","Y",1,9274
"TOR","13-14","Y",2,2891
"TOR","13-14","Y",3,1478
"TOR","13-14","Y",4,1319
"TOR","14-15","Y",1,9617
"TOR","14-15","Y",2,2891
"TOR","14-15","Y",3,1490
"TOR","14-15","Y",4,1497
"TOR","15-16","Y",1,10114
"TOR","15-16","Y",2,3203
"TOR","15-16","Y",3,1667
"TOR","15-16","Y",4,1686
"TOR","16-17","Y",1,9679
"TOR","16-17","Y",2,2972
"TOR","16-17","Y",3,1478
"TOR","16-17","Y",4,1499
"TRE","07-08","Y",1,965
"TRE","07-08","Y",2,352
"TRE","07-08","Y",3,210
"TRE","07-08","Y",4,237
"TRE","08-09","Y",1,1060
"TRE","08-09","Y",2,344
"TRE","08-09","Y",3,255
"TRE","08-09","Y",4,250
"TRE","09-10","Y",1,1116
"TRE","09-10","Y",2,419
"TRE","09-10","Y",3,274
"TRE","09-10","Y",4,234
"TRE","10-11","Y",1,1104
"TRE","10-11","Y",2,403
"TRE","10-11","Y",3,262
"TRE","10-11","Y",4,234
"TRE","11-12","Y",1,1147
"TRE","11-12","Y",2,458
"TRE","11-12","Y",3,283
"TRE","11-12","Y",4,250
"TRE","12-13","Y",1,1136
"TRE","12-13","Y",2,438
"TRE","12-13","Y",3,274
"TRE","12-13","Y",4,249
"TRE","13-14","Y",1,1131
"TRE","13-14","Y",2,457
"TRE","13-14","Y",3,305
"TRE","13-14","Y",4,269
"TRE","14-15","Y",1,1084
"TRE","14-15","Y",2,436
"TRE","14-15","Y",3,321
"TRE","14-15","Y",4,256
"TRE","15-16","Y",1,1195
"TRE","15-16","Y",2,432
"TRE","15-16","Y",3,293
"TRE","15-16","Y",4,225
"TRE","16-17","Y",1,1172
"TRE","16-17","Y",2,490
"TRE","16-17","Y",3,362
"TRE","16-17","Y",4,270
"UOI","07-08","Y",1,768
"UOI","07-08","Y",2,232
"UOI","07-08","Y",3,197
"UOI","07-08","Y",4,286
"UOI","08-09","Y",1,823
"UOI","08-09","Y",2,292
"UOI","08-09","Y",3,179
"UOI","08-09","Y",4,275
"UOI","09-10","Y",1,1008
"UOI","09-10","Y",2,360
"UOI","09-10","Y",3,302
"UOI","09-10","Y",4,337
"UOI","10-11","Y",1,1054
"UOI","10-11","Y",2,393
"UOI","10-11","Y",3,302
"UOI","10-11","Y",4,366
"UOI","11-12","Y",1,1329
"UOI","11-12","Y",2,543
"UOI","11-12","Y",3,384
"UOI","11-12","Y",4,375
"UOI","12-13","Y",1,1318
"UOI","12-13","Y",2,460
"UOI","12-13","Y",3,354
"UOI","12-13","Y",4,401
"UOI","13-14","Y",1,1345
"UOI","13-14","Y",2,473
"UOI","13-14","Y",3,363
"UOI","13-14","Y",4,463
"UOI","14-15","Y",1,1343
"UOI","14-15","Y",2,450
"UOI","14-15","Y",3,352
"UOI","14-15","Y",4,424
"UOI","15-16","Y",1,1362
"UOI","15-16","Y",2,463
"UOI","15-16","Y",3,327
"UOI","15-16","Y",4,353
"UOI","16-17","Y",1,1376
"UOI","16-17","Y",2,437
"UOI","16-17","Y",3,316
"UOI","16-17","Y",4,425
"WAT","07-08","Y",1,3852
"WAT","07-08","Y",2,1169
"WAT","07-08","Y",3,573
"WAT","07-08","Y",4,601
"WAT","08-09","Y",1,3975
"WAT","08-09","Y",2,1300
"WAT","08-09","Y",3,619
"WAT","08-09","Y",4,578
"WAT","09-10","Y",1,4077
"WAT","09-10","Y",2,1231
"WAT","09-10","Y",3,606
"WAT","09-10","Y",4,597
"WAT","10-11","Y",1,4163
"WAT","10-11","Y",2,1372
"WAT","10-11","Y",3,687
"WAT","10-11","Y",4,581
"WAT","11-12","Y",1,3454
"WAT","11-12","Y",2,1274
"WAT","11-12","Y",3,692
"WAT","11-12","Y",4,585
"WAT","12-13","Y",1,4136
"WAT","12-13","Y",2,1357
"WAT","12-13","Y",3,685
"WAT","12-13","Y",4,607
"WAT","13-14","Y",1,4366
"WAT","13-14","Y",2,1595
"WAT","13-14","Y",3,770
"WAT","13-14","Y",4,729
"WAT","14-15","Y",1,4171
"WAT","14-15","Y",2,1511
"WAT","14-15","Y",3,734
"WAT","14-15","Y",4,666
"WAT","15-16","Y",1,4252
"WAT","15-16","Y",2,1427
"WAT","15-16","Y",3,670
"WAT","15-16","Y",4,696
"WAT","16-17","Y",1,4352
"WAT","16-17","Y",2,1636
"WAT","16-17","Y",3,775
"WAT","16-17","Y",4,837
"WON","07-08","Y",1,3754
"WON","07-08","Y",2,1623
"WON","07-08","Y",3,764
"WON","07-08","Y",4,565
"WON","08-09","Y",1,3981
"WON","08-09","Y",2,1681
"WON","08-09","Y",3,751
"WON","08-09","Y",4,562
"WON","09-10","Y",1,4033
"WON","09-10","Y",2,1653
"WON","09-10","Y",3,826
"WON","09-10","Y",4,577
"WON","10-11","Y",1,4189
"WON","10-11","Y",2,1695
"WON","10-11","Y",3,868
"WON","10-11","Y",4,653
"WON","11-12","Y",1,4202
"WON","11-12","Y",2,2084
"WON","11-12","Y",3,1188
"WON","11-12","Y",4,774
"WON","12-13","Y",1,4115
"WON","12-13","Y",2,1755
"WON","12-13","Y",3,854
"WON","12-13","Y",4,646
"WON","13-14","Y",1,3902
"WON","13-14","Y",2,1798
"WON","13-14","Y",3,962
"WON","13-14","Y",4,754
"WON","14-15","Y",1,3907
"WON","14-15","Y",2,1890
"WON","14-15","Y",3,965
"WON","14-15","Y",4,862
"WON","15-16","Y",1,3973
"WON","15-16","Y",2,1809
"WON","15-16","Y",3,927
"WON","15-16","Y",4,795
"WON","16-17","Y",1,3774
"WON","16-17","Y",2,1888
"WON","16-17","Y",3,983
"WON","16-17","Y",4,944
"WLA","07-08","Y",1,2050
"WLA","07-08","Y",2,796
"WLA","07-08","Y",3,481
"WLA","07-08","Y",4,457
"WLA","08-09","Y",1,2224
"WLA","08-09","Y",2,820
"WLA","08-09","Y",3,493
"WLA","08-09","Y",4,419
"WLA","09-10","Y",1,2391
"WLA","09-10","Y",2,988
"WLA","09-10","Y",3,546
"WLA","09-10","Y",4,514
"WLA","10-11","Y",1,2369
"WLA","10-11","Y",2,953
"WLA","10-11","Y",3,678
"WLA","10-11","Y",4,637
"WLA","11-12","Y",1,2393
"WLA","11-12","Y",2,1043
"WLA","11-12","Y",3,699
"WLA","11-12","Y",4,598
"WLA","12-13","Y",1,2406
"WLA","12-13","Y",2,996
"WLA","12-13","Y",3,683
"WLA","12-13","Y",4,635
"WLA","13-14","Y",1,2339
"WLA","13-14","Y",2,981
"WLA","13-14","Y",3,643
"WLA","13-14","Y",4,620
"WLA","14-15","Y",1,1986
"WLA","14-15","Y",2,853
"WLA","14-15","Y",3,593
"WLA","14-15","Y",4,586
"WLA","15-16","Y",1,2224
"WLA","15-16","Y",2,1011
"WLA","15-16","Y",3,590
"WLA","15-16","Y",4,613
"WLA","16-17","Y",1,2462
"WLA","16-17","Y",2,987
"WLA","16-17","Y",3,597
"WLA","16-17","Y",4,613
"WIN","07-08","Y",1,1711
"WIN","07-08","Y",2,554
"WIN","07-08","Y",3,386
"WIN","07-08","Y",4,282
"WIN","08-09","Y",1,1737
"WIN","08-09","Y",2,549
"WIN","08-09","Y",3,383
"WIN","08-09","Y",4,272
"WIN","09-10","Y",1,1575
"WIN","09-10","Y",2,585
"WIN","09-10","Y",3,358
"WIN","09-10","Y",4,261
"WIN","10-11","Y",1,1669
"WIN","10-11","Y",2,555
"WIN","10-11","Y",3,375
"WIN","10-11","Y",4,246
"WIN","11-12","Y",1,1472
"WIN","11-12","Y",2,603
"WIN","11-12","Y",3,461
"WIN","11-12","Y",4,259
"WIN","12-13","Y",1,1729
"WIN","12-13","Y",2,623
"WIN","12-13","Y",3,413
"WIN","12-13","Y",4,266
"WIN","13-14","Y",1,1827
"WIN","13-14","Y",2,612
"WIN","13-14","Y",3,412
"WIN","13-14","Y",4,248
"WIN","14-15","Y",1,1630
"WIN","14-15","Y",2,551
"WIN","14-15","Y",3,375
"WIN","14-15","Y",4,241
"WIN","15-16","Y",1,1478
"WIN","15-16","Y",2,498
"WIN","15-16","Y",3,321
"WIN","15-16","Y",4,224
"WIN","16-17","Y",1,1529
"WIN","16-17","Y",2,458
"WIN","16-17","Y",3,303
"WIN","16-17","Y",4,232
"YOR","07-08","Y",1,5229
"YOR","07-08","Y",2,2346
"YOR","07-08","Y",3,1385
"YOR","07-08","Y",4,973
"YOR","08-09","Y",1,5530
"YOR","08-09","Y",2,2543
"YOR","08-09","Y",3,1381
"YOR","08-09","Y",4,1186
"YOR","09-10","Y",1,4834
"YOR","09-10","Y",2,2436
"YOR","09-10","Y",3,1515
"YOR","09-10","Y",4,1147
"YOR","10-11","Y",1,4989
"YOR","10-11","Y",2,2513
"YOR","10-11","Y",3,1583
"YOR","10-11","Y",4,1205
"YOR","11-12","Y",1,5364
"YOR","11-12","Y",2,3239
"YOR","11-12","Y",3,2112
"YOR","11-12","Y",4,1313
"YOR","12-13","Y",1,4338
"YOR","12-13","Y",2,2529
"YOR","12-13","Y",3,1611
"YOR","12-13","Y",4,1317
"YOR","13-14","Y",1,4089
"YOR","13-14","Y",2,2342
"YOR","13-14","Y",3,1574
"YOR","13-14","Y",4,1397
"YOR","14-15","Y",1,3889
"YOR","14-15","Y",2,2177
"YOR","14-15","Y",3,1425
"YOR","14-15","Y",4,1301
"YOR","15-16","Y",1,3839
"YOR","15-16","Y",2,2225
"YOR","15-16","Y",3,1418
"YOR","15-16","Y",4,1385
"YOR","16-17","Y",1,3752
"YOR","16-17","Y",2,2256
"YOR","16-17","Y",3,1522
"YOR","16-17","Y",4,1518
